dataset,n,chunk_size,merge_seed,method,statistic,estimate,oracle_decimal,absolute_error,relative_error,ulp_error,binary64
centered,12000,31,,naive,sum,0.00099999999999999742,0.001000000000000008694434061595757157192565500736236572265625,1.1275702593849246113677509129047393798828125E-17,1.1275702593849148077824808743384727465726733850851541993160521169927441655543396E-14,52,3f50624dd2f1a9f0
centered,12000,31,,naive,mean,8.3333333333333113e-08,8.3333333333334057869505132979763099380458394686381022135416666666666666666666667E-8,9.44477029228013807241974101695329106102387110392252604166666666667E-22,1.1333724350736067146584649443423929225898179258662789786619918382982826102163342E-14,71.362666666666669,3e765e9f80f29201
centered,12000,31,,naive,population_variance,0.00085002274999306752,0.0008500227499930555926023897850401163691916700819056878998219619222244722173709595,1.19229771469786411734434746939322430242583811630777755277826290405E-17,1.4026656518400299275205976868819892474560419281759849972486799595797507273261872E-14,109.97005401350134,3f4bda81f4bee9c9
centered,12000,31,,welford,sum,0.0010000000000000087,0.001000000000000008694434061595757157192565500736236572265625,0E-60,0,0,3f50624dd2f1aa24
centered,12000,31,,welford,mean,8.3333333333287996e-08,8.3333333333334057869505132979763099380458394686381022135416666666666666666666667E-8,4.6062216360320355305428089801959382990996042887369791666666666666667E-20,5.5274659632383945784630256851360312746802608590613649755053898578855648995452547E-13,3480.3626666666669,3e765e9f80f284b0
centered,12000,31,,welford,population_variance,0.0008500227499930557,0.0008500227499930555926023897850401163691916700819056878998219619222244722173709595,1.051734668866428427622391644498783697173655380777755277826290405E-19,1.2373017885403899546403997756463707619075631563110617015600314788742339351455792E-16,0.97005401350133336,3f4bda81f4bee95c
centered,12000,31,,chan_left,sum,0.0010000000000000087,0.001000000000000008694434061595757157192565500736236572265625,0E-60,0,0,3f50624dd2f1aa24
centered,12000,31,,chan_left,mean,8.3333333333393557e-08,8.3333333333334057869505132979763099380458394686381022135416666666666666666666667E-8,5.9499264691246824450961601845240996529658635457356770833333333333333E-20,7.1399117629495568566233636445904260007061051820657992753746878236247183004736375E-13,4495.6373333333331,3e765e9f80f2a3d8
centered,12000,31,,chan_left,population_variance,0.0008500227499930544,0.0008500227499930555926023897850401163691916700819056878998219619222244722173709595,1.1958691400959624780467041965940516839935719619222244722173709595E-18,1.4068672163253658059754393132157580135380139191720582851464698555522188684759721E-15,11.029945986498667,3f4bda81f4bee950
centered,12000,31,,chan_balanced,sum,0.0010000000000000087,0.001000000000000008694434061595757157192565500736236572265625,0E-60,0,0,3f50624dd2f1aa24
centered,12000,31,,chan_balanced,mean,8.3333333333399314e-08,8.3333333333334057869505132979763099380458394686381022135416666666666666666666667E-8,6.5256441754615897068066606342047937990476687749226888020833333333333E-20,7.8307730105538395640284011769915053531124578936869522905618535447201261730925214E-13,4930.6373333333331,3e765e9f80f2a58b
centered,12000,31,,chan_balanced,population_variance,0.0008500227499930557,0.0008500227499930555926023897850401163691916700819056878998219619222244722173709595,1.051734668866428427622391644498783697173655380777755277826290405E-19,1.2373017885403899546403997756463707619075631563110617015600314788742339351455792E-16,0.97005401350133336,3f4bda81f4bee95c
centered,12000,31,0,chan_random,sum,0.0010000000000000087,0.001000000000000008694434061595757157192565500736236572265625,0E-60,0,0,3f50624dd2f1aa24
centered,12000,31,0,chan_random,mean,8.3333333333389838e-08,8.3333333333334057869505132979763099380458394686381022135416666666666666666666667E-8,5.5780260657208412024739748365694443540026744206746419270833333333333E-20,6.6936312788649512456329830776830620971976336603059280172882658290780295367818987E-13,4214.6373333333331,3e765e9f80f2a2bf
centered,12000,31,0,chan_random,population_variance,0.00085002274999305559,0.0008500227499930555926023897850401163691916700819056878998219619222244722173709595,3.2467503619076006385061156371158014252125869222244722173709595E-21,3.8196040775780713225832966670625146199745372691575344525362690658801283179862503E-18,0.029945986498666689,3f4bda81f4bee95b
centered,12000,31,1,chan_random,sum,0.0010000000000000087,0.001000000000000008694434061595757157192565500736236572265625,0E-60,0,0,3f50624dd2f1aa24
centered,12000,31,1,chan_random,mean,8.333333333343616e-08,8.3333333333334057869505132979763099380458394686381022135416666666666666666666667E-8,1.02102374960177961817538635121612363339712222417195638020833333333333E-19,1.2252284995221248891420641384358413208513115248062331587759714159730736557853378E-12,7714.6373333333331,3e765e9f80f2b06b
centered,12000,31,1,chan_random,population_variance,0.00085002274999305591,0.0008500227499930555926023897850401163691916700819056878998219619222244722173709595,3.220139013837437295637297246238667120025217880777755277826290405E-19,3.7882974471727312903728652602803625781221802143163357937308198179403043717964625E-16,2.9700540135013331,3f4bda81f4bee95e
centered,12000,31,2,chan_random,sum,0.0010000000000000087,0.001000000000000008694434061595757157192565500736236572265625,0E-60,0,0,3f50624dd2f1aa24
centered,12000,31,2,chan_random,mean,8.3333333333374221e-08,8.3333333333334057869505132979763099380458394686381022135416666666666666666666667E-8,4.0163090692207249523167552259413544864704211552937825520833333333333E-20,4.8195708830648280393388582771468008653826998678623405278150346776008311696777998E-13,3034.6373333333331,3e765e9f80f29e23
centered,12000,31,2,chan_random,population_variance,0.0008500227499930557,0.0008500227499930555926023897850401163691916700819056878998219619222244722173709595,1.051734668866428427622391644498783697173655380777755277826290405E-19,1.2373017885403899546403997756463707619075631563110617015600314788742339351455792E-16,0.97005401350133336,3f4bda81f4bee95c
centered,12000,31,3,chan_random,sum,0.0010000000000000087,0.001000000000000008694434061595757157192565500736236572265625,0E-60,0,0,3f50624dd2f1aa24
centered,12000,31,3,chan_random,mean,8.3333333333384213e-08,8.3333333333334057869505132979763099380458394686381022135416666666666666666666667E-8,5.0155432491847823835614169259618696135779221852620442708333333333333E-20,6.0186518990216865315016245690153408908236108960783647265881613889273436842232190E-13,3789.6373333333331,3e765e9f80f2a116
centered,12000,31,3,chan_random,population_variance,0.00085002274999305559,0.0008500227499930555926023897850401163691916700819056878998219619222244722173709595,3.2467503619076006385061156371158014252125869222244722173709595E-21,3.8196040775780713225832966670625146199745372691575344525362690658801283179862503E-18,0.029945986498666689,3f4bda81f4bee95b
centered,12000,31,4,chan_random,sum,0.0010000000000000087,0.001000000000000008694434061595757157192565500736236572265625,0E-60,0,0,3f50624dd2f1aa24
centered,12000,31,4,chan_random,mean,8.3333333333421761e-08,8.3333333333334057869505132979763099380458394686381022135416666666666666666666667E-8,8.7702814856854856053377152610058449984838565190633138020833333333333E-20,1.0524337782822491223244363602169046920195616971639769563567446792944980775303158E-12,6626.6373333333331,3e765e9f80f2ac2b
centered,12000,31,4,chan_random,population_variance,0.0008500227499930557,0.0008500227499930555926023897850401163691916700819056878998219619222244722173709595,1.051734668866428427622391644498783697173655380777755277826290405E-19,1.2373017885403899546403997756463707619075631563110617015600314788742339351455792E-16,0.97005401350133336,3f4bda81f4bee95c
centered,12000,31,5,chan_random,sum,0.0010000000000000087,0.001000000000000008694434061595757157192565500736236572265625,0E-60,0,0,3f50624dd2f1aa24
centered,12000,31,5,chan_random,mean,8.3333333333432256e-08,8.3333333333334057869505132979763099380458394686381022135416666666666666666666667E-8,9.8198082468927671192145586095042138670881589253743489583333333333333E-20,1.1783769896271218089847110184224347900559381799951434715391406371861436966077354E-12,7419.6373333333331,3e765e9f80f2af44
centered,12000,31,5,chan_random,population_variance,0.0008500227499930557,0.0008500227499930555926023897850401163691916700819056878998219619222244722173709595,1.051734668866428427622391644498783697173655380777755277826290405E-19,1.2373017885403899546403997756463707619075631563110617015600314788742339351455792E-16,0.97005401350133336,3f4bda81f4bee95c
centered,12000,31,6,chan_random,sum,0.0010000000000000087,0.001000000000000008694434061595757157192565500736236572265625,0E-60,0,0,3f50624dd2f1aa24
centered,12000,31,6,chan_random,mean,8.3333333333358379e-08,8.3333333333334057869505132979763099380458394686381022135416666666666666666666667E-8,2.4320927600591663494030332988889616293211778004964192708333333333333E-20,2.9185113120709742444794791362638307853128051648496505067137993485176053684713537E-13,1837.6373333333333,3e765e9f80f29976
centered,12000,31,6,chan_random,population_variance,0.0008500227499930557,0.0008500227499930555926023897850401163691916700819056878998219619222244722173709595,1.051734668866428427622391644498783697173655380777755277826290405E-19,1.2373017885403899546403997756463707619075631563110617015600314788742339351455792E-16,0.97005401350133336,3f4bda81f4bee95c
centered,12000,31,7,chan_random,sum,0.0010000000000000087,0.001000000000000008694434061595757157192565500736236572265625,0E-60,0,0,3f50624dd2f1aa24
centered,12000,31,7,chan_random,mean,8.3333333333364268e-08,8.3333333333334057869505132979763099380458394686381022135416666666666666666666667E-8,3.0210453561969220539114762876427751810600360234578450520833333333333E-20,3.6252544274362749451581956923982682837514878238643932463880263505577352611504418E-13,2282.6373333333331,3e765e9f80f29b33
centered,12000,31,7,chan_random,population_variance,0.0008500227499930557,0.0008500227499930555926023897850401163691916700819056878998219619222244722173709595,1.051734668866428427622391644498783697173655380777755277826290405E-19,1.2373017885403899546403997756463707619075631563110617015600314788742339351455792E-16,0.97005401350133336,3f4bda81f4bee95c
centered,12000,31,8,chan_random,sum,0.0010000000000000087,0.001000000000000008694434061595757157192565500736236572265625,0E-60,0,0,3f50624dd2f1aa24
centered,12000,31,8,chan_random,mean,8.333333333340756e-08,8.3333333333334057869505132979763099380458394686381022135416666666666666666666667E-8,7.3501778100544476931184808184601327714820702870686848958333333333333E-20,8.8202133720652605449786043555797178509266136163075921261057713475763080228432448E-13,5553.6373333333331,3e765e9f80f2a7fa
centered,12000,31,8,chan_random,population_variance,0.0008500227499930557,0.0008500227499930555926023897850401163691916700819056878998219619222244722173709595,1.051734668866428427622391644498783697173655380777755277826290405E-19,1.2373017885403899546403997756463707619075631563110617015600314788742339351455792E-16,0.97005401350133336,3f4bda81f4bee95c
centered,12000,31,9,chan_random,sum,0.0010000000000000087,0.001000000000000008694434061595757157192565500736236572265625,0E-60,0,0,3f50624dd2f1aa24
centered,12000,31,9,chan_random,mean,8.3333333333362243e-08,8.3333333333334057869505132979763099380458394686381022135416666666666666666666667E-8,2.8185515422439408791029554398240482745071252187093098958333333333333E-20,3.3822618506926996480709066292778886494568396287424704617359887521034883542293171E-13,2129.6373333333331,3e765e9f80f29a9a
centered,12000,31,9,chan_random,population_variance,0.00085002274999305559,0.0008500227499930555926023897850401163691916700819056878998219619222244722173709595,3.2467503619076006385061156371158014252125869222244722173709595E-21,3.8196040775780713225832966670625146199745372691575344525362690658801283179862503E-18,0.029945986498666689,3f4bda81f4bee95b
centered,12000,31,10,chan_random,sum,0.0010000000000000087,0.001000000000000008694434061595757157192565500736236572265625,0E-60,0,0,3f50624dd2f1aa24
centered,12000,31,10,chan_random,mean,8.3333333333363765e-08,8.3333333333334057869505132979763099380458394686381022135416666666666666666666667E-8,2.9707527749536979712792946391649214395632346471150716145833333333333E-20,3.5649033299444065707182154022115073288286340237687522933371934829677915849216658E-13,2244.6373333333331,3e765e9f80f29b0d
centered,12000,31,10,chan_random,population_variance,0.0008500227499930557,0.0008500227499930555926023897850401163691916700819056878998219619222244722173709595,1.051734668866428427622391644498783697173655380777755277826290405E-19,1.2373017885403899546403997756463707619075631563110617015600314788742339351455792E-16,0.97005401350133336,3f4bda81f4bee95c
centered,12000,31,11,chan_random,sum,0.0010000000000000087,0.001000000000000008694434061595757157192565500736236572265625,0E-60,0,0,3f50624dd2f1aa24
centered,12000,31,11,chan_random,mean,8.3333333333381143e-08,8.3333333333334057869505132979763099380458394686381022135416666666666666666666667E-8,4.7084938058050985106491500194654994023342927296956380208333333333333E-20,5.6501925669660690875522712184014319028735561165470831184883396710097928188264809E-13,3557.6373333333331,3e765e9f80f2a02e
centered,12000,31,11,chan_random,population_variance,0.0008500227499930557,0.0008500227499930555926023897850401163691916700819056878998219619222244722173709595,1.051734668866428427622391644498783697173655380777755277826290405E-19,1.2373017885403899546403997756463707619075631563110617015600314788742339351455792E-16,0.97005401350133336,3f4bda81f4bee95c
centered,12000,31,12,chan_random,sum,0.0010000000000000087,0.001000000000000008694434061595757157192565500736236572265625,0E-60,0,0,3f50624dd2f1aa24
centered,12000,31,12,chan_random,mean,8.3333333333413198e-08,8.3333333333334057869505132979763099380458394686381022135416666666666666666666667E-8,7.9139841155705913563108329829750194524725278218587239583333333333333E-20,9.4967809386846270584373307666207748719038693752745143892545819158214660774079449E-13,5979.6373333333331,3e765e9f80f2a9a4
centered,12000,31,12,chan_random,population_variance,0.00085002274999305559,0.0008500227499930555926023897850401163691916700819056878998219619222244722173709595,3.2467503619076006385061156371158014252125869222244722173709595E-21,3.8196040775780713225832966670625146199745372691575344525362690658801283179862503E-18,0.029945986498666689,3f4bda81f4bee95b
centered,12000,31,13,chan_random,sum,0.0010000000000000087,0.001000000000000008694434061595757157192565500736236572265625,0E-60,0,0,3f50624dd2f1aa24
centered,12000,31,13,chan_random,mean,8.3333333333397792e-08,8.3333333333334057869505132979763099380458394686381022135416666666666666666666667E-8,6.3734429427518326146303214348639206339915593465169270833333333333333E-20,7.6481315313021326413810924040578866737406634986606704589606488138558229424001728E-13,4815.6373333333331,3e765e9f80f2a518
centered,12000,31,13,chan_random,population_variance,0.0008500227499930557,0.0008500227499930555926023897850401163691916700819056878998219619222244722173709595,1.051734668866428427622391644498783697173655380777755277826290405E-19,1.2373017885403899546403997756463707619075631563110617015600314788742339351455792E-16,0.97005401350133336,3f4bda81f4bee95c
centered,12000,31,14,chan_random,sum,0.0010000000000000087,0.001000000000000008694434061595757157192565500736236572265625,0E-60,0,0,3f50624dd2f1aa24
centered,12000,31,14,chan_random,mean,8.333333333338551e-08,8.3333333333334057869505132979763099380458394686381022135416666666666666666666667E-8,5.1452451692330971229812538088784397890170415242513020833333333333333E-20,6.1742942030796628655836790016022507219404443805355440265613619421856194808132204E-13,3887.6373333333331,3e765e9f80f2a178
centered,12000,31,14,chan_random,population_variance,0.00085002274999305559,0.0008500227499930555926023897850401163691916700819056878998219619222244722173709595,3.2467503619076006385061156371158014252125869222244722173709595E-21,3.8196040775780713225832966670625146199745372691575344525362690658801283179862503E-18,0.029945986498666689,3f4bda81f4bee95b
centered,12000,31,15,chan_random,sum,0.0010000000000000087,0.001000000000000008694434061595757157192565500736236572265625,0E-60,0,0,3f50624dd2f1aa24
centered,12000,31,15,chan_random,mean,8.3333333333390143e-08,8.3333333333334057869505132979763099380458394686381022135416666666666666666666667E-8,5.6084663122627926209092426764376189870138963063557942708333333333333E-20,6.7301595747152926301624448322697858330719925393111843836085067752508901829203684E-13,4237.6373333333331,3e765e9f80f2a2d6
centered,12000,31,15,chan_random,population_variance,0.0008500227499930557,0.0008500227499930555926023897850401163691916700819056878998219619222244722173709595,1.051734668866428427622391644498783697173655380777755277826290405E-19,1.2373017885403899546403997756463707619075631563110617015600314788742339351455792E-16,0.97005401350133336,3f4bda81f4bee95c
centered,12000,31,16,chan_random,sum,0.0010000000000000087,0.001000000000000008694434061595757157192565500736236572265625,0E-60,0,0,3f50624dd2f1aa24
centered,12000,31,16,chan_random,mean,8.3333333333365976e-08,8.3333333333334057869505132979763099380458394686381022135416666666666666666666667E-8,3.1917754346278669660049350416860155140360196431477864583333333333333E-20,3.8301305215534070583886550985585883675685441452417006922711168747446493199270764E-13,2411.6373333333331,3e765e9f80f29bb4
centered,12000,31,16,chan_random,population_variance,0.0008500227499930557,0.0008500227499930555926023897850401163691916700819056878998219619222244722173709595,1.051734668866428427622391644498783697173655380777755277826290405E-19,1.2373017885403899546403997756463707619075631563110617015600314788742339351455792E-16,0.97005401350133336,3f4bda81f4bee95c
centered,12000,31,17,chan_random,sum,0.0010000000000000087,0.001000000000000008694434061595757157192565500736236572265625,0E-60,0,0,3f50624dd2f1aa24
centered,12000,31,17,chan_random,mean,8.3333333333417248e-08,8.3333333333334057869505132979763099380458394686381022135416666666666666666666667E-8,8.3189717434765537059278746786124732655783494313557942708333333333333E-20,9.9827660921717776526119088928615341404931657655183599585586571127299598912501943E-13,6285.6373333333331,3e765e9f80f2aad6
centered,12000,31,17,chan_random,population_variance,0.0008500227499930557,0.0008500227499930555926023897850401163691916700819056878998219619222244722173709595,1.051734668866428427622391644498783697173655380777755277826290405E-19,1.2373017885403899546403997756463707619075631563110617015600314788742339351455792E-16,0.97005401350133336,3f4bda81f4bee95c
centered,12000,31,18,chan_random,sum,0.0010000000000000087,0.001000000000000008694434061595757157192565500736236572265625,0E-60,0,0,3f50624dd2f1aa24
centered,12000,31,18,chan_random,mean,8.3333333333403986e-08,8.3333333333334057869505132979763099380458394686381022135416666666666666666666667E-8,6.9928357854315397375740322634859088187416394551595052083333333333333E-20,8.3914029425177747265892707147790479080537050366806695649551167620688134812177306E-13,5283.6373333333331,3e765e9f80f2a6ec
centered,12000,31,18,chan_random,population_variance,0.0008500227499930557,0.0008500227499930555926023897850401163691916700819056878998219619222244722173709595,1.051734668866428427622391644498783697173655380777755277826290405E-19,1.2373017885403899546403997756463707619075631563110617015600314788742339351455792E-16,0.97005401350133336,3f4bda81f4bee95c
centered,12000,31,19,chan_random,sum,0.0010000000000000087,0.001000000000000008694434061595757157192565500736236572265625,0E-60,0,0,3f50624dd2f1aa24
centered,12000,31,19,chan_random,mean,8.3333333333420146e-08,8.3333333333334057869505132979763099380458394686381022135416666666666666666666667E-8,8.6088158301151346032028162843137882494678099950154622395833333333333E-20,1.0330578996138071705305479512622077538601191613437974924825299165419372130568667E-12,6504.6373333333331,3e765e9f80f2abb1
centered,12000,31,19,chan_random,population_variance,0.0008500227499930557,0.0008500227499930555926023897850401163691916700819056878998219619222244722173709595,1.051734668866428427622391644498783697173655380777755277826290405E-19,1.2373017885403899546403997756463707619075631563110617015600314788742339351455792E-16,0.97005401350133336,3f4bda81f4bee95c
centered,12000,31,20,chan_random,sum,0.0010000000000000087,0.001000000000000008694434061595757157192565500736236572265625,0E-60,0,0,3f50624dd2f1aa24
centered,12000,31,20,chan_random,mean,8.3333333333424897e-08,8.3333333333334057869505132979763099380458394686381022135416666666666666666666667E-8,9.0839483739655936996489534370387749125560124715169270833333333333333E-20,1.0900738048758617663830556464649634981161836724867846033910799151334892650729999E-12,6863.6373333333331,3e765e9f80f2ad18
centered,12000,31,20,chan_random,population_variance,0.00085002274999305559,0.0008500227499930555926023897850401163691916700819056878998219619222244722173709595,3.2467503619076006385061156371158014252125869222244722173709595E-21,3.8196040775780713225832966670625146199745372691575344525362690658801283179862503E-18,0.029945986498666689,3f4bda81f4bee95b
centered,12000,31,21,chan_random,sum,0.0010000000000000087,0.001000000000000008694434061595757157192565500736236572265625,0E-60,0,0,3f50624dd2f1aa24
centered,12000,31,21,chan_random,mean,8.3333333333403351e-08,8.3333333333334057869505132979763099380458394686381022135416666666666666666666667E-8,6.9293083143874672121439080759349356715877850850423177083333333333333E-20,8.3151699772648883588756114008589288070985212891914388874172226135341477849287503E-13,5235.6373333333331,3e765e9f80f2a6bc
centered,12000,31,21,chan_random,population_variance,0.0008500227499930557,0.0008500227499930555926023897850401163691916700819056878998219619222244722173709595,1.051734668866428427622391644498783697173655380777755277826290405E-19,1.2373017885403899546403997756463707619075631563110617015600314788742339351455792E-16,0.97005401350133336,3f4bda81f4bee95c
centered,12000,31,22,chan_random,sum,0.0010000000000000087,0.001000000000000008694434061595757157192565500736236572265625,0E-60,0,0,3f50624dd2f1aa24
centered,12000,31,22,chan_random,mean,8.3333333333379343e-08,8.3333333333334057869505132979763099380458394686381022135416666666666666666666667E-8,4.5284993045135596885971314880710754853983720143636067708333333333333E-20,5.4341991654162243790302364956277611168338688319942628654643062501615733460077034E-13,3421.6373333333331,3e765e9f80f29fa6
centered,12000,31,22,chan_random,population_variance,0.00085002274999305559,0.0008500227499930555926023897850401163691916700819056878998219619222244722173709595,3.2467503619076006385061156371158014252125869222244722173709595E-21,3.8196040775780713225832966670625146199745372691575344525362690658801283179862503E-18,0.029945986498666689,3f4bda81f4bee95b
centered,12000,31,23,chan_random,sum,0.0010000000000000087,0.001000000000000008694434061595757157192565500736236572265625,0E-60,0,0,3f50624dd2f1aa24
centered,12000,31,23,chan_random,mean,8.3333333333391109e-08,8.3333333333334057869505132979763099380458394686381022135416666666666666666666667E-8,5.7050810078089862533342232116713906483103831609090169270833333333333E-20,6.8460972093707239810603017055233002991080011552843893723640541261473609293598592E-13,4310.6373333333331,3e765e9f80f2a31f
centered,12000,31,23,chan_random,population_variance,0.00085002274999305559,0.0008500227499930555926023897850401163691916700819056878998219619222244722173709595,3.2467503619076006385061156371158014252125869222244722173709595E-21,3.8196040775780713225832966670625146199745372691575344525362690658801283179862503E-18,0.029945986498666689,3f4bda81f4bee95b
centered,12000,31,24,chan_random,sum,0.0010000000000000087,0.001000000000000008694434061595757157192565500736236572265625,0E-60,0,0,3f50624dd2f1aa24
centered,12000,31,24,chan_random,mean,8.3333333333379991e-08,8.3333333333334057869505132979763099380458394686381022135416666666666666666666667E-8,4.5933502645377170583070499295293605731179316838582356770833333333333E-20,5.5120203174452125460712637119212160323922855742228525154509065267907112443027041E-13,3470.6373333333331,3e765e9f80f29fd7
centered,12000,31,24,chan_random,population_variance,0.00085002274999305559,0.0008500227499930555926023897850401163691916700819056878998219619222244722173709595,3.2467503619076006385061156371158014252125869222244722173709595E-21,3.8196040775780713225832966670625146199745372691575344525362690658801283179862503E-18,0.029945986498666689,3f4bda81f4bee95b
centered,12000,31,25,chan_random,sum,0.0010000000000000087,0.001000000000000008694434061595757157192565500736236572265625,0E-60,0,0,3f50624dd2f1aa24
centered,12000,31,25,chan_random,mean,8.3333333333385325e-08,8.3333333333334057869505132979763099380458394686381022135416666666666666666666667E-8,5.1267163235119093030641342541760726210971673329671223958333333333333E-20,6.1520595882142376750005283683755493174951824541845184122794761488630086527289345E-13,3873.6373333333331,3e765e9f80f2a16a
centered,12000,31,25,chan_random,population_variance,0.0008500227499930557,0.0008500227499930555926023897850401163691916700819056878998219619222244722173709595,1.051734668866428427622391644498783697173655380777755277826290405E-19,1.2373017885403899546403997756463707619075631563110617015600314788742339351455792E-16,0.97005401350133336,3f4bda81f4bee95c
centered,12000,31,26,chan_random,sum,0.0010000000000000087,0.001000000000000008694434061595757157192565500736236572265625,0E-60,0,0,3f50624dd2f1aa24
centered,12000,31,26,chan_random,mean,8.3333333333365195e-08,8.3333333333334057869505132979763099380458394686381022135416666666666666666666667E-8,3.1136895848028611534970740611546110206594069798787434895833333333333E-20,3.7364275017634008980739488585317753059777974556195213177974553171707894015718714E-13,2352.6373333333331,3e765e9f80f29b79
centered,12000,31,26,chan_random,population_variance,0.0008500227499930557,0.0008500227499930555926023897850401163691916700819056878998219619222244722173709595,1.051734668866428427622391644498783697173655380777755277826290405E-19,1.2373017885403899546403997756463707619075631563110617015600314788742339351455792E-16,0.97005401350133336,3f4bda81f4bee95c
centered,12000,31,27,chan_random,sum,0.0010000000000000087,0.001000000000000008694434061595757157192565500736236572265625,0E-60,0,0,3f50624dd2f1aa24
centered,12000,31,27,chan_random,mean,8.3333333333387363e-08,8.3333333333334057869505132979763099380458394686381022135416666666666666666666667E-8,5.3305336264449753221524493559021114682157834370930989583333333333333E-20,6.3966403517339147714151853338692647663930636440458001693802198754117277616560796E-13,4027.6373333333331,3e765e9f80f2a204
centered,12000,31,27,chan_random,population_variance,0.00085002274999305559,0.0008500227499930555926023897850401163691916700819056878998219619222244722173709595,3.2467503619076006385061156371158014252125869222244722173709595E-21,3.8196040775780713225832966670625146199745372691575344525362690658801283179862503E-18,0.029945986498666689,3f4bda81f4bee95b
centered,12000,31,28,chan_random,sum,0.0010000000000000087,0.001000000000000008694434061595757157192565500736236572265625,0E-60,0,0,3f50624dd2f1aa24
centered,12000,31,28,chan_random,mean,8.3333333333423984e-08,8.3333333333334057869505132979763099380458394686381022135416666666666666666666667E-8,8.9926276343397394443431499174342510135223468144734700520833333333333E-20,1.0791153161207593510242171200889463773538760087852076934950076312816310712314589E-12,6794.6373333333331,3e765e9f80f2acd3
centered,12000,31,28,chan_random,population_variance,0.00085002274999305559,0.0008500227499930555926023897850401163691916700819056878998219619222244722173709595,3.2467503619076006385061156371158014252125869222244722173709595E-21,3.8196040775780713225832966670625146199745372691575344525362690658801283179862503E-18,0.029945986498666689,3f4bda81f4bee95b
centered,12000,31,29,chan_random,sum,0.0010000000000000087,0.001000000000000008694434061595757157192565500736236572265625,0E-60,0,0,3f50624dd2f1aa24
centered,12000,31,29,chan_random,mean,8.3333333333398481e-08,8.3333333333334057869505132979763099380458394686381022135416666666666666666666667E-8,6.4422643697162445171796226380441415434082349141438802083333333333333E-20,7.7307172436594262064042233274713490331087792251073370262933674747683774467132347E-13,4867.6373333333331,3e765e9f80f2a54c
centered,12000,31,29,chan_random,population_variance,0.00085002274999305559,0.0008500227499930555926023897850401163691916700819056878998219619222244722173709595,3.2467503619076006385061156371158014252125869222244722173709595E-21,3.8196040775780713225832966670625146199745372691575344525362690658801283179862503E-18,0.029945986498666689,3f4bda81f4bee95b
centered,12000,31,30,chan_random,sum,0.0010000000000000087,0.001000000000000008694434061595757157192565500736236572265625,0E-60,0,0,3f50624dd2f1aa24
centered,12000,31,30,chan_random,mean,8.3333333333383909e-08,8.3333333333334057869505132979763099380458394686381022135416666666666666666666667E-8,4.9851030026428309651261490860936949805667002995808919270833333333333E-20,5.9821236031713451469721628144286171549492520170731083602679204427544830380847493E-13,3766.6373333333331,3e765e9f80f2a0ff
centered,12000,31,30,chan_random,population_variance,0.00085002274999305559,0.0008500227499930555926023897850401163691916700819056878998219619222244722173709595,3.2467503619076006385061156371158014252125869222244722173709595E-21,3.8196040775780713225832966670625146199745372691575344525362690658801283179862503E-18,0.029945986498666689,3f4bda81f4bee95b
centered,12000,31,31,chan_random,sum,0.0010000000000000087,0.001000000000000008694434061595757157192565500736236572265625,0E-60,0,0,3f50624dd2f1aa24
centered,12000,31,31,chan_random,mean,8.3333333333386741e-08,8.3333333333334057869505132979763099380458394686381022135416666666666666666666667E-8,5.2683296443809876410021194222584502616276343663533528645833333333333E-20,6.3219955732571302030288939223224814800411128912959284642910318549715342673731197E-13,3980.6373333333331,3e765e9f80f2a1d5
centered,12000,31,31,chan_random,population_variance,0.00085002274999305559,0.0008500227499930555926023897850401163691916700819056878998219619222244722173709595,3.2467503619076006385061156371158014252125869222244722173709595E-21,3.8196040775780713225832966670625146199745372691575344525362690658801283179862503E-18,0.029945986498666689,3f4bda81f4bee95b
centered,12000,257,,naive,sum,0.00099999999999999742,0.001000000000000008694434061595757157192565500736236572265625,1.1275702593849246113677509129047393798828125E-17,1.1275702593849148077824808743384727465726733850851541993160521169927441655543396E-14,52,3f50624dd2f1a9f0
centered,12000,257,,naive,mean,8.3333333333333113e-08,8.3333333333334057869505132979763099380458394686381022135416666666666666666666667E-8,9.44477029228013807241974101695329106102387110392252604166666666667E-22,1.1333724350736067146584649443423929225898179258662789786619918382982826102163342E-14,71.362666666666669,3e765e9f80f29201
centered,12000,257,,naive,population_variance,0.00085002274999306752,0.0008500227499930555926023897850401163691916700819056878998219619222244722173709595,1.19229771469786411734434746939322430242583811630777755277826290405E-17,1.4026656518400299275205976868819892474560419281759849972486799595797507273261872E-14,109.97005401350134,3f4bda81f4bee9c9
centered,12000,257,,welford,sum,0.0010000000000000087,0.001000000000000008694434061595757157192565500736236572265625,0E-60,0,0,3f50624dd2f1aa24
centered,12000,257,,welford,mean,8.3333333333287996e-08,8.3333333333334057869505132979763099380458394686381022135416666666666666666666667E-8,4.6062216360320355305428089801959382990996042887369791666666666666667E-20,5.5274659632383945784630256851360312746802608590613649755053898578855648995452547E-13,3480.3626666666669,3e765e9f80f284b0
centered,12000,257,,welford,population_variance,0.0008500227499930557,0.0008500227499930555926023897850401163691916700819056878998219619222244722173709595,1.051734668866428427622391644498783697173655380777755277826290405E-19,1.2373017885403899546403997756463707619075631563110617015600314788742339351455792E-16,0.97005401350133336,3f4bda81f4bee95c
centered,12000,257,,chan_left,sum,0.0010000000000000087,0.001000000000000008694434061595757157192565500736236572265625,0E-60,0,0,3f50624dd2f1aa24
centered,12000,257,,chan_left,mean,8.3333333333338063e-08,8.3333333333334057869505132979763099380458394686381022135416666666666666666666667E-8,4.005371756289303799188535511651328609635432561238606770833333333333E-21,4.8064461075471227696974899319335536935015823993362779794989272350277528923000470E-14,302.63733333333334,3e765e9f80f29377
centered,12000,257,,chan_left,population_variance,0.00085002274999305559,0.0008500227499930555926023897850401163691916700819056878998219619222244722173709595,3.2467503619076006385061156371158014252125869222244722173709595E-21,3.8196040775780713225832966670625146199745372691575344525362690658801283179862503E-18,0.029945986498666689,3f4bda81f4bee95b
centered,12000,257,,chan_balanced,sum,0.0010000000000000087,0.001000000000000008694434061595757157192565500736236572265625,0E-60,0,0,3f50624dd2f1aa24
centered,12000,257,,chan_balanced,mean,8.3333333333334834e-08,8.3333333333334057869505132979763099380458394686381022135416666666666666666666667E-8,7.76058644882283756490555977810193629314502080281575520833333333333E-22,9.3127037385873241091980814099416606161307523530038520465597468451557999761021538E-15,58.637333333333331,3e765e9f80f29283
centered,12000,257,,chan_balanced,population_variance,0.00085002274999305537,0.0008500227499930555926023897850401163691916700819056878998219619222244722173709595,2.200871848590084874399966758111041437103688369222244722173709595E-19,2.5891916994081220489582984513046169624143624306968494366961510297248717198307459E-16,2.0299459864986669,3f4bda81f4bee959
centered,12000,257,0,chan_random,sum,0.0010000000000000087,0.001000000000000008694434061595757157192565500736236572265625,0E-60,0,0,3f50624dd2f1aa24
centered,12000,257,0,chan_random,mean,8.3333333333336647e-08,8.3333333333334057869505132979763099380458394686381022135416666666666666666666667E-8,2.589238547598520419808683830827552204330762227376302083333333333333E-21,3.1070862571181974894138343924642320680422780282221774593833701739424967458581946E-14,195.63733333333334,3e765e9f80f2930c
centered,12000,257,0,chan_random,population_variance,0.0008500227499930557,0.0008500227499930555926023897850401163691916700819056878998219619222244722173709595,1.051734668866428427622391644498783697173655380777755277826290405E-19,1.2373017885403899546403997756463707619075631563110617015600314788742339351455792E-16,0.97005401350133336,3f4bda81f4bee95c
centered,12000,257,1,chan_random,sum,0.0010000000000000087,0.001000000000000008694434061595757157192565500736236572265625,0E-60,0,0,3f50624dd2f1aa24
centered,12000,257,1,chan_random,mean,8.3333333333336078e-08,8.3333333333334057869505132979763099380458394686381022135416666666666666666666667E-8,2.020138286162037379497154650683417761077483495076497395833333333333E-21,2.4241659433944237786456363719298317886520902902978193064397350933194498832694128E-14,152.63733333333334,3e765e9f80f292e1
centered,12000,257,1,chan_random,population_variance,0.00085002274999305559,0.0008500227499930555926023897850401163691916700819056878998219619222244722173709595,3.2467503619076006385061156371158014252125869222244722173709595E-21,3.8196040775780713225832966670625146199745372691575344525362690658801283179862503E-18,0.029945986498666689,3f4bda81f4bee95b
centered,12000,257,2,chan_random,sum,0.0010000000000000087,0.001000000000000008694434061595757157192565500736236572265625,0E-60,0,0,3f50624dd2f1aa24
centered,12000,257,2,chan_random,mean,8.3333333333329461e-08,8.3333333333334057869505132979763099380458394686381022135416666666666666666666667E-8,4.597306614262184019474114885876285067449013392130533854166666666667E-21,5.5167679371145728581938754947492412275128834064970429370909053790415601468327012E-14,347.36266666666666,3e765e9f80f290ed
centered,12000,257,2,chan_random,population_variance,0.00085002274999305559,0.0008500227499930555926023897850401163691916700819056878998219619222244722173709595,3.2467503619076006385061156371158014252125869222244722173709595E-21,3.8196040775780713225832966670625146199745372691575344525362690658801283179862503E-18,0.029945986498666689,3f4bda81f4bee95b
centered,12000,257,3,chan_random,sum,0.0010000000000000087,0.001000000000000008694434061595757157192565500736236572265625,0E-60,0,0,3f50624dd2f1aa24
centered,12000,257,3,chan_random,mean,8.333333333332725e-08,8.3333333333334057869505132979763099380458394686381022135416666666666666666666667E-8,6.807533211003873966730518911087225812176863352457682291666666666667E-21,8.1690398532045777348982724582200516149119846212265269264301392968101374968868072E-14,514.36266666666666,3e765e9f80f29046
centered,12000,257,3,chan_random,population_variance,0.00085002274999305559,0.0008500227499930555926023897850401163691916700819056878998219619222244722173709595,3.2467503619076006385061156371158014252125869222244722173709595E-21,3.8196040775780713225832966670625146199745372691575344525362690658801283179862503E-18,0.029945986498666689,3f4bda81f4bee95b
centered,12000,257,4,chan_random,sum,0.0010000000000000087,0.001000000000000008694434061595757157192565500736236572265625,0E-60,0,0,3f50624dd2f1aa24
centered,12000,257,4,chan_random,mean,8.3333333333335218e-08,8.3333333333334057869505132979763099380458394686381022135416666666666666666666667E-8,1.159870449106888597630889610930656393369038899739583333333333333333E-21,1.3918445389282542158564998292615522965506437097144872147807518319125185793561380E-14,87.637333333333331,3e765e9f80f292a0
centered,12000,257,4,chan_random,population_variance,0.00085002274999305559,0.0008500227499930555926023897850401163691916700819056878998219619222244722173709595,3.2467503619076006385061156371158014252125869222244722173709595E-21,3.8196040775780713225832966670625146199745372691575344525362690658801283179862503E-18,0.029945986498666689,3f4bda81f4bee95b
centered,12000,257,5,chan_random,sum,0.0010000000000000087,0.001000000000000008694434061595757157192565500736236572265625,0E-60,0,0,3f50624dd2f1aa24
centered,12000,257,5,chan_random,mean,8.3333333333342841e-08,8.3333333333334057869505132979763099380458394686381022135416666666666666666666667E-8,8.783166974395591649245792117047434051831563313802083333333333333333E-21,1.0539800369274618341495617499675844411172693408422168519328049656072402134033773E-13,663.63733333333334,3e765e9f80f294e0
centered,12000,257,5,chan_random,population_variance,0.00085002274999305559,0.0008500227499930555926023897850401163691916700819056878998219619222244722173709595,3.2467503619076006385061156371158014252125869222244722173709595E-21,3.8196040775780713225832966670625146199745372691575344525362690658801283179862503E-18,0.029945986498666689,3f4bda81f4bee95b
centered,12000,257,6,chan_random,sum,0.0010000000000000087,0.001000000000000008694434061595757157192565500736236572265625,0E-60,0,0,3f50624dd2f1aa24
centered,12000,257,6,chan_random,mean,8.333333333332234e-08,8.3333333333334057869505132979763099380458394686381022135416666666666666666666667E-8,1.1717677327118646244767200907214525310943524042765299479166666666667E-20,1.4061212792542253239433190263295923792906395104248314711129874527302006939222576E-13,885.36266666666666,3e765e9f80f28ed3
centered,12000,257,6,chan_random,population_variance,0.00085002274999305559,0.0008500227499930555926023897850401163691916700819056878998219619222244722173709595,3.2467503619076006385061156371158014252125869222244722173709595E-21,3.8196040775780713225832966670625146199745372691575344525362690658801283179862503E-18,0.029945986498666689,3f4bda81f4bee95b
centered,12000,257,7,chan_random,sum,0.0010000000000000087,0.001000000000000008694434061595757157192565500736236572265625,0E-60,0,0,3f50624dd2f1aa24
centered,12000,257,7,chan_random,mean,8.3333333333339347e-08,8.3333333333334057869505132979763099380458394686381022135416666666666666666666667E-8,5.289156066971602750588961801743910958369572957356770833333333333333E-21,6.3469872803658681172443552340692938586375872965144812547438714866657888381398571E-14,399.63733333333334,3e765e9f80f293d8
centered,12000,257,7,chan_random,population_variance,0.00085002274999305559,0.0008500227499930555926023897850401163691916700819056878998219619222244722173709595,3.2467503619076006385061156371158014252125869222244722173709595E-21,3.8196040775780713225832966670625146199745372691575344525362690658801283179862503E-18,0.029945986498666689,3f4bda81f4bee95b
centered,12000,257,8,chan_random,sum,0.0010000000000000087,0.001000000000000008694434061595757157192565500736236572265625,0E-60,0,0,3f50624dd2f1aa24
centered,12000,257,8,chan_random,mean,8.3333333333329765e-08,8.3333333333334057869505132979763099380458394686381022135416666666666666666666667E-8,4.292904148842669835121436487194538737336794535319010416666666666667E-21,5.1514849786111590128992579488820038687692946164444792738884959173129536854480039E-14,324.36266666666666,3e765e9f80f29104
centered,12000,257,8,chan_random,population_variance,0.00085002274999305537,0.0008500227499930555926023897850401163691916700819056878998219619222244722173709595,2.200871848590084874399966758111041437103688369222244722173709595E-19,2.5891916994081220489582984513046169624143624306968494366961510297248717198307459E-16,2.0299459864986669,3f4bda81f4bee959
centered,12000,257,9,chan_random,sum,0.0010000000000000087,0.001000000000000008694434061595757157192565500736236572265625,0E-60,0,0,3f50624dd2f1aa24
centered,12000,257,9,chan_random,mean,8.333333333331919e-08,8.3333333333334057869505132979763099380458394686381022135416666666666666666666667E-8,1.4867581099720575630677525206616943857322136561075846354166666666667E-20,1.7841097319664535638568797911835162548600922583922669139050459392145847713551182E-13,1123.3626666666667,3e765e9f80f28de5
centered,12000,257,9,chan_random,population_variance,0.00085002274999305559,0.0008500227499930555926023897850401163691916700819056878998219619222244722173709595,3.2467503619076006385061156371158014252125869222244722173709595E-21,3.8196040775780713225832966670625146199745372691575344525362690658801283179862503E-18,0.029945986498666689,3f4bda81f4bee95b
centered,12000,257,10,chan_random,sum,0.0010000000000000087,0.001000000000000008694434061595757157192565500736236572265625,0E-60,0,0,3f50624dd2f1aa24
centered,12000,257,10,chan_random,mean,8.3333333333347407e-08,8.3333333333334057869505132979763099380458394686381022135416666666666666666666667E-8,1.3349203955688304414535968097273629003514846165974934895833333333333E-20,1.6019044746825826020914880687684404792326525259210623467364191582001499054804232E-13,1008.6373333333333,3e765e9f80f29639
centered,12000,257,10,chan_random,population_variance,0.00085002274999305537,0.0008500227499930555926023897850401163691916700819056878998219619222244722173709595,2.200871848590084874399966758111041437103688369222244722173709595E-19,2.5891916994081220489582984513046169624143624306968494366961510297248717198307459E-16,2.0299459864986669,3f4bda81f4bee959
centered,12000,257,11,chan_random,sum,0.0010000000000000087,0.001000000000000008694434061595757157192565500736236572265625,0E-60,0,0,3f50624dd2f1aa24
centered,12000,257,11,chan_random,mean,8.3333333333348228e-08,8.3333333333334057869505132979763099380458394686381022135416666666666666666666667E-8,1.4169767123340907868008405519807032154252131779988606770833333333333E-20,1.7003720548008941603882980159152609846330981997613186385561991000574264298536894E-13,1070.6373333333333,3e765e9f80f29677
centered,12000,257,11,chan_random,population_variance,0.00085002274999305559,0.0008500227499930555926023897850401163691916700819056878998219619222244722173709595,3.2467503619076006385061156371158014252125869222244722173709595E-21,3.8196040775780713225832966670625146199745372691575344525362690658801283179862503E-18,0.029945986498666689,3f4bda81f4bee95b
centered,12000,257,12,chan_random,sum,0.0010000000000000087,0.001000000000000008694434061595757157192565500736236572265625,0E-60,0,0,3f50624dd2f1aa24
centered,12000,257,12,chan_random,mean,8.3333333333336674e-08,8.3333333333334057869505132979763099380458394686381022135416666666666666666666667E-8,2.615708327200217305404568908973791015644868214925130208333333333333E-21,3.1388499926402334759611924399309483601069379230093569083574927358319407859786031E-14,197.63733333333334,3e765e9f80f2930e
centered,12000,257,12,chan_random,population_variance,0.00085002274999305537,0.0008500227499930555926023897850401163691916700819056878998219619222244722173709595,2.200871848590084874399966758111041437103688369222244722173709595E-19,2.5891916994081220489582984513046169624143624306968494366961510297248717198307459E-16,2.0299459864986669,3f4bda81f4bee959
centered,12000,257,13,chan_random,sum,0.0010000000000000087,0.001000000000000008694434061595757157192565500736236572265625,0E-60,0,0,3f50624dd2f1aa24
centered,12000,257,13,chan_random,mean,8.3333333333329844e-08,8.3333333333334057869505132979763099380458394686381022135416666666666666666666667E-8,4.213494810037579178333781252755822303394476572672526041666666666667E-21,5.0561937720450510532571838064818549925753149320829409269661282316446215650867785E-14,318.36266666666666,3e765e9f80f2910a
centered,12000,257,13,chan_random,population_variance,0.00085002274999305537,0.0008500227499930555926023897850401163691916700819056878998219619222244722173709595,2.200871848590084874399966758111041437103688369222244722173709595E-19,2.5891916994081220489582984513046169624143624306968494366961510297248717198307459E-16,2.0299459864986669,3f4bda81f4bee959
centered,12000,257,14,chan_random,sum,0.0010000000000000087,0.001000000000000008694434061595757157192565500736236572265625,0E-60,0,0,3f50624dd2f1aa24
centered,12000,257,14,chan_random,mean,8.3333333333339069e-08,8.3333333333334057869505132979763099380458394686381022135416666666666666666666667E-8,5.011223381153785451832168481208403439571460088094075520833333333333E-21,6.0134680573844902584970957356687727919586584012490970405155845868266264168755683E-14,378.63733333333334,3e765e9f80f293c3
centered,12000,257,14,chan_random,population_variance,0.00085002274999305559,0.0008500227499930555926023897850401163691916700819056878998219619222244722173709595,3.2467503619076006385061156371158014252125869222244722173709595E-21,3.8196040775780713225832966670625146199745372691575344525362690658801283179862503E-18,0.029945986498666689,3f4bda81f4bee95b
centered,12000,257,15,chan_random,sum,0.0010000000000000087,0.001000000000000008694434061595757157192565500736236572265625,0E-60,0,0,3f50624dd2f1aa24
centered,12000,257,15,chan_random,mean,8.3333333333336038e-08,8.3333333333334057869505132979763099380458394686381022135416666666666666666666667E-8,1.980433616759492051103327033464059544106324513753255208333333333333E-21,2.3765203401113697988245993007297573505551004481170501329785512504852838230888001E-14,149.63733333333334,3e765e9f80f292de
centered,12000,257,15,chan_random,population_variance,0.00085002274999305537,0.0008500227499930555926023897850401163691916700819056878998219619222244722173709595,2.200871848590084874399966758111041437103688369222244722173709595E-19,2.5891916994081220489582984513046169624143624306968494366961510297248717198307459E-16,2.0299459864986669,3f4bda81f4bee959
centered,12000,257,16,chan_random,sum,0.0010000000000000087,0.001000000000000008694434061595757157192565500736236572265625,0E-60,0,0,3f50624dd2f1aa24
centered,12000,257,16,chan_random,mean,8.333333333334157e-08,8.3333333333334057869505132979763099380458394686381022135416666666666666666666667E-8,7.512617553514141140643308366027971108754475911458333333333333333333E-21,9.0151410642168909872224312212734623920690184586375549685701666853790882082541674E-14,567.63733333333334,3e765e9f80f29480
centered,12000,257,16,chan_random,population_variance,0.0008500227499930557,0.0008500227499930555926023897850401163691916700819056878998219619222244722173709595,1.051734668866428427622391644498783697173655380777755277826290405E-19,1.2373017885403899546403997756463707619075631563110617015600314788742339351455792E-16,0.97005401350133336,3f4bda81f4bee95c
centered,12000,257,17,chan_random,sum,0.0010000000000000087,0.001000000000000008694434061595757157192565500736236572265625,0E-60,0,0,3f50624dd2f1aa24
centered,12000,257,17,chan_random,mean,8.3333333333338249e-08,8.3333333333334057869505132979763099380458394686381022135416666666666666666666667E-8,4.190660213501181998359731058675000288834174474080403645833333333333E-21,5.0287922562013746755289962642005677379542016628465341223177851682538611731429062E-14,316.63733333333334,3e765e9f80f29385
centered,12000,257,17,chan_random,population_variance,0.00085002274999305537,0.0008500227499930555926023897850401163691916700819056878998219619222244722173709595,2.200871848590084874399966758111041437103688369222244722173709595E-19,2.5891916994081220489582984513046169624143624306968494366961510297248717198307459E-16,2.0299459864986669,3f4bda81f4bee959
centered,12000,257,18,chan_random,sum,0.0010000000000000087,0.001000000000000008694434061595757157192565500736236572265625,0E-60,0,0,3f50624dd2f1aa24
centered,12000,257,18,chan_random,mean,8.3333333333340935e-08,8.3333333333334057869505132979763099380458394686381022135416666666666666666666667E-8,6.877342843073415886342066490518239637215932210286458333333333333333E-21,8.2528114116880273100858380820722713825171809837452481931912252000324312453643645E-14,519.63733333333334,3e765e9f80f29450
centered,12000,257,18,chan_random,population_variance,0.00085002274999305559,0.0008500227499930555926023897850401163691916700819056878998219619222244722173709595,3.2467503619076006385061156371158014252125869222244722173709595E-21,3.8196040775780713225832966670625146199745372691575344525362690658801283179862503E-18,0.029945986498666689,3f4bda81f4bee95b
centered,12000,257,19,chan_random,sum,0.0010000000000000087,0.001000000000000008694434061595757157192565500736236572265625,0E-60,0,0,3f50624dd2f1aa24
centered,12000,257,19,chan_random,mean,8.333333333333498e-08,8.3333333333334057869505132979763099380458394686381022135416666666666666666666667E-8,9.21642432691616627267923907614507091542085011800130208333333333333E-22,1.1059709192299303369302774020611056679687046566298721740136487749075222182724619E-14,69.637333333333331,3e765e9f80f2928e
centered,12000,257,19,chan_random,population_variance,0.00085002274999305559,0.0008500227499930555926023897850401163691916700819056878998219619222244722173709595,3.2467503619076006385061156371158014252125869222244722173709595E-21,3.8196040775780713225832966670625146199745372691575344525362690658801283179862503E-18,0.029945986498666689,3f4bda81f4bee95b
centered,12000,257,20,chan_random,sum,0.0010000000000000087,0.001000000000000008694434061595757157192565500736236572265625,0E-60,0,0,3f50624dd2f1aa24
centered,12000,257,20,chan_random,mean,8.3333333333330466e-08,8.3333333333334057869505132979763099380458394686381022135416666666666666666666667E-8,3.591454989397702366830481916319210237512985865275065104166666666667E-21,4.3097459872772053693942696910140221290558074045842238760742480272426866222571798E-14,271.36266666666666,3e765e9f80f29139
centered,12000,257,20,chan_random,population_variance,0.0008500227499930557,0.0008500227499930555926023897850401163691916700819056878998219619222244722173709595,1.051734668866428427622391644498783697173655380777755277826290405E-19,1.2373017885403899546403997756463707619075631563110617015600314788742339351455792E-16,0.97005401350133336,3f4bda81f4bee95c
centered,12000,257,21,chan_random,sum,0.0010000000000000087,0.001000000000000008694434061595757157192565500736236572265625,0E-60,0,0,3f50624dd2f1aa24
centered,12000,257,21,chan_random,mean,8.3333333333342272e-08,8.3333333333334057869505132979763099380458394686381022135416666666666666666666667E-8,8.214066712959108608934262936903299608578284581502278645833333333333E-21,9.8568800555508446307274194791414441317825056704978103663844145754493552714449915E-14,620.63733333333334,3e765e9f80f294b5
centered,12000,257,21,chan_random,population_variance,0.00085002274999305537,0.0008500227499930555926023897850401163691916700819056878998219619222244722173709595,2.200871848590084874399966758111041437103688369222244722173709595E-19,2.5891916994081220489582984513046169624143624306968494366961510297248717198307459E-16,2.0299459864986669,3f4bda81f4bee959
centered,12000,257,22,chan_random,sum,0.0010000000000000087,0.001000000000000008694434061595757157192565500736236572265625,0E-60,0,0,3f50624dd2f1aa24
centered,12000,257,22,chan_random,mean,8.3333333333337454e-08,8.3333333333334057869505132979763099380458394686381022135416666666666666666666667E-8,3.396566825450275430483178714287835949410994847615559895833333333333E-21,4.0758801905402950791082548401990789760144048192311506530941083115705399695306525E-14,256.63733333333334,3e765e9f80f29349
centered,12000,257,22,chan_random,population_variance,0.0008500227499930557,0.0008500227499930555926023897850401163691916700819056878998219619222244722173709595,1.051734668866428427622391644498783697173655380777755277826290405E-19,1.2373017885403899546403997756463707619075631563110617015600314788742339351455792E-16,0.97005401350133336,3f4bda81f4bee95c
centered,12000,257,23,chan_random,sum,0.0010000000000000087,0.001000000000000008694434061595757157192565500736236572265625,0E-60,0,0,3f50624dd2f1aa24
centered,12000,257,23,chan_random,mean,8.3333333333348109e-08,8.3333333333334057869505132979763099380458394686381022135416666666666666666666667E-8,1.4050653115133271882826922668148957503338654836018880208333333333333E-20,1.6860783738159779664419868945552386532040012471070878865178439472071766117995056E-13,1061.6373333333333,3e765e9f80f2966e
centered,12000,257,23,chan_random,population_variance,0.00085002274999305559,0.0008500227499930555926023897850401163691916700819056878998219619222244722173709595,3.2467503619076006385061156371158014252125869222244722173709595E-21,3.8196040775780713225832966670625146199745372691575344525362690658801283179862503E-18,0.029945986498666689,3f4bda81f4bee95b
centered,12000,257,24,chan_random,sum,0.0010000000000000087,0.001000000000000008694434061595757157192565500736236572265625,0E-60,0,0,3f50624dd2f1aa24
centered,12000,257,24,chan_random,mean,8.3333333333339096e-08,8.3333333333334057869505132979763099380458394686381022135416666666666666666666667E-8,5.037693160755482337428053559354642250885566075642903645833333333333E-21,6.0452317929065262450444537831354890840233182960362764894897071487160704569959768E-14,380.63733333333334,3e765e9f80f293c5
centered,12000,257,24,chan_random,population_variance,0.0008500227499930557,0.0008500227499930555926023897850401163691916700819056878998219619222244722173709595,1.051734668866428427622391644498783697173655380777755277826290405E-19,1.2373017885403899546403997756463707619075631563110617015600314788742339351455792E-16,0.97005401350133336,3f4bda81f4bee95c
centered,12000,257,25,chan_random,sum,0.0010000000000000087,0.001000000000000008694434061595757157192565500736236572265625,0E-60,0,0,3f50624dd2f1aa24
centered,12000,257,25,chan_random,mean,8.3333333333334238e-08,8.3333333333334057869505132979763099380458394686381022135416666666666666666666667E-8,1.80488603844103830583141719519820374747117360432942708333333333333E-22,2.1658632461292271360425207299304949015822760258884760273821704200308909490102513E-15,13.637333333333334,3e765e9f80f29256
centered,12000,257,25,chan_random,population_variance,0.00085002274999305559,0.0008500227499930555926023897850401163691916700819056878998219619222244722173709595,3.2467503619076006385061156371158014252125869222244722173709595E-21,3.8196040775780713225832966670625146199745372691575344525362690658801283179862503E-18,0.029945986498666689,3f4bda81f4bee95b
centered,12000,257,26,chan_random,sum,0.0010000000000000087,0.001000000000000008694434061595757157192565500736236572265625,0E-60,0,0,3f50624dd2f1aa24
centered,12000,257,26,chan_random,mean,8.3333333333342007e-08,8.3333333333334057869505132979763099380458394686381022135416666666666666666666667E-8,7.949368916942139752975412155440911495437224706013997395833333333333E-21,9.5392427003304847652538390044742812111359067226260158766431889565549148702409069E-14,600.63733333333334,3e765e9f80f294a1
centered,12000,257,26,chan_random,population_variance,0.00085002274999305537,0.0008500227499930555926023897850401163691916700819056878998219619222244722173709595,2.200871848590084874399966758111041437103688369222244722173709595E-19,2.5891916994081220489582984513046169624143624306968494366961510297248717198307459E-16,2.0299459864986669,3f4bda81f4bee959
centered,12000,257,27,chan_random,sum,0.0010000000000000087,0.001000000000000008694434061595757157192565500736236572265625,0E-60,0,0,3f50624dd2f1aa24
centered,12000,257,27,chan_random,mean,8.3333333333338116e-08,8.3333333333334057869505132979763099380458394686381022135416666666666666666666667E-8,4.058311315492697570380305667943806232263644536336263020833333333333E-21,4.8699735785911947427922060268669862776309021889106368774471723588066409725408639E-14,306.63733333333334,3e765e9f80f2937b
centered,12000,257,27,chan_random,population_variance,0.00085002274999305559,0.0008500227499930555926023897850401163691916700819056878998219619222244722173709595,3.2467503619076006385061156371158014252125869222244722173709595E-21,3.8196040775780713225832966670625146199745372691575344525362690658801283179862503E-18,0.029945986498666689,3f4bda81f4bee95b
centered,12000,257,28,chan_random,sum,0.0010000000000000087,0.001000000000000008694434061595757157192565500736236572265625,0E-60,0,0,3f50624dd2f1aa24
centered,12000,257,28,chan_random,mean,8.333333333333216e-08,8.3333333333334057869505132979763099380458394686381022135416666666666666666666667E-8,1.897389094889101688693836914959926313410202662150065104166666666667E-21,2.2768669138669022303633546531441794369175741382047391417304040663182680545510387E-14,143.36266666666666,3e765e9f80f291b9
centered,12000,257,28,chan_random,population_variance,0.00085002274999305559,0.0008500227499930555926023897850401163691916700819056878998219619222244722173709595,3.2467503619076006385061156371158014252125869222244722173709595E-21,3.8196040775780713225832966670625146199745372691575344525362690658801283179862503E-18,0.029945986498666689,3f4bda81f4bee95b
centered,12000,257,29,chan_random,sum,0.0010000000000000087,0.001000000000000008694434061595757157192565500736236572265625,0E-60,0,0,3f50624dd2f1aa24
centered,12000,257,29,chan_random,mean,8.3333333333360086e-08,8.3333333333334057869505132979763099380458394686381022135416666666666666666666667E-8,2.6028228384901112614964920529322019622971614201863606770833333333333E-20,3.1233874061881063577099385424241508691298614862269579525968898727045194272479882E-13,1966.6373333333333,3e765e9f80f299f7
centered,12000,257,29,chan_random,population_variance,0.00085002274999305559,0.0008500227499930555926023897850401163691916700819056878998219619222244722173709595,3.2467503619076006385061156371158014252125869222244722173709595E-21,3.8196040775780713225832966670625146199745372691575344525362690658801283179862503E-18,0.029945986498666689,3f4bda81f4bee95b
centered,12000,257,30,chan_random,sum,0.0010000000000000087,0.001000000000000008694434061595757157192565500736236572265625,0E-60,0,0,3f50624dd2f1aa24
centered,12000,257,30,chan_random,mean,8.3333333333353985e-08,8.3333333333334057869505132979763099380458394686381022135416666666666666666666667E-8,1.9926944186709980485113410016613973615070184071858723958333333333333E-20,2.3912333024051768677933355483163403370394509113824716537433648211528343024725733E-13,1505.6373333333333,3e765e9f80f2982a
centered,12000,257,30,chan_random,population_variance,0.00085002274999305559,0.0008500227499930555926023897850401163691916700819056878998219619222244722173709595,3.2467503619076006385061156371158014252125869222244722173709595E-21,3.8196040775780713225832966670625146199745372691575344525362690658801283179862503E-18,0.029945986498666689,3f4bda81f4bee95b
centered,12000,257,31,chan_random,sum,0.0010000000000000087,0.001000000000000008694434061595757157192565500736236572265625,0E-60,0,0,3f50624dd2f1aa24
centered,12000,257,31,chan_random,mean,8.3333333333350081e-08,8.3333333333334057869505132979763099380458394686381022135416666666666666666666667E-8,1.6022651695459689859720360990043748946239550908406575520833333333333E-20,1.9227182034551460662198043481822750290857174632715747813750570332835347106965486E-13,1210.6373333333333,3e765e9f80f29703
centered,12000,257,31,chan_random,population_variance,0.00085002274999305537,0.0008500227499930555926023897850401163691916700819056878998219619222244722173709595,2.200871848590084874399966758111041437103688369222244722173709595E-19,2.5891916994081220489582984513046169624143624306968494366961510297248717198307459E-16,2.0299459864986669,3f4bda81f4bee959
centered,12000,1024,,naive,sum,0.00099999999999999742,0.001000000000000008694434061595757157192565500736236572265625,1.1275702593849246113677509129047393798828125E-17,1.1275702593849148077824808743384727465726733850851541993160521169927441655543396E-14,52,3f50624dd2f1a9f0
centered,12000,1024,,naive,mean,8.3333333333333113e-08,8.3333333333334057869505132979763099380458394686381022135416666666666666666666667E-8,9.44477029228013807241974101695329106102387110392252604166666666667E-22,1.1333724350736067146584649443423929225898179258662789786619918382982826102163342E-14,71.362666666666669,3e765e9f80f29201
centered,12000,1024,,naive,population_variance,0.00085002274999306752,0.0008500227499930555926023897850401163691916700819056878998219619222244722173709595,1.19229771469786411734434746939322430242583811630777755277826290405E-17,1.4026656518400299275205976868819892474560419281759849972486799595797507273261872E-14,109.97005401350134,3f4bda81f4bee9c9
centered,12000,1024,,welford,sum,0.0010000000000000087,0.001000000000000008694434061595757157192565500736236572265625,0E-60,0,0,3f50624dd2f1aa24
centered,12000,1024,,welford,mean,8.3333333333287996e-08,8.3333333333334057869505132979763099380458394686381022135416666666666666666666667E-8,4.6062216360320355305428089801959382990996042887369791666666666666667E-20,5.5274659632383945784630256851360312746802608590613649755053898578855648995452547E-13,3480.3626666666669,3e765e9f80f284b0
centered,12000,1024,,welford,population_variance,0.0008500227499930557,0.0008500227499930555926023897850401163691916700819056878998219619222244722173709595,1.051734668866428427622391644498783697173655380777755277826290405E-19,1.2373017885403899546403997756463707619075631563110617015600314788742339351455792E-16,0.97005401350133336,3f4bda81f4bee95c
centered,12000,1024,,chan_left,sum,0.0010000000000000087,0.001000000000000008694434061595757157192565500736236572265625,0E-60,0,0,3f50624dd2f1aa24
centered,12000,1024,,chan_left,mean,8.333333333329374e-08,8.3333333333334057869505132979763099380458394686381022135416666666666666666666667E-8,4.0318274186752131131121027844225560935835043589274088541666666666667E-20,4.8381929024102136703853560551082877368771411421795709327669302648846292289323912E-13,3046.3626666666669,3e765e9f80f28662
centered,12000,1024,,chan_left,population_variance,0.00085002274999305537,0.0008500227499930555926023897850401163691916700819056878998219619222244722173709595,2.200871848590084874399966758111041437103688369222244722173709595E-19,2.5891916994081220489582984513046169624143624306968494366961510297248717198307459E-16,2.0299459864986669,3f4bda81f4bee959
centered,12000,1024,,chan_balanced,sum,0.0010000000000000087,0.001000000000000008694434061595757157192565500736236572265625,0E-60,0,0,3f50624dd2f1aa24
centered,12000,1024,,chan_balanced,mean,8.3333333333292125e-08,8.3333333333334057869505132979763099380458394686381022135416666666666666666666667E-8,4.1932930742455641152470017611146128425995508829752604166666666666667E-20,5.0319516890946331883242401446552571184715665003813655715090778924102378736668828E-13,3168.3626666666669,3e765e9f80f285e8
centered,12000,1024,,chan_balanced,population_variance,0.00085002274999305559,0.0008500227499930555926023897850401163691916700819056878998219619222244722173709595,3.2467503619076006385061156371158014252125869222244722173709595E-21,3.8196040775780713225832966670625146199745372691575344525362690658801283179862503E-18,0.029945986498666689,3f4bda81f4bee95b
centered,12000,1024,0,chan_random,sum,0.0010000000000000087,0.001000000000000008694434061595757157192565500736236572265625,0E-60,0,0,3f50624dd2f1aa24
centered,12000,1024,0,chan_random,mean,8.3333333333299947e-08,8.3333333333334057869505132979763099380458394686381022135416666666666666666666667E-8,3.4111110870154211458885977018932559682677189509073893229166666666667E-20,4.0933333044184697858498098420137906879608666094202128543237561885771664881088129E-13,2577.3626666666669,3e765e9f80f28837
centered,12000,1024,0,chan_random,population_variance,0.0008500227499930557,0.0008500227499930555926023897850401163691916700819056878998219619222244722173709595,1.051734668866428427622391644498783697173655380777755277826290405E-19,1.2373017885403899546403997756463707619075631563110617015600314788742339351455792E-16,0.97005401350133336,3f4bda81f4bee95c
centered,12000,1024,1,chan_random,sum,0.0010000000000000087,0.001000000000000008694434061595757157192565500736236572265625,0E-60,0,0,3f50624dd2f1aa24
centered,12000,1024,1,chan_random,mean,8.333333333329419e-08,8.3333333333334057869505132979763099380458394686381022135416666666666666666666667E-8,3.9868287933523284075990981515739501143495241800944010416666666666667E-20,4.7841945520227524932548473744148700403672193210413658695109219096725743607276969E-13,3012.3626666666669,3e765e9f80f28684
centered,12000,1024,1,chan_random,population_variance,0.00085002274999305559,0.0008500227499930555926023897850401163691916700819056878998219619222244722173709595,3.2467503619076006385061156371158014252125869222244722173709595E-21,3.8196040775780713225832966670625146199745372691575344525362690658801283179862503E-18,0.029945986498666689,3f4bda81f4bee95b
centered,12000,1024,2,chan_random,sum,0.0010000000000000087,0.001000000000000008694434061595757157192565500736236572265625,0E-60,0,0,3f50624dd2f1aa24
centered,12000,1024,2,chan_random,mean,8.3333333333294679e-08,8.3333333333334057869505132979763099380458394686381022135416666666666666666666667E-8,3.9378597010891891692467107570034083134184281031290690104166666666667E-20,4.7254316413069859181422349866014449000475985156850838889087951701771028865049412E-13,2975.3626666666669,3e765e9f80f286a9
centered,12000,1024,2,chan_random,population_variance,0.0008500227499930557,0.0008500227499930555926023897850401163691916700819056878998219619222244722173709595,1.051734668866428427622391644498783697173655380777755277826290405E-19,1.2373017885403899546403997756463707619075631563110617015600314788742339351455792E-16,0.97005401350133336,3f4bda81f4bee95c
centered,12000,1024,3,chan_random,sum,0.0010000000000000087,0.001000000000000008694434061595757157192565500736236572265625,0E-60,0,0,3f50624dd2f1aa24
centered,12000,1024,3,chan_random,mean,8.3333333333289743e-08,8.3333333333334057869505132979763099380458394686381022135416666666666666666666667E-8,4.4315210906608360856099674644307621444265047709147135416666666666667E-20,5.3178253087929570672504625718557037470535055534659806122761809494152342347505589E-13,3348.3626666666669,3e765e9f80f28534
centered,12000,1024,3,chan_random,population_variance,0.0008500227499930557,0.0008500227499930555926023897850401163691916700819056878998219619222244722173709595,1.051734668866428427622391644498783697173655380777755277826290405E-19,1.2373017885403899546403997756463707619075631563110617015600314788742339351455792E-16,0.97005401350133336,3f4bda81f4bee95c
centered,12000,1024,4,chan_random,sum,0.0010000000000000087,0.001000000000000008694434061595757157192565500736236572265625,0E-60,0,0,3f50624dd2f1aa24
centered,12000,1024,4,chan_random,mean,8.3333333333296625e-08,8.3333333333334057869505132979763099380458394686381022135416666666666666666666667E-8,3.7433068210167170601169554326285530502597490946451822916666666666667E-20,4.4919681852200214170191533377210801533723482889993149389489943402896891916199391E-13,2828.3626666666669,3e765e9f80f2873c
centered,12000,1024,4,chan_random,population_variance,0.0008500227499930557,0.0008500227499930555926023897850401163691916700819056878998219619222244722173709595,1.051734668866428427622391644498783697173655380777755277826290405E-19,1.2373017885403899546403997756463707619075631563110617015600314788742339351455792E-16,0.97005401350133336,3f4bda81f4bee95c
centered,12000,1024,5,chan_random,sum,0.0010000000000000087,0.001000000000000008694434061595757157192565500736236572265625,0E-60,0,0,3f50624dd2f1aa24
centered,12000,1024,5,chan_random,mean,8.3333333333291543e-08,8.3333333333334057869505132979763099380458394686381022135416666666666666666666667E-8,4.2515265893692972635579489330363382274905840555826822916666666666667E-20,5.1018319072431123587284278490820329610138182689131603592521475285670147619317814E-13,3212.3626666666669,3e765e9f80f285bc
centered,12000,1024,5,chan_random,population_variance,0.0008500227499930557,0.0008500227499930555926023897850401163691916700819056878998219619222244722173709595,1.051734668866428427622391644498783697173655380777755277826290405E-19,1.2373017885403899546403997756463707619075631563110617015600314788742339351455792E-16,0.97005401350133336,3f4bda81f4bee95c
centered,12000,1024,6,chan_random,sum,0.0010000000000000087,0.001000000000000008694434061595757157192565500736236572265625,0E-60,0,0,3f50624dd2f1aa24
centered,12000,1024,6,chan_random,mean,8.3333333333292469e-08,8.3333333333334057869505132979763099380458394686381022135416666666666666666666667E-8,4.1588823607633581639723511595245023878912130991617838541666666666667E-20,4.9906588329159864058126746829485259387875086371580322878427185619539606215103518E-13,3142.3626666666669,3e765e9f80f28602
centered,12000,1024,6,chan_random,population_variance,0.00085002274999305559,0.0008500227499930555926023897850401163691916700819056878998219619222244722173709595,3.2467503619076006385061156371158014252125869222244722173709595E-21,3.8196040775780713225832966670625146199745372691575344525362690658801283179862503E-18,0.029945986498666689,3f4bda81f4bee95b
centered,12000,1024,7,chan_random,sum,0.0010000000000000087,0.001000000000000008694434061595757157192565500736236572265625,0E-60,0,0,3f50624dd2f1aa24
centered,12000,1024,7,chan_random,mean,8.3333333333295195e-08,8.3333333333334057869505132979763099380458394686381022135416666666666666666666667E-8,3.8862436308658802423347348546182426313559214274088541666666666666667E-20,4.6634923570390157443748867940413481305215117208500839634092561744926870082701447E-13,2936.3626666666669,3e765e9f80f286d0
centered,12000,1024,7,chan_random,population_variance,0.0008500227499930557,0.0008500227499930555926023897850401163691916700819056878998219619222244722173709595,1.051734668866428427622391644498783697173655380777755277826290405E-19,1.2373017885403899546403997756463707619075631563110617015600314788742339351455792E-16,0.97005401350133336,3f4bda81f4bee95c
centered,12000,1024,8,chan_random,sum,0.0010000000000000087,0.001000000000000008694434061595757157192565500736236572265625,0E-60,0,0,3f50624dd2f1aa24
centered,12000,1024,8,chan_random,mean,8.3333333333293568e-08,8.3333333333334057869505132979763099380458394686381022135416666666666666666666667E-8,4.0490327754163160887494280852176113209376732508341471354166666666667E-20,4.8588393304995370616411387859616533267191700737912375746001099301127678550106567E-13,3059.3626666666669,3e765e9f80f28655
centered,12000,1024,8,chan_random,population_variance,0.00085002274999305559,0.0008500227499930555926023897850401163691916700819056878998219619222244722173709595,3.2467503619076006385061156371158014252125869222244722173709595E-21,3.8196040775780713225832966670625146199745372691575344525362690658801283179862503E-18,0.029945986498666689,3f4bda81f4bee95b
centered,12000,1024,9,chan_random,sum,0.0010000000000000087,0.001000000000000008694434061595757157192565500736236572265625,0E-60,0,0,3f50624dd2f1aa24
centered,12000,1024,9,chan_random,mean,8.3333333333293276e-08,8.3333333333334057869505132979763099380458394686381022135416666666666666666666667E-8,4.0781495329781826629049016711784740133831898371378580729166666666667E-20,4.8937794395737766468432326381750412479902959580571349684716447481911562991431060E-13,3081.3626666666669,3e765e9f80f2863f
centered,12000,1024,9,chan_random,population_variance,0.0008500227499930557,0.0008500227499930555926023897850401163691916700819056878998219619222244722173709595,1.051734668866428427622391644498783697173655380777755277826290405E-19,1.2373017885403899546403997756463707619075631563110617015600314788742339351455792E-16,0.97005401350133336,3f4bda81f4bee95c
centered,12000,1024,10,chan_random,sum,0.0010000000000000087,0.001000000000000008694434061595757157192565500736236572265625,0E-60,0,0,3f50624dd2f1aa24
centered,12000,1024,10,chan_random,mean,8.3333333333292151e-08,8.3333333333334057869505132979763099380458394686381022135416666666666666666666667E-8,4.1906460962853944266874132532999889614681402842203776041666666666667E-20,5.0287753155424295896695043399085854892651005109026476266116656362212934696548420E-13,3166.3626666666669,3e765e9f80f285ea
centered,12000,1024,10,chan_random,population_variance,0.00085002274999305559,0.0008500227499930555926023897850401163691916700819056878998219619222244722173709595,3.2467503619076006385061156371158014252125869222244722173709595E-21,3.8196040775780713225832966670625146199745372691575344525362690658801283179862503E-18,0.029945986498666689,3f4bda81f4bee95b
centered,12000,1024,11,chan_random,sum,0.0010000000000000087,0.001000000000000008694434061595757157192565500736236572265625,0E-60,0,0,3f50624dd2f1aa24
centered,12000,1024,11,chan_random,mean,8.3333333333294984e-08,8.3333333333334057869505132979763099380458394686381022135416666666666666666666667E-8,3.9074194545472377508114429171352336804072062174479166666666666666667E-20,4.6889033454566445336127732320147211641732396366798275225885542240042422403664715E-13,2952.3626666666669,3e765e9f80f286c0
centered,12000,1024,11,chan_random,population_variance,0.0008500227499930557,0.0008500227499930555926023897850401163691916700819056878998219619222244722173709595,1.051734668866428427622391644498783697173655380777755277826290405E-19,1.2373017885403899546403997756463707619075631563110617015600314788742339351455792E-16,0.97005401350133336,3f4bda81f4bee95c
centered,12000,1024,12,chan_random,sum,0.0010000000000000087,0.001000000000000008694434061595757157192565500736236572265625,0E-60,0,0,3f50624dd2f1aa24
centered,12000,1024,12,chan_random,mean,8.3333333333297406e-08,8.3333333333334057869505132979763099380458394686381022135416666666666666666666667E-8,3.6652209711917112476090944520971485568831364313761393229166666666667E-20,4.3982651654300152567044470976942670917816015993771355644753327827158292732647341E-13,2769.3626666666669,3e765e9f80f28777
centered,12000,1024,12,chan_random,population_variance,0.00085002274999305559,0.0008500227499930555926023897850401163691916700819056878998219619222244722173709595,3.2467503619076006385061156371158014252125869222244722173709595E-21,3.8196040775780713225832966670625146199745372691575344525362690658801283179862503E-18,0.029945986498666689,3f4bda81f4bee95b
centered,12000,1024,13,chan_random,sum,0.0010000000000000087,0.001000000000000008694434061595757157192565500736236572265625,0E-60,0,0,3f50624dd2f1aa24
centered,12000,1024,13,chan_random,mean,8.3333333333296612e-08,8.3333333333334057869505132979763099380458394686381022135416666666666666666666667E-8,3.7446303099968019043967496865358649908254543940226236979166666666667E-20,4.4935563719961232163465212400944159679755812837386739113977004683841613936259595E-13,2829.3626666666669,3e765e9f80f2873b
centered,12000,1024,13,chan_random,population_variance,0.00085002274999305559,0.0008500227499930555926023897850401163691916700819056878998219619222244722173709595,3.2467503619076006385061156371158014252125869222244722173709595E-21,3.8196040775780713225832966670625146199745372691575344525362690658801283179862503E-18,0.029945986498666689,3f4bda81f4bee95b
centered,12000,1024,14,chan_random,sum,0.0010000000000000087,0.001000000000000008694434061595757157192565500736236572265625,0E-60,0,0,3f50624dd2f1aa24
centered,12000,1024,14,chan_random,mean,8.3333333333292151e-08,8.3333333333334057869505132979763099380458394686381022135416666666666666666666667E-8,4.1906460962853944266874132532999889614681402842203776041666666666667E-20,5.0287753155424295896695043399085854892651005109026476266116656362212934696548420E-13,3166.3626666666669,3e765e9f80f285ea
centered,12000,1024,14,chan_random,population_variance,0.00085002274999305559,0.0008500227499930555926023897850401163691916700819056878998219619222244722173709595,3.2467503619076006385061156371158014252125869222244722173709595E-21,3.8196040775780713225832966670625146199745372691575344525362690658801283179862503E-18,0.029945986498666689,3f4bda81f4bee95b
centered,12000,1024,15,chan_random,sum,0.0010000000000000087,0.001000000000000008694434061595757157192565500736236572265625,0E-60,0,0,3f50624dd2f1aa24
centered,12000,1024,15,chan_random,mean,8.3333333333293726e-08,8.3333333333334057869505132979763099380458394686381022135416666666666666666666667E-8,4.0331509076552979573918970383298680341492096583048502604166666666667E-20,4.8397810891863154697127239574816235514803741369189299052156363929791014309384117E-13,3047.3626666666669,3e765e9f80f28661
centered,12000,1024,15,chan_random,population_variance,0.0008500227499930557,0.0008500227499930555926023897850401163691916700819056878998219619222244722173709595,1.051734668866428427622391644498783697173655380777755277826290405E-19,1.2373017885403899546403997756463707619075631563110617015600314788742339351455792E-16,0.97005401350133336,3f4bda81f4bee95c
centered,12000,1024,16,chan_random,sum,0.0010000000000000087,0.001000000000000008694434061595757157192565500736236572265625,0E-60,0,0,3f50624dd2f1aa24
centered,12000,1024,16,chan_random,mean,8.3333333333294732e-08,8.3333333333334057869505132979763099380458394686381022135416666666666666666666667E-8,3.9325657451688497921275337413741605511556069056193033854166666666667E-20,4.7190788942025787208327633771081016416346665367276479991139706577992140784808595E-13,2971.3626666666669,3e765e9f80f286ad
centered,12000,1024,16,chan_random,population_variance,0.0008500227499930557,0.0008500227499930555926023897850401163691916700819056878998219619222244722173709595,1.051734668866428427622391644498783697173655380777755277826290405E-19,1.2373017885403899546403997756463707619075631563110617015600314788742339351455792E-16,0.97005401350133336,3f4bda81f4bee95c
centered,12000,1024,17,chan_random,sum,0.0010000000000000087,0.001000000000000008694434061595757157192565500736236572265625,0E-60,0,0,3f50624dd2f1aa24
centered,12000,1024,17,chan_random,mean,8.3333333333292548e-08,8.3333333333334057869505132979763099380458394686381022135416666666666666666666667E-8,4.1509414268828490982935856360806307444969813028971354166666666666667E-20,4.9811297122593756098484672687085110511681106687218784531504817933871274094742293E-13,3136.3626666666669,3e765e9f80f28608
centered,12000,1024,17,chan_random,population_variance,0.0008500227499930557,0.0008500227499930555926023897850401163691916700819056878998219619222244722173709595,1.051734668866428427622391644498783697173655380777755277826290405E-19,1.2373017885403899546403997756463707619075631563110617015600314788742339351455792E-16,0.97005401350133336,3f4bda81f4bee95c
centered,12000,1024,18,chan_random,sum,0.0010000000000000087,0.001000000000000008694434061595757157192565500736236572265625,0E-60,0,0,3f50624dd2f1aa24
centered,12000,1024,18,chan_random,mean,8.3333333333289676e-08,8.3333333333334057869505132979763099380458394686381022135416666666666666666666667E-8,4.4381385355612603070089387339673218472550312678019205729166666666667E-20,5.3257662426734660638873020837223828200696705271627754745197115898875952447806610E-13,3353.3626666666669,3e765e9f80f2852f
centered,12000,1024,18,chan_random,population_variance,0.00085002274999305559,0.0008500227499930555926023897850401163691916700819056878998219619222244722173709595,3.2467503619076006385061156371158014252125869222244722173709595E-21,3.8196040775780713225832966670625146199745372691575344525362690658801283179862503E-18,0.029945986498666689,3f4bda81f4bee95b
centered,12000,1024,19,chan_random,sum,0.0010000000000000087,0.001000000000000008694434061595757157192565500736236572265625,0E-60,0,0,3f50624dd2f1aa24
centered,12000,1024,19,chan_random,mean,8.3333333333289676e-08,8.3333333333334057869505132979763099380458394686381022135416666666666666666666667E-8,4.4381385355612603070089387339673218472550312678019205729166666666667E-20,5.3257662426734660638873020837223828200696705271627754745197115898875952447806610E-13,3353.3626666666669,3e765e9f80f2852f
centered,12000,1024,19,chan_random,population_variance,0.00085002274999305559,0.0008500227499930555926023897850401163691916700819056878998219619222244722173709595,3.2467503619076006385061156371158014252125869222244722173709595E-21,3.8196040775780713225832966670625146199745372691575344525362690658801283179862503E-18,0.029945986498666689,3f4bda81f4bee95b
centered,12000,1024,20,chan_random,sum,0.0010000000000000087,0.001000000000000008694434061595757157192565500736236572265625,0E-60,0,0,3f50624dd2f1aa24
centered,12000,1024,20,chan_random,mean,8.3333333333294216e-08,8.3333333333334057869505132979763099380458394686381022135416666666666666666666667E-8,3.9841818153921587190395096437593262332181135813395182291666666666667E-20,4.7810181784705488946001115696681984111607533315626479246135096534836299567156560E-13,3010.3626666666669,3e765e9f80f28686
centered,12000,1024,20,chan_random,population_variance,0.0008500227499930557,0.0008500227499930555926023897850401163691916700819056878998219619222244722173709595,1.051734668866428427622391644498783697173655380777755277826290405E-19,1.2373017885403899546403997756463707619075631563110617015600314788742339351455792E-16,0.97005401350133336,3f4bda81f4bee95c
centered,12000,1024,21,chan_random,sum,0.0010000000000000087,0.001000000000000008694434061595757157192565500736236572265625,0E-60,0,0,3f50624dd2f1aa24
centered,12000,1024,21,chan_random,mean,8.3333333333292337e-08,8.3333333333334057869505132979763099380458394686381022135416666666666666666666667E-8,4.1721172505642066067702936985976217935482660929361979166666666666667E-20,5.0065407006770043990863537066818840848198385845516220123297798428986826415705560E-13,3152.3626666666669,3e765e9f80f285f8
centered,12000,1024,21,chan_random,population_variance,0.00085002274999305559,0.0008500227499930555926023897850401163691916700819056878998219619222244722173709595,3.2467503619076006385061156371158014252125869222244722173709595E-21,3.8196040775780713225832966670625146199745372691575344525362690658801283179862503E-18,0.029945986498666689,3f4bda81f4bee95b
centered,12000,1024,22,chan_random,sum,0.0010000000000000087,0.001000000000000008694434061595757157192565500736236572265625,0E-60,0,0,3f50624dd2f1aa24
centered,12000,1024,22,chan_random,mean,8.3333333333294348e-08,8.3333333333334057869505132979763099380458394686381022135416666666666666666666667E-8,3.9709469255913102762415671046862068275610605875651041666666666666667E-20,4.7651363107095309013264325459348402651284233841690582001264483725389079366554518E-13,3000.3626666666669,3e765e9f80f28690
centered,12000,1024,22,chan_random,population_variance,0.00085002274999305559,0.0008500227499930555926023897850401163691916700819056878998219619222244722173709595,3.2467503619076006385061156371158014252125869222244722173709595E-21,3.8196040775780713225832966670625146199745372691575344525362690658801283179862503E-18,0.029945986498666689,3f4bda81f4bee95b
centered,12000,1024,23,chan_random,sum,0.0010000000000000087,0.001000000000000008694434061595757157192565500736236572265625,0E-60,0,0,3f50624dd2f1aa24
centered,12000,1024,23,chan_random,mean,8.3333333333290603e-08,8.3333333333334057869505132979763099380458394686381022135416666666666666666666667E-8,4.3454943069553212074233409604554860076556603113810221354166666666667E-20,5.2145931683463401109715489175888757978433608954076474031102826232745411043592314E-13,3283.3626666666669,3e765e9f80f28575
centered,12000,1024,23,chan_random,population_variance,0.00085002274999305559,0.0008500227499930555926023897850401163691916700819056878998219619222244722173709595,3.2467503619076006385061156371158014252125869222244722173709595E-21,3.8196040775780713225832966670625146199745372691575344525362690658801283179862503E-18,0.029945986498666689,3f4bda81f4bee95b
centered,12000,1024,24,chan_random,sum,0.0010000000000000087,0.001000000000000008694434061595757157192565500736236572265625,0E-60,0,0,3f50624dd2f1aa24
centered,12000,1024,24,chan_random,mean,8.3333333333295632e-08,8.3333333333334057869505132979763099380458394686381022135416666666666666666666667E-8,3.8425684945230803811015244756769485926876465479532877604166666666667E-20,4.6110821934276563665717460157212662486148228944512378726019539473751043420714708E-13,2903.3626666666669,3e765e9f80f286f1
centered,12000,1024,24,chan_random,population_variance,0.00085002274999305559,0.0008500227499930555926023897850401163691916700819056878998219619222244722173709595,3.2467503619076006385061156371158014252125869222244722173709595E-21,3.8196040775780713225832966670625146199745372691575344525362690658801283179862503E-18,0.029945986498666689,3f4bda81f4bee95b
centered,12000,1024,25,chan_random,sum,0.0010000000000000087,0.001000000000000008694434061595757157192565500736236572265625,0E-60,0,0,3f50624dd2f1aa24
centered,12000,1024,25,chan_random,mean,8.3333333333297445e-08,8.3333333333334057869505132979763099380458394686381022135416666666666666666666667E-8,3.6612505042514567147697116903752127351860205332438151041666666666667E-20,4.3935006051017098587223433905742596479719026151590586471292143984324126672466728E-13,2766.3626666666669,3e765e9f80f2877a
centered,12000,1024,25,chan_random,population_variance,0.0008500227499930557,0.0008500227499930555926023897850401163691916700819056878998219619222244722173709595,1.051734668866428427622391644498783697173655380777755277826290405E-19,1.2373017885403899546403997756463707619075631563110617015600314788742339351455792E-16,0.97005401350133336,3f4bda81f4bee95c
centered,12000,1024,26,chan_random,sum,0.0010000000000000087,0.001000000000000008694434061595757157192565500736236572265625,0E-60,0,0,3f50624dd2f1aa24
centered,12000,1024,26,chan_random,mean,8.3333333333296241e-08,8.3333333333334057869505132979763099380458394686381022135416666666666666666666667E-8,3.7816880014391775442309887959405993266652027765909830729166666666667E-20,4.5380256017269735975128225065478187768661051364407251399614720550293830497945313E-13,2857.3626666666669,3e765e9f80f2871f
centered,12000,1024,26,chan_random,population_variance,0.0008500227499930557,0.0008500227499930555926023897850401163691916700819056878998219619222244722173709595,1.051734668866428427622391644498783697173655380777755277826290405E-19,1.2373017885403899546403997756463707619075631563110617015600314788742339351455792E-16,0.97005401350133336,3f4bda81f4bee95c
centered,12000,1024,27,chan_random,sum,0.0010000000000000087,0.001000000000000008694434061595757157192565500736236572265625,0E-60,0,0,3f50624dd2f1aa24
centered,12000,1024,27,chan_random,mean,8.3333333333294468e-08,8.3333333333334057869505132979763099380458394686381022135416666666666666666666667E-8,3.9590355247705466777234188195203993624697128931681315104166666666667E-20,4.7508426297246147073801214245748179336993264315148274480880932196886581186012680E-13,2991.3626666666669,3e765e9f80f28699
centered,12000,1024,27,chan_random,population_variance,0.0008500227499930557,0.0008500227499930555926023897850401163691916700819056878998219619222244722173709595,1.051734668866428427622391644498783697173655380777755277826290405E-19,1.2373017885403899546403997756463707619075631563110617015600314788742339351455792E-16,0.97005401350133336,3f4bda81f4bee95c
centered,12000,1024,28,chan_random,sum,0.0010000000000000087,0.001000000000000008694434061595757157192565500736236572265625,0E-60,0,0,3f50624dd2f1aa24
centered,12000,1024,28,chan_random,mean,8.3333333333294494e-08,8.3333333333334057869505132979763099380458394686381022135416666666666666666666667E-8,3.9563885468103769891638303117057754813383022944132486979166666666667E-20,4.7476662561724111087253856198281463044928604420361095031906809634997137145892271E-13,2989.3626666666669,3e765e9f80f2869b
centered,12000,1024,28,chan_random,population_variance,0.00085002274999305591,0.0008500227499930555926023897850401163691916700819056878998219619222244722173709595,3.220139013837437295637297246238667120025217880777755277826290405E-19,3.7882974471727312903728652602803625781221802143163357937308198179403043717964625E-16,2.9700540135013331,3f4bda81f4bee95e
centered,12000,1024,29,chan_random,sum,0.0010000000000000087,0.001000000000000008694434061595757157192565500736236572265625,0E-60,0,0,3f50624dd2f1aa24
centered,12000,1024,29,chan_random,mean,8.3333333333294044e-08,8.3333333333334057869505132979763099380458394686381022135416666666666666666666667E-8,4.0013871721332616946768349445543814605722824732462565104166666666667E-20,4.8016646065598722858558943005215640010027822631743145664466893187117685827939215E-13,3023.3626666666669,3e765e9f80f28679
centered,12000,1024,29,chan_random,population_variance,0.00085002274999305559,0.0008500227499930555926023897850401163691916700819056878998219619222244722173709595,3.2467503619076006385061156371158014252125869222244722173709595E-21,3.8196040775780713225832966670625146199745372691575344525362690658801283179862503E-18,0.029945986498666689,3f4bda81f4bee95b
centered,12000,1024,30,chan_random,sum,0.0010000000000000087,0.001000000000000008694434061595757157192565500736236572265625,0E-60,0,0,3f50624dd2f1aa24
centered,12000,1024,30,chan_random,mean,8.3333333333294997e-08,8.3333333333334057869505132979763099380458394686381022135416666666666666666666667E-8,3.9060959655671529065316486632279217398415009180704752604166666666667E-20,4.6873151586805427342854053296413853495700066419404685501398480959097700383604511E-13,2951.3626666666669,3e765e9f80f286c1
centered,12000,1024,30,chan_random,population_variance,0.0008500227499930557,0.0008500227499930555926023897850401163691916700819056878998219619222244722173709595,1.051734668866428427622391644498783697173655380777755277826290405E-19,1.2373017885403899546403997756463707619075631563110617015600314788742339351455792E-16,0.97005401350133336,3f4bda81f4bee95c
centered,12000,1024,31,chan_random,sum,0.0010000000000000087,0.001000000000000008694434061595757157192565500736236572265625,0E-60,0,0,3f50624dd2f1aa24
centered,12000,1024,31,chan_random,mean,8.3333333333293382e-08,8.3333333333334057869505132979763099380458394686381022135416666666666666666666667E-8,4.0675616211375039086665476399199784888575474421183268229166666666667E-20,4.8810739453649622522242894191883547311644320001422631888819957234353786830949426E-13,3073.3626666666669,3e765e9f80f28647
centered,12000,1024,31,chan_random,population_variance,0.0008500227499930557,0.0008500227499930555926023897850401163691916700819056878998219619222244722173709595,1.051734668866428427622391644498783697173655380777755277826290405E-19,1.2373017885403899546403997756463707619075631563110617015600314788742339351455792E-16,0.97005401350133336,3f4bda81f4bee95c
centered_wide,12000,31,,naive,sum,0.99999999999832667,1.0000000000000124344978758017532527446746826171875,1.6857626405908376909792423248291015625E-12,1.6857626405908167293672687923640552816068333392483480398145183826196836533940656E-12,7592,3fefffffffffc520
centered_wide,12000,31,,naive,mean,8.3333333333193889e-05,0.000083333333333334369541489650146104395389556884765625,1.404809428506847979178928653709590435028076171875E-16,1.6857713142081966132948887751007783744558109165570037811995691274332138274447387E-12,10365.664000000001,3f15d867c3ecba74
centered_wide,12000,31,,naive,population_variance,850.02274999305553,850.02274999305557339225046674534608196143071252094249798616168021148011696434125,4.656298401172086526225928227502094249798616168021148011696434125E-14,5.4778515059863127945427348029427849186194613993090797330584238441282130658214290E-17,0.40957233875868054,408a902e978c6143
centered_wide,12000,31,,welford,sum,1.0000000000000124,1.0000000000000124344978758017532527446746826171875,0E-49,0,0,3ff0000000000038
centered_wide,12000,31,,welford,mean,8.3333333333360802e-05,0.000083333333333334369541489650146104395389556884765625,2.643198160345860969755449332296848297119140625E-17,3.1718377924149937234962470267943777569122908477007556164367693702222882425701450E-13,1950.336,3f15d867c3ecea90
centered_wide,12000,31,,welford,population_variance,850.02274999305712,850.02274999305557339225046674534608196143071252094249798616168021148011696434125,1.54505274409090355108905907709997905750201383831978851988303565875E-12,1.8176604615623830782907718504014141427379251680091532643322169997084155186290312E-15,13.59042766124132,408a902e978c6151
centered_wide,12000,31,,chan_left,sum,1.0000000000000124,1.0000000000000124344978758017532527446746826171875,0E-49,0,0,3ff0000000000038
centered_wide,12000,31,,chan_left,mean,8.3333333333313679e-05,0.000083333333333334369541489650146104395389556884765625,2.0690155318192626765494424034841358661651611328125E-17,2.4828186381830843392562483956169664734070158140516436000831775006055569181695400E-13,1526.664,3f15d867c3ecdcfb
centered_wide,12000,31,,chan_left,population_variance,850.02274999305484,850.02274999305557339225046674534608196143071252094249798616168021148011696434125,7.2868401034141704369853857915002094249798616168021148011696434125E-13,8.5725236218368293061808414735693156001081737770833825232892762621972398035274807E-16,6.4095723387586805,408a902e978c613d
centered_wide,12000,31,,chan_balanced,sum,1.0000000000000124,1.0000000000000124344978758017532527446746826171875,0E-49,0,0,3ff0000000000038
centered_wide,12000,31,,chan_balanced,mean,8.3333333333312338e-05,0.000083333333333334369541489650146104395389556884765625,2.2031855506643438502578646875917911529541015625E-17,2.6438226607971797457021779460393774825532946059738430600876281017594127337902558E-13,1625.664,3f15d867c3ecdc98
centered_wide,12000,31,,chan_balanced,population_variance,850.02274999305564,850.02274999305557339225046674534608196143071252094249798616168021148011696434125,6.712385370989516447712060053747905750201383831978851988303565875E-14,7.8967126127440172500015451858489435951242513292783778502472992855124844290874673E-17,0.5904276612413194,408a902e978c6144
centered_wide,12000,31,0,chan_random,sum,1.0000000000000124,1.0000000000000124344978758017532527446746826171875,0E-49,0,0,3ff0000000000038
centered_wide,12000,31,0,chan_random,mean,8.333333333330586e-05,0.000083333333333334369541489650146104395389556884765625,2.850996348724432749577317736111581325531005859375E-17,3.4211956184692767586431307248465740721686608942446646952606320144012620253731057E-13,2103.6640000000002,3f15d867c3ecdaba
centered_wide,12000,31,0,chan_random,population_variance,850.02274999305564,850.02274999305557339225046674534608196143071252094249798616168021148011696434125,6.712385370989516447712060053747905750201383831978851988303565875E-14,7.8967126127440172500015451858489435951242513292783778502472992855124844290874673E-17,0.5904276612413194,408a902e978c6144
centered_wide,12000,31,1,chan_random,sum,1.0000000000000124,1.0000000000000124344978758017532527446746826171875,0E-49,0,0,3ff0000000000038
centered_wide,12000,31,1,chan_random,mean,8.3333333333340906e-05,0.000083333333333334369541489650146104395389556884765625,6.5368717383496033335177344270050525665283203125E-18,7.8442460860194264609599874376307107583413664020793938121925944604188079478013710E-14,482.33600000000001,3f15d867c3ece4d4
centered_wide,12000,31,1,chan_random,population_variance,850.02274999305564,850.02274999305557339225046674534608196143071252094249798616168021148011696434125,6.712385370989516447712060053747905750201383831978851988303565875E-14,7.8967126127440172500015451858489435951242513292783778502472992855124844290874673E-17,0.5904276612413194,408a902e978c6144
centered_wide,12000,31,2,chan_random,sum,1.0000000000000124,1.0000000000000124344978758017532527446746826171875,0E-49,0,0,3ff0000000000038
centered_wide,12000,31,2,chan_random,mean,8.3333333333241472e-05,0.000083333333333334369541489650146104395389556884765625,9.2898020005727222070390780572779476642608642578125E-17,1.1147762400687128031619002381986722602006747161137287265777246217249433540666244E-12,6854.6639999999998,3f15d867c3ecc82b
centered_wide,12000,31,2,chan_random,population_variance,850.02274999305564,850.02274999305557339225046674534608196143071252094249798616168021148011696434125,6.712385370989516447712060053747905750201383831978851988303565875E-14,7.8967126127440172500015451858489435951242513292783778502472992855124844290874673E-17,0.5904276612413194,408a902e978c6144
centered_wide,12000,31,3,chan_random,sum,1.0000000000000124,1.0000000000000124344978758017532527446746826171875,0E-49,0,0,3ff0000000000038
centered_wide,12000,31,3,chan_random,mean,8.3333333333309085e-05,0.000083333333333334369541489650146104395389556884765625,2.5284462024099951804601005278527736663818359375E-17,3.0341354428919564886014010985785556865442734954822053873711447106172450140829001E-13,1865.664,3f15d867c3ecdba8
centered_wide,12000,31,3,chan_random,population_variance,850.02274999305564,850.02274999305557339225046674534608196143071252094249798616168021148011696434125,6.712385370989516447712060053747905750201383831978851988303565875E-14,7.8967126127440172500015451858489435951242513292783778502472992855124844290874673E-17,0.5904276612413194,408a902e978c6144
centered_wide,12000,31,4,chan_random,sum,1.0000000000000124,1.0000000000000124344978758017532527446746826171875,0E-49,0,0,3ff0000000000038
centered_wide,12000,31,4,chan_random,mean,8.3333333333355313e-05,0.000083333333333334369541489650146104395389556884765625,2.0943208105250743500391763518564403057098388671875E-17,2.5131849726300579698538079568845145376775139716553941891458350927746962695763077E-13,1545.336,3f15d867c3ece8fb
centered_wide,12000,31,4,chan_random,population_variance,850.02274999305564,850.02274999305557339225046674534608196143071252094249798616168021148011696434125,6.712385370989516447712060053747905750201383831978851988303565875E-14,7.8967126127440172500015451858489435951242513292783778502472992855124844290874673E-17,0.5904276612413194,408a902e978c6144
centered_wide,12000,31,5,chan_random,sum,1.0000000000000124,1.0000000000000124344978758017532527446746826171875,0E-49,0,0,3ff0000000000038
centered_wide,12000,31,5,chan_random,mean,8.3333333333292741e-05,0.000083333333333334369541489650146104395389556884765625,4.162880977431893114726335625164210796356201171875E-17,4.9954571729182096216699974400879261615989424152617260819708156701278522225534379E-13,3071.6640000000002,3f15d867c3ecd6f2
centered_wide,12000,31,5,chan_random,population_variance,850.02274999305575,850.02274999305557339225046674534608196143071252094249798616168021148011696434125,1.8081069143151119421650048334997905750201383831978851988303565875E-13,2.1271276731474347294545825174640672108867964057865835433553022415153181923996364E-16,1.5904276612413195,408a902e978c6145
centered_wide,12000,31,6,chan_random,sum,1.0000000000000124,1.0000000000000124344978758017532527446746826171875,0E-49,0,0,3ff0000000000038
centered_wide,12000,31,6,chan_random,mean,8.3333333333301862e-05,0.000083333333333334369541489650146104395389556884765625,3.2507958998284625096175659564323723316192626953125E-17,3.9009550797941065051234258498426472812409057792653600558799545127890142032328144E-13,2398.6640000000002,3f15d867c3ecd993
centered_wide,12000,31,6,chan_random,population_variance,850.02274999305575,850.02274999305557339225046674534608196143071252094249798616168021148011696434125,1.8081069143151119421650048334997905750201383831978851988303565875E-13,2.1271276731474347294545825174640672108867964057865835433553022415153181923996364E-16,1.5904276612413195,408a902e978c6145
centered_wide,12000,31,7,chan_random,sum,1.0000000000000124,1.0000000000000124344978758017532527446746826171875,0E-49,0,0,3ff0000000000038
centered_wide,12000,31,7,chan_random,mean,8.333333333332482e-05,0.000083333333333334369541489650146104395389556884765625,9.549977995904068706067846505902707576751708984375E-18,1.1459973595084739948264090981702811247379131174855026291371331152674813581672331E-13,704.66399999999999,3f15d867c3ece031
centered_wide,12000,31,7,chan_random,population_variance,850.02274999305564,850.02274999305557339225046674534608196143071252094249798616168021148011696434125,6.712385370989516447712060053747905750201383831978851988303565875E-14,7.8967126127440172500015451858489435951242513292783778502472992855124844290874673E-17,0.5904276612413194,408a902e978c6144
centered_wide,12000,31,8,chan_random,sum,1.0000000000000124,1.0000000000000124344978758017532527446746826171875,0E-49,0,0,3ff0000000000038
centered_wide,12000,31,8,chan_random,mean,8.3333333333386334e-05,0.000083333333333334369541489650146104395389556884765625,5.19649427654922391184300067834556102752685546875E-17,6.2357931318589911552551487742269266582414751303413998856123747497562716428674031E-13,3834.3359999999998,3f15d867c3ecf1ec
centered_wide,12000,31,8,chan_random,population_variance,850.02274999305564,850.02274999305557339225046674534608196143071252094249798616168021148011696434125,6.712385370989516447712060053747905750201383831978851988303565875E-14,7.8967126127440172500015451858489435951242513292783778502472992855124844290874673E-17,0.5904276612413194,408a902e978c6144
centered_wide,12000,31,9,chan_random,sum,1.0000000000000124,1.0000000000000124344978758017532527446746826171875,0E-49,0,0,3ff0000000000038
centered_wide,12000,31,9,chan_random,mean,8.3333333333325877e-05,0.000083333333333334369541489650146104395389556884765625,8.492880877730701882910580025054514408111572265625E-18,1.0191457053276715533841615735950482084408449783952848727699902173886858670721237E-13,626.66399999999999,3f15d867c3ece07f
centered_wide,12000,31,9,chan_random,population_variance,850.02274999305564,850.02274999305557339225046674534608196143071252094249798616168021148011696434125,6.712385370989516447712060053747905750201383831978851988303565875E-14,7.8967126127440172500015451858489435951242513292783778502472992855124844290874673E-17,0.5904276612413194,408a902e978c6144
centered_wide,12000,31,10,chan_random,sum,1.0000000000000124,1.0000000000000124344978758017532527446746826171875,0E-49,0,0,3ff0000000000038
centered_wide,12000,31,10,chan_random,mean,8.3333333333277548e-05,0.000083333333333334369541489650146104395389556884765625,5.6821192716272062028792788623832166194915771484375E-17,6.8185431259525626582951189150730043560734729783403684523242411640013104984203309E-13,4192.6639999999998,3f15d867c3ecd291
centered_wide,12000,31,10,chan_random,population_variance,850.02274999305564,850.02274999305557339225046674534608196143071252094249798616168021148011696434125,6.712385370989516447712060053747905750201383831978851988303565875E-14,7.8967126127440172500015451858489435951242513292783778502472992855124844290874673E-17,0.5904276612413194,408a902e978c6144
centered_wide,12000,31,11,chan_random,sum,1.0000000000000124,1.0000000000000124344978758017532527446746826171875,0E-49,0,0,3ff0000000000038
centered_wide,12000,31,11,chan_random,mean,8.3333333333287835e-05,0.000083333333333334369541489650146104395389556884765625,4.6534824604815838711147080175578594207763671875E-17,5.5841789525778312088763256951678532859520022402701725922901198884884159119948432E-13,3433.6640000000002,3f15d867c3ecd588
centered_wide,12000,31,11,chan_random,population_variance,850.02274999305564,850.02274999305557339225046674534608196143071252094249798616168021148011696434125,6.712385370989516447712060053747905750201383831978851988303565875E-14,7.8967126127440172500015451858489435951242513292783778502472992855124844290874673E-17,0.5904276612413194,408a902e978c6144
centered_wide,12000,31,12,chan_random,sum,1.0000000000000124,1.0000000000000124344978758017532527446746826171875,0E-49,0,0,3ff0000000000038
centered_wide,12000,31,12,chan_random,mean,8.3333333333297308e-05,0.000083333333333334369541489650146104395389556884765625,3.7061608122723743719006961327977478504180908203125E-17,4.4473929747267939451823382633974967668282762245770673140768777651899793956425165E-13,2734.6640000000002,3f15d867c3ecd843
centered_wide,12000,31,12,chan_random,population_variance,850.02274999305541,850.02274999305557339225046674534608196143071252094249798616168021148011696434125,1.6024982173333689500163916508752094249798616168021148011696434125E-13,1.8852415624716642839087014791734513432363174127896537316364146973768910560730325E-16,1.4095723387586805,408a902e978c6142
centered_wide,12000,31,13,chan_random,sum,1.0000000000000124,1.0000000000000124344978758017532527446746826171875,0E-49,0,0,3ff0000000000038
centered_wide,12000,31,13,chan_random,mean,8.3333333333327422e-05,0.000083333333333334369541489650146104395389556884765625,6.947892781938858064449959783814847469329833984375E-18,8.3374713383265260050703057613893856154513000587881276731031982818121553393311759E-14,512.66399999999999,3f15d867c3ece0f1
centered_wide,12000,31,13,chan_random,population_variance,850.02274999305564,850.02274999305557339225046674534608196143071252094249798616168021148011696434125,6.712385370989516447712060053747905750201383831978851988303565875E-14,7.8967126127440172500015451858489435951242513292783778502472992855124844290874673E-17,0.5904276612413194,408a902e978c6144
centered_wide,12000,31,14,chan_random,sum,1.0000000000000124,1.0000000000000124344978758017532527446746826171875,0E-49,0,0,3ff0000000000038
centered_wide,12000,31,14,chan_random,mean,8.3333333333290057e-05,0.000083333333333334369541489650146104395389556884765625,4.43122101512205546214318019337952136993408203125E-17,5.3174652181464004345618565409327481798914999991061250019797168724355638537948695E-13,3269.6640000000002,3f15d867c3ecd62c
centered_wide,12000,31,14,chan_random,population_variance,850.02274999305564,850.02274999305557339225046674534608196143071252094249798616168021148011696434125,6.712385370989516447712060053747905750201383831978851988303565875E-14,7.8967126127440172500015451858489435951242513292783778502472992855124844290874673E-17,0.5904276612413194,408a902e978c6144
centered_wide,12000,31,15,chan_random,sum,1.0000000000000124,1.0000000000000124344978758017532527446746826171875,0E-49,0,0,3ff0000000000038
centered_wide,12000,31,15,chan_random,mean,8.3333333333306619e-05,0.000083333333333334369541489650146104395389556884765625,2.775102196650447439196796040050685405731201171875E-17,3.3301226359804955186333119892540991579040991533593801522278114723344344933048221E-13,2047.664,3f15d867c3ecdaf2
centered_wide,12000,31,15,chan_random,population_variance,850.02274999305564,850.02274999305557339225046674534608196143071252094249798616168021148011696434125,6.712385370989516447712060053747905750201383831978851988303565875E-14,7.8967126127440172500015451858489435951242513292783778502472992855124844290874673E-17,0.5904276612413194,408a902e978c6144
centered_wide,12000,31,16,chan_random,sum,1.0000000000000124,1.0000000000000124344978758017532527446746826171875,0E-49,0,0,3ff0000000000038
centered_wide,12000,31,16,chan_random,mean,8.3333333333298595e-05,0.000083333333333334369541489650146104395389556884765625,3.577411804289720720362311112694442272186279296875E-17,4.2928941651476114844513957655174053944151804141466738928604857741837541180266781E-13,2639.6640000000002,3f15d867c3ecd8a2
centered_wide,12000,31,16,chan_random,population_variance,850.02274999305541,850.02274999305557339225046674534608196143071252094249798616168021148011696434125,1.6024982173333689500163916508752094249798616168021148011696434125E-13,1.8852415624716642839087014791734513432363174127896537316364146973768910560730325E-16,1.4095723387586805,408a902e978c6142
centered_wide,12000,31,17,chan_random,sum,1.0000000000000124,1.0000000000000124344978758017532527446746826171875,0E-49,0,0,3ff0000000000038
centered_wide,12000,31,17,chan_random,mean,8.3333333333314452e-05,0.000083333333333334369541489650146104395389556884765625,1.99176612702967048562641139142215251922607421875E-17,2.3901193524355748628176828968889116499591583277934075473533423060018217516000369E-13,1469.664,3f15d867c3ecdd34
centered_wide,12000,31,17,chan_random,population_variance,850.02274999305564,850.02274999305557339225046674534608196143071252094249798616168021148011696434125,6.712385370989516447712060053747905750201383831978851988303565875E-14,7.8967126127440172500015451858489435951242513292783778502472992855124844290874673E-17,0.5904276612413194,408a902e978c6144
centered_wide,12000,31,18,chan_random,sum,1.0000000000000124,1.0000000000000124344978758017532527446746826171875,0E-49,0,0,3ff0000000000038
centered_wide,12000,31,18,chan_random,mean,8.3333333333334225e-05,0.000083333333333334369541489650146104395389556884765625,1.44524149592317741053193458355963230133056640625E-19,1.7342897951077913276155482077824151530665828657154899408964254653583014321003164E-15,10.664,3f15d867c3ece2e7
centered_wide,12000,31,18,chan_random,population_variance,850.02274999305564,850.02274999305557339225046674534608196143071252094249798616168021148011696434125,6.712385370989516447712060053747905750201383831978851988303565875E-14,7.8967126127440172500015451858489435951242513292783778502472992855124844290874673E-17,0.5904276612413194,408a902e978c6144
centered_wide,12000,31,19,chan_random,sum,1.0000000000000124,1.0000000000000124344978758017532527446746826171875,0E-49,0,0,3ff0000000000038
centered_wide,12000,31,19,chan_random,mean,8.3333333333322421e-05,0.000083333333333334369541489650146104395389556884765625,1.194877530252824726630933582782745361328125E-17,1.4338530363033718427145861731679250501812600484979198455087266143001326648830583E-13,881.66399999999999,3f15d867c3ecdf80
centered_wide,12000,31,19,chan_random,population_variance,850.02274999305575,850.02274999305557339225046674534608196143071252094249798616168021148011696434125,1.8081069143151119421650048334997905750201383831978851988303565875E-13,2.1271276731474347294545825174640672108867964057865835433553022415153181923996364E-16,1.5904276612413195,408a902e978c6145
centered_wide,12000,31,20,chan_random,sum,1.0000000000000124,1.0000000000000124344978758017532527446746826171875,0E-49,0,0,3ff0000000000038
centered_wide,12000,31,20,chan_random,mean,8.3333333333317976e-05,0.000083333333333334369541489650146104395389556884765625,1.6394004209718815445739892311394214630126953125E-17,1.9672805051662333913435244816381352623022645308260150261295326464058367812830055E-13,1209.664,3f15d867c3ecde38
centered_wide,12000,31,20,chan_random,population_variance,850.02274999305564,850.02274999305557339225046674534608196143071252094249798616168021148011696434125,6.712385370989516447712060053747905750201383831978851988303565875E-14,7.8967126127440172500015451858489435951242513292783778502472992855124844290874673E-17,0.5904276612413194,408a902e978c6144
centered_wide,12000,31,21,chan_random,sum,1.0000000000000124,1.0000000000000124344978758017532527446746826171875,0E-49,0,0,3ff0000000000038
centered_wide,12000,31,21,chan_random,mean,8.3333333333342573e-05,0.000083333333333334369541489650146104395389556884765625,8.203832578546066400804193108342587947845458984375E-18,9.8445990942551572683185060943939990537951332108097507395206170808151983843011733E-14,605.33600000000001,3f15d867c3ece54f
centered_wide,12000,31,21,chan_random,population_variance,850.02274999305564,850.02274999305557339225046674534608196143071252094249798616168021148011696434125,6.712385370989516447712060053747905750201383831978851988303565875E-14,7.8967126127440172500015451858489435951242513292783778502472992855124844290874673E-17,0.5904276612413194,408a902e978c6144
centered_wide,12000,31,22,chan_random,sum,1.0000000000000124,1.0000000000000124344978758017532527446746826171875,0E-49,0,0,3ff0000000000038
centered_wide,12000,31,22,chan_random,mean,8.3333333333300168e-05,0.000083333333333334369541489650146104395389556884765625,3.420202489279322577431230456568300724029541015625E-17,4.1042429871351360587167712417901359291528739508842987680067860799024685158852333E-13,2523.6640000000002,3f15d867c3ecd916
centered_wide,12000,31,22,chan_random,population_variance,850.02274999305575,850.02274999305557339225046674534608196143071252094249798616168021148011696434125,1.8081069143151119421650048334997905750201383831978851988303565875E-13,2.1271276731474347294545825174640672108867964057865835433553022415153181923996364E-16,1.5904276612413195,408a902e978c6145
centered_wide,12000,31,23,chan_random,sum,1.0000000000000124,1.0000000000000124344978758017532527446746826171875,0E-49,0,0,3ff0000000000038
centered_wide,12000,31,23,chan_random,mean,8.3333333333324969e-05,0.000083333333333334369541489650146104395389556884765625,9.4009001971873118463918217457830905914306640625E-18,1.1281080236624633941101947036789021237216599183830360224699719373614973786538202E-13,693.66399999999999,3f15d867c3ece03c
centered_wide,12000,31,23,chan_random,population_variance,850.02274999305575,850.02274999305557339225046674534608196143071252094249798616168021148011696434125,1.8081069143151119421650048334997905750201383831978851988303565875E-13,2.1271276731474347294545825174640672108867964057865835433553022415153181923996364E-16,1.5904276612413195,408a902e978c6145
centered_wide,12000,31,24,chan_random,sum,1.0000000000000124,1.0000000000000124344978758017532527446746826171875,0E-49,0,0,3ff0000000000038
centered_wide,12000,31,24,chan_random,mean,8.3333333333288553e-05,0.000083333333333334369541489650146104395389556884765625,4.5816540665544192023617142695002257823944091796875E-17,5.4979848798652346781527472489821180992373277355037425783483433040323112834302175E-13,3380.6640000000002,3f15d867c3ecd5bd
centered_wide,12000,31,24,chan_random,population_variance,850.02274999305564,850.02274999305557339225046674534608196143071252094249798616168021148011696434125,6.712385370989516447712060053747905750201383831978851988303565875E-14,7.8967126127440172500015451858489435951242513292783778502472992855124844290874673E-17,0.5904276612413194,408a902e978c6144
centered_wide,12000,31,25,chan_random,sum,1.0000000000000124,1.0000000000000124344978758017532527446746826171875,0E-49,0,0,3ff0000000000038
centered_wide,12000,31,25,chan_random,mean,8.3333333333292619e-05,0.000083333333333334369541489650146104395389556884765625,4.1750782518723550396089194691739976406097412109375E-17,5.0100939022467637495287183083081453442486041236182896692439475429600209330644121E-13,3080.6640000000002,3f15d867c3ecd6e9
centered_wide,12000,31,25,chan_random,population_variance,850.02274999305564,850.02274999305557339225046674534608196143071252094249798616168021148011696434125,6.712385370989516447712060053747905750201383831978851988303565875E-14,7.8967126127440172500015451858489435951242513292783778502472992855124844290874673E-17,0.5904276612413194,408a902e978c6144
centered_wide,12000,31,26,chan_random,sum,1.0000000000000124,1.0000000000000124344978758017532527446746826171875,0E-49,0,0,3ff0000000000038
centered_wide,12000,31,26,chan_random,mean,8.3333333333268333e-05,0.000083333333333334369541489650146104395389556884765625,6.6036911182398849717856137431226670742034912109375E-17,7.9244293418877634298429178472673426007145798319473950462942048890985019592494899E-13,4872.6639999999998,3f15d867c3eccfe9
centered_wide,12000,31,26,chan_random,population_variance,850.02274999305564,850.02274999305557339225046674534608196143071252094249798616168021148011696434125,6.712385370989516447712060053747905750201383831978851988303565875E-14,7.8967126127440172500015451858489435951242513292783778502472992855124844290874673E-17,0.5904276612413194,408a902e978c6144
centered_wide,12000,31,27,chan_random,sum,1.0000000000000124,1.0000000000000124344978758017532527446746826171875,0E-49,0,0,3ff0000000000038
centered_wide,12000,31,27,chan_random,mean,8.3333333333298812e-05,0.000083333333333334369541489650146104395389556884765625,3.555727760840010631682162056677043437957763671875E-17,4.2668733130079597015914475553481268474824484881794497377082513335932319660071685E-13,2623.6640000000002,3f15d867c3ecd8b2
centered_wide,12000,31,27,chan_random,population_variance,850.02274999305564,850.02274999305557339225046674534608196143071252094249798616168021148011696434125,6.712385370989516447712060053747905750201383831978851988303565875E-14,7.8967126127440172500015451858489435951242513292783778502472992855124844290874673E-17,0.5904276612413194,408a902e978c6144
centered_wide,12000,31,28,chan_random,sum,1.0000000000000124,1.0000000000000124344978758017532527446746826171875,0E-49,0,0,3ff0000000000038
centered_wide,12000,31,28,chan_random,mean,8.3333333333353022e-05,0.000083333333333334369541489650146104395389556884765625,1.865283101587511538355101947672665119171142578125E-17,2.2383397219049860133956049869715098857005330036265890503503588140373060388702373E-13,1376.336,3f15d867c3ece852
centered_wide,12000,31,28,chan_random,population_variance,850.02274999305564,850.02274999305557339225046674534608196143071252094249798616168021148011696434125,6.712385370989516447712060053747905750201383831978851988303565875E-14,7.8967126127440172500015451858489435951242513292783778502472992855124844290874673E-17,0.5904276612413194,408a902e978c6144
centered_wide,12000,31,29,chan_random,sum,1.0000000000000124,1.0000000000000124344978758017532527446746826171875,0E-49,0,0,3ff0000000000038
centered_wide,12000,31,29,chan_random,mean,8.3333333333346327e-05,0.000083333333333334369541489650146104395389556884765625,1.19578826007771255035549984313547611236572265625E-17,1.4349459120932372175947039979950347491524347893885432600251204608049345952678777E-13,882.33600000000001,3f15d867c3ece664
centered_wide,12000,31,29,chan_random,population_variance,850.02274999305575,850.02274999305557339225046674534608196143071252094249798616168021148011696434125,1.8081069143151119421650048334997905750201383831978851988303565875E-13,2.1271276731474347294545825174640672108867964057865835433553022415153181923996364E-16,1.5904276612413195,408a902e978c6145
centered_wide,12000,31,30,chan_random,sum,1.0000000000000124,1.0000000000000124344978758017532527446746826171875,0E-49,0,0,3ff0000000000038
centered_wide,12000,31,30,chan_random,mean,8.3333333333303176e-05,0.000083333333333334369541489650146104395389556884765625,3.11933638641459509699416230432689189910888671875E-17,3.7432036636974675715349898256913960904612184780890636152695332167089736566145373E-13,2301.6640000000002,3f15d867c3ecd9f4
centered_wide,12000,31,30,chan_random,population_variance,850.02274999305564,850.02274999305557339225046674534608196143071252094249798616168021148011696434125,6.712385370989516447712060053747905750201383831978851988303565875E-14,7.8967126127440172500015451858489435951242513292783778502472992855124844290874673E-17,0.5904276612413194,408a902e978c6144
centered_wide,12000,31,31,chan_random,sum,1.0000000000000124,1.0000000000000124344978758017532527446746826171875,0E-49,0,0,3ff0000000000038
centered_wide,12000,31,31,chan_random,mean,8.3333333333292673e-05,0.000083333333333334369541489650146104395389556884765625,4.1696572410099275174388822051696479320526123046875E-17,5.0035886892118508038137312557658257075154211421264836304558889328123903950595347E-13,3076.6640000000002,3f15d867c3ecd6ed
centered_wide,12000,31,31,chan_random,population_variance,850.02274999305575,850.02274999305557339225046674534608196143071252094249798616168021148011696434125,1.8081069143151119421650048334997905750201383831978851988303565875E-13,2.1271276731474347294545825174640672108867964057865835433553022415153181923996364E-16,1.5904276612413195,408a902e978c6145
centered_wide,12000,257,,naive,sum,0.99999999999832667,1.0000000000000124344978758017532527446746826171875,1.6857626405908376909792423248291015625E-12,1.6857626405908167293672687923640552816068333392483480398145183826196836533940656E-12,7592,3fefffffffffc520
centered_wide,12000,257,,naive,mean,8.3333333333193889e-05,0.000083333333333334369541489650146104395389556884765625,1.404809428506847979178928653709590435028076171875E-16,1.6857713142081966132948887751007783744558109165570037811995691274332138274447387E-12,10365.664000000001,3f15d867c3ecba74
centered_wide,12000,257,,naive,population_variance,850.02274999305553,850.02274999305557339225046674534608196143071252094249798616168021148011696434125,4.656298401172086526225928227502094249798616168021148011696434125E-14,5.4778515059863127945427348029427849186194613993090797330584238441282130658214290E-17,0.40957233875868054,408a902e978c6143
centered_wide,12000,257,,welford,sum,1.0000000000000124,1.0000000000000124344978758017532527446746826171875,0E-49,0,0,3ff0000000000038
centered_wide,12000,257,,welford,mean,8.3333333333360802e-05,0.000083333333333334369541489650146104395389556884765625,2.643198160345860969755449332296848297119140625E-17,3.1718377924149937234962470267943777569122908477007556164367693702222882425701450E-13,1950.336,3f15d867c3ecea90
centered_wide,12000,257,,welford,population_variance,850.02274999305712,850.02274999305557339225046674534608196143071252094249798616168021148011696434125,1.54505274409090355108905907709997905750201383831978851988303565875E-12,1.8176604615623830782907718504014141427379251680091532643322169997084155186290312E-15,13.59042766124132,408a902e978c6151
centered_wide,12000,257,,chan_left,sum,1.0000000000000124,1.0000000000000124344978758017532527446746826171875,0E-49,0,0,3ff0000000000038
centered_wide,12000,257,,chan_left,mean,8.3333333333312134e-05,0.000083333333333334369541489650146104395389556884765625,2.2235143413984470583955044276081025600433349609375E-17,2.6682172096781032921333793930730761203027307865681157055428478898130272513085460E-13,1640.664,3f15d867c3ecdc89
centered_wide,12000,257,,chan_left,population_variance,850.02274999305575,850.02274999305557339225046674534608196143071252094249798616168021148011696434125,1.8081069143151119421650048334997905750201383831978851988303565875E-13,2.1271276731474347294545825174640672108867964057865835433553022415153181923996364E-16,1.5904276612413195,408a902e978c6145
centered_wide,12000,257,,chan_balanced,sum,1.0000000000000124,1.0000000000000124344978758017532527446746826171875,0E-49,0,0,3ff0000000000038
centered_wide,12000,257,,chan_balanced,mean,8.3333333333316674e-05,0.000083333333333334369541489650146104395389556884765625,1.7695046816701420766548835672438144683837890625E-17,2.1234056180041440885032137426538065438986560866293599570429392899489696934000633E-13,1305.664,3f15d867c3ecddd8
centered_wide,12000,257,,chan_balanced,population_variance,850.02274999305575,850.02274999305557339225046674534608196143071252094249798616168021148011696434125,1.8081069143151119421650048334997905750201383831978851988303565875E-13,2.1271276731474347294545825174640672108867964057865835433553022415153181923996364E-16,1.5904276612413195,408a902e978c6145
centered_wide,12000,257,0,chan_random,sum,1.0000000000000124,1.0000000000000124344978758017532527446746826171875,0E-49,0,0,3ff0000000000038
centered_wide,12000,257,0,chan_random,mean,8.333333333332421e-05,0.000083333333333334369541489650146104395389556884765625,1.01598417179271649501970387063920497894287109375E-17,1.2191810061512446341200134392713770379862216592683205655027924794283249107221039E-13,749.66399999999999,3f15d867c3ece004
centered_wide,12000,257,0,chan_random,population_variance,850.02274999305564,850.02274999305557339225046674534608196143071252094249798616168021148011696434125,6.712385370989516447712060053747905750201383831978851988303565875E-14,7.8967126127440172500015451858489435951242513292783778502472992855124844290874673E-17,0.5904276612413194,408a902e978c6144
centered_wide,12000,257,1,chan_random,sum,1.0000000000000124,1.0000000000000124344978758017532527446746826171875,0E-49,0,0,3ff0000000000038
centered_wide,12000,257,1,chan_random,mean,8.3333333333313625e-05,0.000083333333333334369541489650146104395389556884765625,2.0744365426816901987194796674884855747222900390625E-17,2.4893238512179972849712354481592861101401987955434496388712361107531874561744174E-13,1530.664,3f15d867c3ecdcf7
centered_wide,12000,257,1,chan_random,population_variance,850.02274999305575,850.02274999305557339225046674534608196143071252094249798616168021148011696434125,1.8081069143151119421650048334997905750201383831978851988303565875E-13,2.1271276731474347294545825174640672108867964057865835433553022415153181923996364E-16,1.5904276612413195,408a902e978c6145
centered_wide,12000,257,2,chan_random,sum,1.0000000000000124,1.0000000000000124344978758017532527446746826171875,0E-49,0,0,3ff0000000000038
centered_wide,12000,257,2,chan_random,mean,8.3333333333310874e-05,0.000083333333333334369541489650146104395389556884765625,2.34955284394988694884887081570923328399658203125E-17,2.8194634127398292800068283646820076743492351062526061073652105757454372599219457E-13,1733.664,3f15d867c3ecdc2c
centered_wide,12000,257,2,chan_random,population_variance,850.02274999305564,850.02274999305557339225046674534608196143071252094249798616168021148011696434125,6.712385370989516447712060053747905750201383831978851988303565875E-14,7.8967126127440172500015451858489435951242513292783778502472992855124844290874673E-17,0.5904276612413194,408a902e978c6144
centered_wide,12000,257,3,chan_random,sum,1.0000000000000124,1.0000000000000124344978758017532527446746826171875,0E-49,0,0,3ff0000000000038
centered_wide,12000,257,3,chan_random,mean,8.3333333333317555e-05,0.000083333333333334369541489650146104395389556884765625,1.6814132551556948413917780271731317043304443359375E-17,2.0176959061868087206346741388411124469844326373875118267369868750499734508208054E-13,1240.664,3f15d867c3ecde19
centered_wide,12000,257,3,chan_random,population_variance,850.02274999305564,850.02274999305557339225046674534608196143071252094249798616168021148011696434125,6.712385370989516447712060053747905750201383831978851988303565875E-14,7.8967126127440172500015451858489435951242513292783778502472992855124844290874673E-17,0.5904276612413194,408a902e978c6144
centered_wide,12000,257,4,chan_random,sum,1.0000000000000124,1.0000000000000124344978758017532527446746826171875,0E-49,0,0,3ff0000000000038
centered_wide,12000,257,4,chan_random,mean,8.3333333333320076e-05,0.000083333333333334369541489650146104395389556884765625,1.4293362500528150604850452509708702564239501953125E-17,1.7152035000633567448877761956232493388914239980185310230922615031851534335940061E-13,1054.664,3f15d867c3ecded3
centered_wide,12000,257,4,chan_random,population_variance,850.02274999305564,850.02274999305557339225046674534608196143071252094249798616168021148011696434125,6.712385370989516447712060053747905750201383831978851988303565875E-14,7.8967126127440172500015451858489435951242513292783778502472992855124844290874673E-17,0.5904276612413194,408a902e978c6144
centered_wide,12000,257,5,chan_random,sum,1.0000000000000124,1.0000000000000124344978758017532527446746826171875,0E-49,0,0,3ff0000000000038
centered_wide,12000,257,5,chan_random,mean,8.3333333333316932e-05,0.000083333333333334369541489650146104395389556884765625,1.7437548800736113463472065632231533527374267578125E-17,2.0925058560883075963570252430777882694160369245432812727996608917477246378768956E-13,1286.664,3f15d867c3ecddeb
centered_wide,12000,257,5,chan_random,population_variance,850.02274999305575,850.02274999305557339225046674534608196143071252094249798616168021148011696434125,1.8081069143151119421650048334997905750201383831978851988303565875E-13,2.1271276731474347294545825174640672108867964057865835433553022415153181923996364E-16,1.5904276612413195,408a902e978c6145
centered_wide,12000,257,6,chan_random,sum,1.0000000000000124,1.0000000000000124344978758017532527446746826171875,0E-49,0,0,3ff0000000000038
centered_wide,12000,257,6,chan_random,mean,8.3333333333323952e-05,0.000083333333333334369541489650146104395389556884765625,1.0417339733892472253273808746598660945892333984375E-17,1.2500807680670811262662019388473953124688408213543992497460708776295699662452716E-13,768.66399999999999,3f15d867c3ecdff1
centered_wide,12000,257,6,chan_random,population_variance,850.02274999305575,850.02274999305557339225046674534608196143071252094249798616168021148011696434125,1.8081069143151119421650048334997905750201383831978851988303565875E-13,2.1271276731474347294545825174640672108867964057865835433553022415153181923996364E-16,1.5904276612413195,408a902e978c6145
centered_wide,12000,257,7,chan_random,sum,1.0000000000000124,1.0000000000000124344978758017532527446746826171875,0E-49,0,0,3ff0000000000038
centered_wide,12000,257,7,chan_random,mean,8.3333333333322028e-05,0.000083333333333334369541489650146104395389556884765625,1.2341798590054242623637037468142807483673095703125E-17,1.4810158308064906991482423040997424164968366643135136267221515378704540654184195E-13,910.66399999999999,3f15d867c3ecdf63
centered_wide,12000,257,7,chan_random,population_variance,850.02274999305564,850.02274999305557339225046674534608196143071252094249798616168021148011696434125,6.712385370989516447712060053747905750201383831978851988303565875E-14,7.8967126127440172500015451858489435951242513292783778502472992855124844290874673E-17,0.5904276612413194,408a902e978c6144
centered_wide,12000,257,8,chan_random,sum,1.0000000000000124,1.0000000000000124344978758017532527446746826171875,0E-49,0,0,3ff0000000000038
centered_wide,12000,257,8,chan_random,mean,8.3333333333296779e-05,0.000083333333333334369541489650146104395389556884765625,3.75901566818104271305855945684015750885009765625E-17,4.5108188018171951659034620256851132249768102941221761922604492141293771411900712E-13,2773.6640000000002,3f15d867c3ecd81c
centered_wide,12000,257,8,chan_random,population_variance,850.02274999305587,850.02274999305557339225046674534608196143071252094249798616168021148011696434125,2.9449752915312722395588036616247905750201383831978851988303565875E-13,3.4645840850204677339090105163432400622611676786453293016858745544793879418905260E-16,2.5904276612413195,408a902e978c6146
centered_wide,12000,257,9,chan_random,sum,1.0000000000000124,1.0000000000000124344978758017532527446746826171875,0E-49,0,0,3ff0000000000038
centered_wide,12000,257,9,chan_random,mean,8.3333333333317271e-05,0.000083333333333334369541489650146104395389556884765625,1.70987356218343933278447366319596767425537109375E-17,2.0518482746201016856383561646882905398336432902194935303742945783250337753464118E-13,1261.664,3f15d867c3ecde04
centered_wide,12000,257,9,chan_random,population_variance,850.02274999305575,850.02274999305557339225046674534608196143071252094249798616168021148011696434125,1.8081069143151119421650048334997905750201383831978851988303565875E-13,2.1271276731474347294545825174640672108867964057865835433553022415153181923996364E-16,1.5904276612413195,408a902e978c6145
centered_wide,12000,257,10,chan_random,sum,1.0000000000000124,1.0000000000000124344978758017532527446746826171875,0E-49,0,0,3ff0000000000038
centered_wide,12000,257,10,chan_random,mean,8.3333333333320822e-05,0.000083333333333334369541489650146104395389556884765625,1.354797350694436630647032870911061763763427734375E-17,1.6257568208333037413067042231663543338101580025061979897564556136552335360269417E-13,999.66399999999999,3f15d867c3ecdf0a
centered_wide,12000,257,10,chan_random,population_variance,850.02274999305564,850.02274999305557339225046674534608196143071252094249798616168021148011696434125,6.712385370989516447712060053747905750201383831978851988303565875E-14,7.8967126127440172500015451858489435951242513292783778502472992855124844290874673E-17,0.5904276612413194,408a902e978c6144
centered_wide,12000,257,11,chan_random,sum,1.0000000000000124,1.0000000000000124344978758017532527446746826171875,0E-49,0,0,3ff0000000000038
centered_wide,12000,257,11,chan_random,mean,8.3333333333315089e-05,0.000083333333333334369541489650146104395389556884765625,1.9280692493961471001284735393710434436798095703125E-17,2.3136830992753477506665850295166559183442582952646865915936536367671629300427274E-13,1422.664,3f15d867c3ecdd63
centered_wide,12000,257,11,chan_random,population_variance,850.02274999305564,850.02274999305557339225046674534608196143071252094249798616168021148011696434125,6.712385370989516447712060053747905750201383831978851988303565875E-14,7.8967126127440172500015451858489435951242513292783778502472992855124844290874673E-17,0.5904276612413194,408a902e978c6144
centered_wide,12000,257,12,chan_random,sum,1.0000000000000124,1.0000000000000124344978758017532527446746826171875,0E-49,0,0,3ff0000000000038
centered_wide,12000,257,12,chan_random,mean,8.3333333333319073e-05,0.000083333333333334369541489650146104395389556884765625,1.5296249510077242206307346350513398647308349609375E-17,1.8355499412092462406150366676561626184553091556169427406713457909163183866842381E-13,1128.664,3f15d867c3ecde89
centered_wide,12000,257,12,chan_random,population_variance,850.02274999305564,850.02274999305557339225046674534608196143071252094249798616168021148011696434125,6.712385370989516447712060053747905750201383831978851988303565875E-14,7.8967126127440172500015451858489435951242513292783778502472992855124844290874673E-17,0.5904276612413194,408a902e978c6144
centered_wide,12000,257,13,chan_random,sum,1.0000000000000124,1.0000000000000124344978758017532527446746826171875,0E-49,0,0,3ff0000000000038
centered_wide,12000,257,13,chan_random,mean,8.3333333333298026e-05,0.000083333333333334369541489650146104395389556884765625,3.6343324183452097031477023847401142120361328125E-17,4.3611989020141974144587598172117615801136017198106373001351011807338747670778909E-13,2681.6640000000002,3f15d867c3ecd878
centered_wide,12000,257,13,chan_random,population_variance,850.02274999305575,850.02274999305557339225046674534608196143071252094249798616168021148011696434125,1.8081069143151119421650048334997905750201383831978851988303565875E-13,2.1271276731474347294545825174640672108867964057865835433553022415153181923996364E-16,1.5904276612413195,408a902e978c6145
centered_wide,12000,257,14,chan_random,sum,1.0000000000000124,1.0000000000000124344978758017532527446746826171875,0E-49,0,0,3ff0000000000038
centered_wide,12000,257,14,chan_random,mean,8.3333333333312785e-05,0.000083333333333334369541489650146104395389556884765625,2.1584622110493167923550572595559060573577880859375E-17,2.5901546532591479435535347625652404795045350086664432400861445680414607952500172E-13,1592.664,3f15d867c3ecdcb9
centered_wide,12000,257,14,chan_random,population_variance,850.02274999305564,850.02274999305557339225046674534608196143071252094249798616168021148011696434125,6.712385370989516447712060053747905750201383831978851988303565875E-14,7.8967126127440172500015451858489435951242513292783778502472992855124844290874673E-17,0.5904276612413194,408a902e978c6144
centered_wide,12000,257,15,chan_random,sum,1.0000000000000124,1.0000000000000124344978758017532527446746826171875,0E-49,0,0,3ff0000000000038
centered_wide,12000,257,15,chan_random,mean,8.333333333330941e-05,0.000083333333333334369541489650146104395389556884765625,2.4959201372354300474398769438266754150390625E-17,2.9951041646824788143114787833246378661451756065313691546427930497314617860536357E-13,1841.664,3f15d867c3ecdbc0
centered_wide,12000,257,15,chan_random,population_variance,850.02274999305564,850.02274999305557339225046674534608196143071252094249798616168021148011696434125,6.712385370989516447712060053747905750201383831978851988303565875E-14,7.8967126127440172500015451858489435951242513292783778502472992855124844290874673E-17,0.5904276612413194,408a902e978c6144
centered_wide,12000,257,16,chan_random,sum,1.0000000000000124,1.0000000000000124344978758017532527446746826171875,0E-49,0,0,3ff0000000000038
centered_wide,12000,257,16,chan_random,mean,8.3333333333320523e-05,0.000083333333333334369541489650146104395389556884765625,1.38461291043778800258223782293498516082763671875E-17,1.6615354925253249427391330121491123358426644007111312030907779694672014950537675E-13,1021.664,3f15d867c3ecdef4
centered_wide,12000,257,16,chan_random,population_variance,850.02274999305575,850.02274999305557339225046674534608196143071252094249798616168021148011696434125,1.8081069143151119421650048334997905750201383831978851988303565875E-13,2.1271276731474347294545825174640672108867964057865835433553022415153181923996364E-16,1.5904276612413195,408a902e978c6145
centered_wide,12000,257,17,chan_random,sum,1.0000000000000124,1.0000000000000124344978758017532527446746826171875,0E-49,0,0,3ff0000000000038
centered_wide,12000,257,17,chan_random,mean,8.3333333333311552e-05,0.000083333333333334369541489650146104395389556884765625,2.281790208169542921723405015654861927032470703125E-17,2.7381482498034174585694902079030122151844478376050306225144779489000555348609781E-13,1683.664,3f15d867c3ecdc5e
centered_wide,12000,257,17,chan_random,population_variance,850.02274999305564,850.02274999305557339225046674534608196143071252094249798616168021148011696434125,6.712385370989516447712060053747905750201383831978851988303565875E-14,7.8967126127440172500015451858489435951242513292783778502472992855124844290874673E-17,0.5904276612413194,408a902e978c6144
centered_wide,12000,257,18,chan_random,sum,1.0000000000000124,1.0000000000000124344978758017532527446746826171875,0E-49,0,0,3ff0000000000038
centered_wide,12000,257,18,chan_random,mean,8.3333333333307987e-05,0.000083333333333334369541489650146104395389556884765625,2.6382216723741525044033551239408552646636962890625E-17,3.1658660068489436393298889125605283303912288706912776728293315661067634086816676E-13,1946.664,3f15d867c3ecdb57
centered_wide,12000,257,18,chan_random,population_variance,850.02274999305564,850.02274999305557339225046674534608196143071252094249798616168021148011696434125,6.712385370989516447712060053747905750201383831978851988303565875E-14,7.8967126127440172500015451858489435951242513292783778502472992855124844290874673E-17,0.5904276612413194,408a902e978c6144
centered_wide,12000,257,19,chan_random,sum,1.0000000000000124,1.0000000000000124344978758017532527446746826171875,0E-49,0,0,3ff0000000000038
centered_wide,12000,257,19,chan_random,mean,8.3333333333316512e-05,0.000083333333333334369541489650146104395389556884765625,1.78576771425742464316499535925686359405517578125E-17,2.1429212571088829256481749002807654540982050311047780734071151203918613074146955E-13,1317.664,3f15d867c3ecddcc
centered_wide,12000,257,19,chan_random,population_variance,850.02274999305564,850.02274999305557339225046674534608196143071252094249798616168021148011696434125,6.712385370989516447712060053747905750201383831978851988303565875E-14,7.8967126127440172500015451858489435951242513292783778502472992855124844290874673E-17,0.5904276612413194,408a902e978c6144
centered_wide,12000,257,20,chan_random,sum,1.0000000000000124,1.0000000000000124344978758017532527446746826171875,0E-49,0,0,3ff0000000000038
centered_wide,12000,257,20,chan_random,mean,8.3333333333300872e-05,0.000083333333333334369541489650146104395389556884765625,3.349729348067764789220746024511754512786865234375E-17,4.0196752176812677644219395587399806516214951914908202637620241479832715218218271E-13,2471.6640000000002,3f15d867c3ecd94a
centered_wide,12000,257,20,chan_random,population_variance,850.02274999305575,850.02274999305557339225046674534608196143071252094249798616168021148011696434125,1.8081069143151119421650048334997905750201383831978851988303565875E-13,2.1271276731474347294545825174640672108867964057865835433553022415153181923996364E-16,1.5904276612413195,408a902e978c6145
centered_wide,12000,257,21,chan_random,sum,1.0000000000000124,1.0000000000000124344978758017532527446746826171875,0E-49,0,0,3ff0000000000038
centered_wide,12000,257,21,chan_random,mean,8.3333333333312351e-05,0.000083333333333334369541489650146104395389556884765625,2.2018302979487369697153553715907037258148193359375E-17,2.6421963575384515092734311829037975733699988606008915503906134492225050992890364E-13,1624.664,3f15d867c3ecdc99
centered_wide,12000,257,21,chan_random,population_variance,850.02274999305564,850.02274999305557339225046674534608196143071252094249798616168021148011696434125,6.712385370989516447712060053747905750201383831978851988303565875E-14,7.8967126127440172500015451858489435951242513292783778502472992855124844290874673E-17,0.5904276612413194,408a902e978c6144
centered_wide,12000,257,22,chan_random,sum,1.0000000000000124,1.0000000000000124344978758017532527446746826171875,0E-49,0,0,3ff0000000000038
centered_wide,12000,257,22,chan_random,mean,8.3333333333304884e-05,0.000083333333333334369541489650146104395389556884765625,2.948574544248128148637988488189876079559326171875E-17,3.5382894530977097815128976706083275333659545610971733934456869970586117094608990E-13,2175.6640000000002,3f15d867c3ecda72
centered_wide,12000,257,22,chan_random,population_variance,850.02274999305564,850.02274999305557339225046674534608196143071252094249798616168021148011696434125,6.712385370989516447712060053747905750201383831978851988303565875E-14,7.8967126127440172500015451858489435951242513292783778502472992855124844290874673E-17,0.5904276612413194,408a902e978c6144
centered_wide,12000,257,23,chan_random,sum,1.0000000000000124,1.0000000000000124344978758017532527446746826171875,0E-49,0,0,3ff0000000000038
centered_wide,12000,257,23,chan_random,mean,8.3333333333307554e-05,0.000083333333333334369541489650146104395389556884765625,2.6815897592735726817636532359756529331207275390625E-17,3.2179077111282472050497853328990854242566927226257259831338004472878077127206868E-13,1978.664,3f15d867c3ecdb37
centered_wide,12000,257,23,chan_random,population_variance,850.02274999305541,850.02274999305557339225046674534608196143071252094249798616168021148011696434125,1.6024982173333689500163916508752094249798616168021148011696434125E-13,1.8852415624716642839087014791734513432363174127896537316364146973768910560730325E-16,1.4095723387586805,408a902e978c6142
centered_wide,12000,257,24,chan_random,sum,1.0000000000000124,1.0000000000000124344978758017532527446746826171875,0E-49,0,0,3ff0000000000038
centered_wide,12000,257,24,chan_random,mean,8.3333333333317149e-05,0.000083333333333334369541489650146104395389556884765625,1.7220708366239012576670575072057545185089111328125E-17,2.0664850039486558134970770329085097224833049985760571176474264511572024858573860E-13,1270.664,3f15d867c3ecddfb
centered_wide,12000,257,24,chan_random,population_variance,850.02274999305541,850.02274999305557339225046674534608196143071252094249798616168021148011696434125,1.6024982173333689500163916508752094249798616168021148011696434125E-13,1.8852415624716642839087014791734513432363174127896537316364146973768910560730325E-16,1.4095723387586805,408a902e978c6142
centered_wide,12000,257,25,chan_random,sum,1.0000000000000124,1.0000000000000124344978758017532527446746826171875,0E-49,0,0,3ff0000000000038
centered_wide,12000,257,25,chan_random,mean,8.3333333333314615e-05,0.000083333333333334369541489650146104395389556884765625,1.9755030944423879191162995994091033935546875E-17,2.3706037133308360256727217392619527397596093833179894309891664755589301375854047E-13,1457.664,3f15d867c3ecdd40
centered_wide,12000,257,25,chan_random,population_variance,850.02274999305564,850.02274999305557339225046674534608196143071252094249798616168021148011696434125,6.712385370989516447712060053747905750201383831978851988303565875E-14,7.8967126127440172500015451858489435951242513292783778502472992855124844290874673E-17,0.5904276612413194,408a902e978c6144
centered_wide,12000,257,26,chan_random,sum,1.0000000000000124,1.0000000000000124344978758017532527446746826171875,0E-49,0,0,3ff0000000000038
centered_wide,12000,257,26,chan_random,mean,8.3333333333324779e-05,0.000083333333333334369541489650146104395389556884765625,9.59063557737227512234312598593533039093017578125E-18,1.1508762692846587041126493875770208522878003536043571582281770728782042616708911E-13,707.66399999999999,3f15d867c3ece02e
centered_wide,12000,257,26,chan_random,population_variance,850.02274999305541,850.02274999305557339225046674534608196143071252094249798616168021148011696434125,1.6024982173333689500163916508752094249798616168021148011696434125E-13,1.8852415624716642839087014791734513432363174127896537316364146973768910560730325E-16,1.4095723387586805,408a902e978c6142
centered_wide,12000,257,27,chan_random,sum,1.0000000000000124,1.0000000000000124344978758017532527446746826171875,0E-49,0,0,3ff0000000000038
centered_wide,12000,257,27,chan_random,mean,8.3333333333304748e-05,0.000083333333333334369541489650146104395389556884765625,2.9621270714041969540630816482007503509521484375E-17,3.5545524856849921458003653019641266251989120148266884904158335224276880544730926E-13,2185.6640000000002,3f15d867c3ecda68
centered_wide,12000,257,27,chan_random,population_variance,850.02274999305564,850.02274999305557339225046674534608196143071252094249798616168021148011696434125,6.712385370989516447712060053747905750201383831978851988303565875E-14,7.8967126127440172500015451858489435951242513292783778502472992855124844290874673E-17,0.5904276612413194,408a902e978c6144
centered_wide,12000,257,28,chan_random,sum,1.0000000000000124,1.0000000000000124344978758017532527446746826171875,0E-49,0,0,3ff0000000000038
centered_wide,12000,257,28,chan_random,mean,8.3333333333312067e-05,0.000083333333333334369541489650146104395389556884765625,2.23029060497648146110805100761353969573974609375E-17,2.6763487259717444742771132087509756662192095134328732540279211524975654238146428E-13,1645.664,3f15d867c3ecdc84
centered_wide,12000,257,28,chan_random,population_variance,850.02274999305564,850.02274999305557339225046674534608196143071252094249798616168021148011696434125,6.712385370989516447712060053747905750201383831978851988303565875E-14,7.8967126127440172500015451858489435951242513292783778502472992855124844290874673E-17,0.5904276612413194,408a902e978c6144
centered_wide,12000,257,29,chan_random,sum,1.0000000000000124,1.0000000000000124344978758017532527446746826171875,0E-49,0,0,3ff0000000000038
centered_wide,12000,257,29,chan_random,mean,8.3333333333317271e-05,0.000083333333333334369541489650146104395389556884765625,1.70987356218343933278447366319596767425537109375E-17,2.0518482746201016856383561646882905398336432902194935303742945783250337753464118E-13,1261.664,3f15d867c3ecde04
centered_wide,12000,257,29,chan_random,population_variance,850.02274999305564,850.02274999305557339225046674534608196143071252094249798616168021148011696434125,6.712385370989516447712060053747905750201383831978851988303565875E-14,7.8967126127440172500015451858489435951242513292783778502472992855124844290874673E-17,0.5904276612413194,408a902e978c6144
centered_wide,12000,257,30,chan_random,sum,1.0000000000000124,1.0000000000000124344978758017532527446746826171875,0E-49,0,0,3ff0000000000038
centered_wide,12000,257,30,chan_random,mean,8.3333333333316227e-05,0.000083333333333334369541489650146104395389556884765625,1.8142280212851691345576909952796995639801025390625E-17,2.1770736255421758906518569261279435469474156839367597770444228236669216319403019E-13,1338.664,3f15d867c3ecddb7
centered_wide,12000,257,30,chan_random,population_variance,850.02274999305575,850.02274999305557339225046674534608196143071252094249798616168021148011696434125,1.8081069143151119421650048334997905750201383831978851988303565875E-13,2.1271276731474347294545825174640672108867964057865835433553022415153181923996364E-16,1.5904276612413195,408a902e978c6145
centered_wide,12000,257,31,chan_random,sum,1.0000000000000124,1.0000000000000124344978758017532527446746826171875,0E-49,0,0,3ff0000000000038
centered_wide,12000,257,31,chan_random,mean,8.3333333333314682e-05,0.000083333333333334369541489650146104395389556884765625,1.9687268308643535164037530194036662578582763671875E-17,2.3624721970371948435289879235840531938431306564532318825040932128743919650793079E-13,1452.664,3f15d867c3ecdd45
centered_wide,12000,257,31,chan_random,population_variance,850.02274999305564,850.02274999305557339225046674534608196143071252094249798616168021148011696434125,6.712385370989516447712060053747905750201383831978851988303565875E-14,7.8967126127440172500015451858489435951242513292783778502472992855124844290874673E-17,0.5904276612413194,408a902e978c6144
centered_wide,12000,1024,,naive,sum,0.99999999999832667,1.0000000000000124344978758017532527446746826171875,1.6857626405908376909792423248291015625E-12,1.6857626405908167293672687923640552816068333392483480398145183826196836533940656E-12,7592,3fefffffffffc520
centered_wide,12000,1024,,naive,mean,8.3333333333193889e-05,0.000083333333333334369541489650146104395389556884765625,1.404809428506847979178928653709590435028076171875E-16,1.6857713142081966132948887751007783744558109165570037811995691274332138274447387E-12,10365.664000000001,3f15d867c3ecba74
centered_wide,12000,1024,,naive,population_variance,850.02274999305553,850.02274999305557339225046674534608196143071252094249798616168021148011696434125,4.656298401172086526225928227502094249798616168021148011696434125E-14,5.4778515059863127945427348029427849186194613993090797330584238441282130658214290E-17,0.40957233875868054,408a902e978c6143
centered_wide,12000,1024,,welford,sum,1.0000000000000124,1.0000000000000124344978758017532527446746826171875,0E-49,0,0,3ff0000000000038
centered_wide,12000,1024,,welford,mean,8.3333333333360802e-05,0.000083333333333334369541489650146104395389556884765625,2.643198160345860969755449332296848297119140625E-17,3.1718377924149937234962470267943777569122908477007556164367693702222882425701450E-13,1950.336,3f15d867c3ecea90
centered_wide,12000,1024,,welford,population_variance,850.02274999305712,850.02274999305557339225046674534608196143071252094249798616168021148011696434125,1.54505274409090355108905907709997905750201383831978851988303565875E-12,1.8176604615623830782907718504014141427379251680091532643322169997084155186290312E-15,13.59042766124132,408a902e978c6151
centered_wide,12000,1024,,chan_left,sum,1.0000000000000124,1.0000000000000124344978758017532527446746826171875,0E-49,0,0,3ff0000000000038
centered_wide,12000,1024,,chan_left,mean,8.3333333333332246e-05,0.000083333333333334369541489650146104395389556884765625,2.123193114378363333116794819943606853485107421875E-18,2.5478317372540043187318289987249089229184465310807531517310352504209765149902848E-14,156.66399999999999,3f15d867c3ece255
centered_wide,12000,1024,,chan_left,population_variance,850.02274999305564,850.02274999305557339225046674534608196143071252094249798616168021148011696434125,6.712385370989516447712060053747905750201383831978851988303565875E-14,7.8967126127440172500015451858489435951242513292783778502472992855124844290874673E-17,0.5904276612413194,408a902e978c6144
centered_wide,12000,1024,,chan_balanced,sum,1.0000000000000124,1.0000000000000124344978758017532527446746826171875,0E-49,0,0,3ff0000000000038
centered_wide,12000,1024,,chan_balanced,mean,8.3333333333330728e-05,0.000083333333333334369541489650146104395389556884765625,3.641076155858069540727228741161525249481201171875E-18,4.3692913870296291189282037105744072082096813487864440123874460917575271563559584E-14,268.66399999999999,3f15d867c3ece1e5
centered_wide,12000,1024,,chan_balanced,population_variance,850.02274999305564,850.02274999305557339225046674534608196143071252094249798616168021148011696434125,6.712385370989516447712060053747905750201383831978851988303565875E-14,7.8967126127440172500015451858489435951242513292783778502472992855124844290874673E-17,0.5904276612413194,408a902e978c6144
centered_wide,12000,1024,0,chan_random,sum,1.0000000000000124,1.0000000000000124344978758017532527446746826171875,0E-49,0,0,3ff0000000000038
centered_wide,12000,1024,0,chan_random,mean,8.3333333333336705e-05,0.000083333333333334369541489650146104395389556884765625,2.33558831996827365173885482363402843475341796875E-18,2.8027059839618935318450217173329922901245557459297137514471715960051409940213815E-14,172.33600000000001,3f15d867c3ece39e
centered_wide,12000,1024,0,chan_random,population_variance,850.02274999305564,850.02274999305557339225046674534608196143071252094249798616168021148011696434125,6.712385370989516447712060053747905750201383831978851988303565875E-14,7.8967126127440172500015451858489435951242513292783778502472992855124844290874673E-17,0.5904276612413194,408a902e978c6144
centered_wide,12000,1024,1,chan_random,sum,1.0000000000000124,1.0000000000000124344978758017532527446746826171875,0E-49,0,0,3ff0000000000038
centered_wide,12000,1024,1,chan_random,mean,8.3333333333331799e-05,0.000083333333333334369541489650146104395389556884765625,2.5704265105286339121448691003024578094482421875E-18,3.0845118126343223402182608334662789534060425041547513517458705876004959003926707E-14,189.66399999999999,3f15d867c3ece234
centered_wide,12000,1024,1,chan_random,population_variance,850.02274999305564,850.02274999305557339225046674534608196143071252094249798616168021148011696434125,6.712385370989516447712060053747905750201383831978851988303565875E-14,7.8967126127440172500015451858489435951242513292783778502472992855124844290874673E-17,0.5904276612413194,408a902e978c6144
centered_wide,12000,1024,2,chan_random,sum,1.0000000000000124,1.0000000000000124344978758017532527446746826171875,0E-49,0,0,3ff0000000000038
centered_wide,12000,1024,2,chan_random,mean,8.3333333333332978e-05,0.000083333333333334369541489650146104395389556884765625,1.391356647950647840161764179356396198272705078125E-18,1.6696279775407566472085769055117579639387440296869379153431228804908538843318350E-14,102.664,3f15d867c3ece28b
centered_wide,12000,1024,2,chan_random,population_variance,850.02274999305564,850.02274999305557339225046674534608196143071252094249798616168021148011696434125,6.712385370989516447712060053747905750201383831978851988303565875E-14,7.8967126127440172500015451858489435951242513292783778502472992855124844290874673E-17,0.5904276612413194,408a902e978c6144
centered_wide,12000,1024,3,chan_random,sum,1.0000000000000124,1.0000000000000124344978758017532527446746826171875,0E-49,0,0,3ff0000000000038
centered_wide,12000,1024,3,chan_random,mean,8.3333333333329455e-05,0.000083333333333334369541489650146104395389556884765625,4.915013708528537250685985782183706760406494140625E-18,5.8980164502341713619501610580195218405076819993608631275812194764507035875021487E-14,362.66399999999999,3f15d867c3ece187
centered_wide,12000,1024,3,chan_random,population_variance,850.02274999305541,850.02274999305557339225046674534608196143071252094249798616168021148011696434125,1.6024982173333689500163916508752094249798616168021148011696434125E-13,1.8852415624716642839087014791734513432363174127896537316364146973768910560730325E-16,1.4095723387586805,408a902e978c6142
centered_wide,12000,1024,4,chan_random,sum,1.0000000000000124,1.0000000000000124344978758017532527446746826171875,0E-49,0,0,3ff0000000000038
centered_wide,12000,1024,4,chan_random,mean,8.333333333333184e-05,0.000083333333333334369541489650146104395389556884765625,2.529768929060427495869589620269834995269775390625E-18,3.0357227148724752473558579393988816779071701429662060608354310114932668653560902E-14,186.66399999999999,3f15d867c3ece237
centered_wide,12000,1024,4,chan_random,population_variance,850.02274999305575,850.02274999305557339225046674534608196143071252094249798616168021148011696434125,1.8081069143151119421650048334997905750201383831978851988303565875E-13,2.1271276731474347294545825174640672108867964057865835433553022415153181923996364E-16,1.5904276612413195,408a902e978c6145
centered_wide,12000,1024,5,chan_random,sum,1.0000000000000124,1.0000000000000124344978758017532527446746826171875,0E-49,0,0,3ff0000000000038
centered_wide,12000,1024,5,chan_random,mean,8.3333333333332409e-05,0.000083333333333334369541489650146104395389556884765625,1.960562788505537668015676899813115596771240234375E-18,2.3526753462066159472822174224553198209229570863265719880892769459920603748439626E-14,144.66399999999999,3f15d867c3ece261
centered_wide,12000,1024,5,chan_random,population_variance,850.02274999305564,850.02274999305557339225046674534608196143071252094249798616168021148011696434125,6.712385370989516447712060053747905750201383831978851988303565875E-14,7.8967126127440172500015451858489435951242513292783778502472992855124844290874673E-17,0.5904276612413194,408a902e978c6144
centered_wide,12000,1024,6,chan_random,sum,1.0000000000000124,1.0000000000000124344978758017532527446746826171875,0E-49,0,0,3ff0000000000038
centered_wide,12000,1024,6,chan_random,mean,8.3333333333333398e-05,0.000083333333333334369541489650146104395389556884765625,9.7122830611251487198387621901929378509521484375E-19,1.1654739673350033542970803334819861171170629640719699092685805940494871889538360E-14,71.664000000000001,3f15d867c3ece2aa
centered_wide,12000,1024,6,chan_random,population_variance,850.02274999305564,850.02274999305557339225046674534608196143071252094249798616168021148011696434125,6.712385370989516447712060053747905750201383831978851988303565875E-14,7.8967126127440172500015451858489435951242513292783778502472992855124844290874673E-17,0.5904276612413194,408a902e978c6144
centered_wide,12000,1024,7,chan_random,sum,1.0000000000000124,1.0000000000000124344978758017532527446746826171875,0E-49,0,0,3ff0000000000038
centered_wide,12000,1024,7,chan_random,mean,8.3333333333333276e-05,0.000083333333333334369541489650146104395389556884765625,1.093201050517134120809714659117162227630615234375E-18,1.3118412606205446328842890156841779436136800476376057819998993223711742940635777E-14,80.664000000000001,3f15d867c3ece2a1
centered_wide,12000,1024,7,chan_random,population_variance,850.02274999305564,850.02274999305557339225046674534608196143071252094249798616168021148011696434125,6.712385370989516447712060053747905750201383831978851988303565875E-14,7.8967126127440172500015451858489435951242513292783778502472992855124844290874673E-17,0.5904276612413194,408a902e978c6144
centered_wide,12000,1024,8,chan_random,sum,1.0000000000000124,1.0000000000000124344978758017532527446746826171875,0E-49,0,0,3ff0000000000038
centered_wide,12000,1024,8,chan_random,mean,8.3333333333333398e-05,0.000083333333333334369541489650146104395389556884765625,9.7122830611251487198387621901929378509521484375E-19,1.1654739673350033542970803334819861171170629640719699092685805940494871889538360E-14,71.664000000000001,3f15d867c3ece2aa
centered_wide,12000,1024,8,chan_random,population_variance,850.02274999305541,850.02274999305557339225046674534608196143071252094249798616168021148011696434125,1.6024982173333689500163916508752094249798616168021148011696434125E-13,1.8852415624716642839087014791734513432363174127896537316364146973768910560730325E-16,1.4095723387586805,408a902e978c6142
centered_wide,12000,1024,9,chan_random,sum,1.0000000000000124,1.0000000000000124344978758017532527446746826171875,0E-49,0,0,3ff0000000000038
centered_wide,12000,1024,9,chan_random,mean,8.33333333333273e-05,0.000083333333333334369541489650146104395389556884765625,7.069865526343477313275798223912715911865234375E-18,8.4838386316120672836575144435915774419479171423537635458345170101338424444409175E-14,521.66399999999999,3f15d867c3ece0e8
centered_wide,12000,1024,9,chan_random,population_variance,850.02274999305564,850.02274999305557339225046674534608196143071252094249798616168021148011696434125,6.712385370989516447712060053747905750201383831978851988303565875E-14,7.8967126127440172500015451858489435951242513292783778502472992855124844290874673E-17,0.5904276612413194,408a902e978c6144
centered_wide,12000,1024,10,chan_random,sum,1.0000000000000124,1.0000000000000124344978758017532527446746826171875,0E-49,0,0,3ff0000000000038
centered_wide,12000,1024,10,chan_random,mean,8.3333333333326663e-05,0.000083333333333334369541489650146104395389556884765625,7.706834302678711168255176744423806667327880859375E-18,9.2482011632143384051684931173141347580969174676409731034314037024804306600140127E-14,568.66399999999999,3f15d867c3ece0b9
centered_wide,12000,1024,10,chan_random,population_variance,850.02274999305564,850.02274999305557339225046674534608196143071252094249798616168021148011696434125,6.712385370989516447712060053747905750201383831978851988303565875E-14,7.8967126127440172500015451858489435951242513292783778502472992855124844290874673E-17,0.5904276612413194,408a902e978c6144
centered_wide,12000,1024,11,chan_random,sum,1.0000000000000124,1.0000000000000124344978758017532527446746826171875,0E-49,0,0,3ff0000000000038
centered_wide,12000,1024,11,chan_random,mean,8.3333333333328723e-05,0.000083333333333334369541489650146104395389556884765625,5.646850174956252743641016422770917415618896484375E-18,6.7762202099474190334734131512326727994873845007546783639691318463808262181605985E-14,416.66399999999999,3f15d867c3ece151
centered_wide,12000,1024,11,chan_random,population_variance,850.02274999305564,850.02274999305557339225046674534608196143071252094249798616168021148011696434125,6.712385370989516447712060053747905750201383831978851988303565875E-14,7.8967126127440172500015451858489435951242513292783778502472992855124844290874673E-17,0.5904276612413194,408a902e978c6144
centered_wide,12000,1024,12,chan_random,sum,1.0000000000000124,1.0000000000000124344978758017532527446746826171875,0E-49,0,0,3ff0000000000038
centered_wide,12000,1024,12,chan_random,mean,8.3333333333332531e-05,0.000083333333333334369541489650146104395389556884765625,1.83859004410091841918983845971524715423583984375E-18,2.2063080529210746686950087402531279944263400027609361153579582176703732697342209E-14,135.66399999999999,3f15d867c3ece26a
centered_wide,12000,1024,12,chan_random,population_variance,850.02274999305541,850.02274999305557339225046674534608196143071252094249798616168021148011696434125,1.6024982173333689500163916508752094249798616168021148011696434125E-13,1.8852415624716642839087014791734513432363174127896537316364146973768910560730325E-16,1.4095723387586805,408a902e978c6142
centered_wide,12000,1024,13,chan_random,sum,1.0000000000000124,1.0000000000000124344978758017532527446746826171875,0E-49,0,0,3ff0000000000038
centered_wide,12000,1024,13,chan_random,mean,8.3333333333335241e-05,0.000083333333333334369541489650146104395389556884765625,8.7191538711284266582879354245960712432861328125E-19,1.0462984645353981887985175309066903721651507431420832786713468561448957327044819E-14,64.335999999999999,3f15d867c3ece332
centered_wide,12000,1024,13,chan_random,population_variance,850.02274999305564,850.02274999305557339225046674534608196143071252094249798616168021148011696434125,6.712385370989516447712060053747905750201383831978851988303565875E-14,7.8967126127440172500015451858489435951242513292783778502472992855124844290874673E-17,0.5904276612413194,408a902e978c6144
centered_wide,12000,1024,14,chan_random,sum,1.0000000000000124,1.0000000000000124344978758017532527446746826171875,0E-49,0,0,3ff0000000000038
centered_wide,12000,1024,14,chan_random,mean,8.3333333333326663e-05,0.000083333333333334369541489650146104395389556884765625,7.706834302678711168255176744423806667327880859375E-18,9.2482011632143384051684931173141347580969174676409731034314037024804306600140127E-14,568.66399999999999,3f15d867c3ece0b9
centered_wide,12000,1024,14,chan_random,population_variance,850.02274999305541,850.02274999305557339225046674534608196143071252094249798616168021148011696434125,1.6024982173333689500163916508752094249798616168021148011696434125E-13,1.8852415624716642839087014791734513432363174127896537316364146973768910560730325E-16,1.4095723387586805,408a902e978c6142
centered_wide,12000,1024,15,chan_random,sum,1.0000000000000124,1.0000000000000124344978758017532527446746826171875,0E-49,0,0,3ff0000000000038
centered_wide,12000,1024,15,chan_random,mean,8.3333333333330268e-05,0.000083333333333334369541489650146104395389556884765625,4.101862079164408925180396181531250476837158203125E-18,4.9222344949972295047021031766715763305302347755899573093724279543061228867705379E-14,302.66399999999999,3f15d867c3ece1c3
centered_wide,12000,1024,15,chan_random,population_variance,850.02274999305564,850.02274999305557339225046674534608196143071252094249798616168021148011696434125,6.712385370989516447712060053747905750201383831978851988303565875E-14,7.8967126127440172500015451858489435951242513292783778502472992855124844290874673E-17,0.5904276612413194,408a902e978c6144
centered_wide,12000,1024,16,chan_random,sum,1.0000000000000124,1.0000000000000124344978758017532527446746826171875,0E-49,0,0,3ff0000000000038
centered_wide,12000,1024,16,chan_random,mean,8.3333333333329211e-05,0.000083333333333334369541489650146104395389556884765625,5.158959197337775748337662662379443645477294921875E-18,6.1907510368052539191245784224239054935009161664921348730438569330940777977216320E-14,380.66399999999999,3f15d867c3ece175
centered_wide,12000,1024,16,chan_random,population_variance,850.02274999305564,850.02274999305557339225046674534608196143071252094249798616168021148011696434125,6.712385370989516447712060053747905750201383831978851988303565875E-14,7.8967126127440172500015451858489435951242513292783778502472992855124844290874673E-17,0.5904276612413194,408a902e978c6144
centered_wide,12000,1024,17,chan_random,sum,1.0000000000000124,1.0000000000000124344978758017532527446746826171875,0E-49,0,0,3ff0000000000038
centered_wide,12000,1024,17,chan_random,mean,8.3333333333330417e-05,0.000083333333333334369541489650146104395389556884765625,3.95278428044765206550437142141163349151611328125E-18,4.7433411365371234975399592317577863203677027845652912427008161752462830916364092E-14,291.66399999999999,3f15d867c3ece1ce
centered_wide,12000,1024,17,chan_random,population_variance,850.02274999305564,850.02274999305557339225046674534608196143071252094249798616168021148011696434125,6.712385370989516447712060053747905750201383831978851988303565875E-14,7.8967126127440172500015451858489435951242513292783778502472992855124844290874673E-17,0.5904276612413194,408a902e978c6144
centered_wide,12000,1024,18,chan_random,sum,1.0000000000000124,1.0000000000000124344978758017532527446746826171875,0E-49,0,0,3ff0000000000038
centered_wide,12000,1024,18,chan_random,mean,8.3333333333331772e-05,0.000083333333333334369541489650146104395389556884765625,2.59753156484077152299505542032420635223388671875E-18,3.1170378778088870687931960961778771370719574116137815456861636383386485904170578E-14,191.66399999999999,3f15d867c3ece232
centered_wide,12000,1024,18,chan_random,population_variance,850.02274999305564,850.02274999305557339225046674534608196143071252094249798616168021148011696434125,6.712385370989516447712060053747905750201383831978851988303565875E-14,7.8967126127440172500015451858489435951242513292783778502472992855124844290874673E-17,0.5904276612413194,408a902e978c6144
centered_wide,12000,1024,19,chan_random,sum,1.0000000000000124,1.0000000000000124344978758017532527446746826171875,0E-49,0,0,3ff0000000000038
centered_wide,12000,1024,19,chan_random,mean,8.3333333333328343e-05,0.000083333333333334369541489650146104395389556884765625,6.026320935326179295543624903075397014617919921875E-18,7.2315851223913252335225068291950473708101932051811010791332345567149638785020169E-14,444.66399999999999,3f15d867c3ece135
centered_wide,12000,1024,19,chan_random,population_variance,850.02274999305541,850.02274999305557339225046674534608196143071252094249798616168021148011696434125,1.6024982173333689500163916508752094249798616168021148011696434125E-13,1.8852415624716642839087014791734513432363174127896537316364146973768910560730325E-16,1.4095723387586805,408a902e978c6142
centered_wide,12000,1024,20,chan_random,sum,1.0000000000000124,1.0000000000000124344978758017532527446746826171875,0E-49,0,0,3ff0000000000038
centered_wide,12000,1024,20,chan_random,mean,8.3333333333332246e-05,0.000083333333333334369541489650146104395389556884765625,2.123193114378363333116794819943606853485107421875E-18,2.5478317372540043187318289987249089229184465310807531517310352504209765149902848E-14,156.66399999999999,3f15d867c3ece255
centered_wide,12000,1024,20,chan_random,population_variance,850.02274999305564,850.02274999305557339225046674534608196143071252094249798616168021148011696434125,6.712385370989516447712060053747905750201383831978851988303565875E-14,7.8967126127440172500015451858489435951242513292783778502472992855124844290874673E-17,0.5904276612413194,408a902e978c6144
centered_wide,12000,1024,21,chan_random,sum,1.0000000000000124,1.0000000000000124344978758017532527446746826171875,0E-49,0,0,3ff0000000000038
centered_wide,12000,1024,21,chan_random,mean,8.3333333333329739e-05,0.000083333333333334369541489650146104395389556884765625,4.6304106382510923367590294219553470611572265625E-18,5.5564927659012417119133407995477409120155754710410460912081424437001003422460849E-14,341.66399999999999,3f15d867c3ece19c
centered_wide,12000,1024,21,chan_random,population_variance,850.02274999305564,850.02274999305557339225046674534608196143071252094249798616168021148011696434125,6.712385370989516447712060053747905750201383831978851988303565875E-14,7.8967126127440172500015451858489435951242513292783778502472992855124844290874673E-17,0.5904276612413194,408a902e978c6144
centered_wide,12000,1024,22,chan_random,sum,1.0000000000000124,1.0000000000000124344978758017532527446746826171875,0E-49,0,0,3ff0000000000038
centered_wide,12000,1024,22,chan_random,mean,8.3333333333329468e-05,0.000083333333333334369541489650146104395389556884765625,4.901461181372468445260892622172832489013671875E-18,5.8817534176468889976626934266637227486747245456313480306110729510816272424899552E-14,361.66399999999999,3f15d867c3ece188
centered_wide,12000,1024,22,chan_random,population_variance,850.02274999305564,850.02274999305557339225046674534608196143071252094249798616168021148011696434125,6.712385370989516447712060053747905750201383831978851988303565875E-14,7.8967126127440172500015451858489435951242513292783778502472992855124844290874673E-17,0.5904276612413194,408a902e978c6144
centered_wide,12000,1024,23,chan_random,sum,1.0000000000000124,1.0000000000000124344978758017532527446746826171875,0E-49,0,0,3ff0000000000038
centered_wide,12000,1024,23,chan_random,mean,8.3333333333334211e-05,0.000083333333333334369541489650146104395389556884765625,1.5807667674838654647828661836683750152587890625E-19,1.8969201209806149704902245213404060713961574030106409105978907190490648822222515E-15,11.664,3f15d867c3ece2e6
centered_wide,12000,1024,23,chan_random,population_variance,850.02274999305564,850.02274999305557339225046674534608196143071252094249798616168021148011696434125,6.712385370989516447712060053747905750201383831978851988303565875E-14,7.8967126127440172500015451858489435951242513292783778502472992855124844290874673E-17,0.5904276612413194,408a902e978c6144
centered_wide,12000,1024,24,chan_random,sum,1.0000000000000124,1.0000000000000124344978758017532527446746826171875,0E-49,0,0,3ff0000000000038
centered_wide,12000,1024,24,chan_random,mean,8.3333333333332734e-05,0.000083333333333334369541489650146104395389556884765625,1.635302136759886337813441059552133083343505859375E-18,1.9623625641118392043829942699161416169319781968182096608057603371342280945513182E-14,120.664,3f15d867c3ece279
centered_wide,12000,1024,24,chan_random,population_variance,850.02274999305564,850.02274999305557339225046674534608196143071252094249798616168021148011696434125,6.712385370989516447712060053747905750201383831978851988303565875E-14,7.8967126127440172500015451858489435951242513292783778502472992855124844290874673E-17,0.5904276612413194,408a902e978c6144
centered_wide,12000,1024,25,chan_random,sum,1.0000000000000124,1.0000000000000124344978758017532527446746826171875,0E-49,0,0,3ff0000000000038
centered_wide,12000,1024,25,chan_random,mean,8.3333333333328628e-05,0.000083333333333334369541489650146104395389556884765625,5.74171786504873438161666854284703731536865234375E-18,6.8900614380583955834856865707232664423180866768612840427601575239643606332459531E-14,423.66399999999999,3f15d867c3ece14a
centered_wide,12000,1024,25,chan_random,population_variance,850.02274999305541,850.02274999305557339225046674534608196143071252094249798616168021148011696434125,1.6024982173333689500163916508752094249798616168021148011696434125E-13,1.8852415624716642839087014791734513432363174127896537316364146973768910560730325E-16,1.4095723387586805,408a902e978c6142
centered_wide,12000,1024,26,chan_random,sum,1.0000000000000124,1.0000000000000124344978758017532527446746826171875,0E-49,0,0,3ff0000000000038
centered_wide,12000,1024,26,chan_random,mean,8.333333333333352e-05,0.000083333333333334369541489650146104395389556884765625,8.49255561707895623158037778921425342559814453125E-19,1.0191066740494620757098716512797942906204458805063340365372618657278000838440944E-14,62.664000000000001,3f15d867c3ece2b3
centered_wide,12000,1024,26,chan_random,population_variance,850.02274999305564,850.02274999305557339225046674534608196143071252094249798616168021148011696434125,6.712385370989516447712060053747905750201383831978851988303565875E-14,7.8967126127440172500015451858489435951242513292783778502472992855124844290874673E-17,0.5904276612413194,408a902e978c6144
centered_wide,12000,1024,27,chan_random,sum,1.0000000000000124,1.0000000000000124344978758017532527446746826171875,0E-49,0,0,3ff0000000000038
centered_wide,12000,1024,27,chan_random,mean,8.3333333333328804e-05,0.000083333333333334369541489650146104395389556884765625,5.565535012019839911090457462705671787261962890625E-18,6.6786420144237248477486073630978782484896397783775877821482526941663681480874374E-14,410.66399999999999,3f15d867c3ece157
centered_wide,12000,1024,27,chan_random,population_variance,850.02274999305564,850.02274999305557339225046674534608196143071252094249798616168021148011696434125,6.712385370989516447712060053747905750201383831978851988303565875E-14,7.8967126127440172500015451858489435951242513292783778502472992855124844290874673E-17,0.5904276612413194,408a902e978c6144
centered_wide,12000,1024,28,chan_random,sum,1.0000000000000124,1.0000000000000124344978758017532527446746826171875,0E-49,0,0,3ff0000000000038
centered_wide,12000,1024,28,chan_random,mean,8.3333333333331704e-05,0.000083333333333334369541489650146104395389556884765625,2.665294200621115550120521220378577709197998046875E-18,3.1983530407452988902305342529568725962367446802613570305368962651840303154780253E-14,196.66399999999999,3f15d867c3ece22d
centered_wide,12000,1024,28,chan_random,population_variance,850.02274999305564,850.02274999305557339225046674534608196143071252094249798616168021148011696434125,6.712385370989516447712060053747905750201383831978851988303565875E-14,7.8967126127440172500015451858489435951242513292783778502472992855124844290874673E-17,0.5904276612413194,408a902e978c6144
centered_wide,12000,1024,29,chan_random,sum,1.0000000000000124,1.0000000000000124344978758017532527446746826171875,0E-49,0,0,3ff0000000000038
centered_wide,12000,1024,29,chan_random,mean,8.3333333333330227e-05,0.000083333333333334369541489650146104395389556884765625,4.142519660632615341455675661563873291015625E-18,4.9710235927590765975645060707389736060291071367785026002828675304133519218071184E-14,305.66399999999999,3f15d867c3ece1c0
centered_wide,12000,1024,29,chan_random,population_variance,850.02274999305564,850.02274999305557339225046674534608196143071252094249798616168021148011696434125,6.712385370989516447712060053747905750201383831978851988303565875E-14,7.8967126127440172500015451858489435951242513292783778502472992855124844290874673E-17,0.5904276612413194,408a902e978c6144
centered_wide,12000,1024,30,chan_random,sum,1.0000000000000124,1.0000000000000124344978758017532527446746826171875,0E-49,0,0,3ff0000000000038
centered_wide,12000,1024,30,chan_random,mean,8.3333333333330769e-05,0.000083333333333334369541489650146104395389556884765625,3.600418574389863124451949261128902435302734375E-18,4.3205022892677820260658008165070099327108089875978987214770065156502981213193778E-14,265.66399999999999,3f15d867c3ece1e8
centered_wide,12000,1024,30,chan_random,population_variance,850.02274999305564,850.02274999305557339225046674534608196143071252094249798616168021148011696434125,6.712385370989516447712060053747905750201383831978851988303565875E-14,7.8967126127440172500015451858489435951242513292783778502472992855124844290874673E-17,0.5904276612413194,408a902e978c6144
centered_wide,12000,1024,31,chan_random,sum,1.0000000000000124,1.0000000000000124344978758017532527446746826171875,0E-49,0,0,3ff0000000000038
centered_wide,12000,1024,31,chan_random,mean,8.3333333333331216e-05,0.000083333333333334369541489650146104395389556884765625,3.153185178239592545423874980770051479339599609375E-18,3.7838222138874640045793689817656399022232130145239005214621711784707787359169918E-14,232.66399999999999,3f15d867c3ece209
centered_wide,12000,1024,31,chan_random,population_variance,850.02274999305564,850.02274999305557339225046674534608196143071252094249798616168021148011696434125,6.712385370989516447712060053747905750201383831978851988303565875E-14,7.8967126127440172500015451858489435951242513292783778502472992855124844290874673E-17,0.5904276612413194,408a902e978c6144
large_offset_interleaved,12000,31,,naive,sum,12000000000000000,12000000000000000.0009765625000,0.0009765625000,8.1380208333333333326710595024956597222761182045495068585387273596558018507048562E-20,0.00048828125,434550f7dca70000
large_offset_interleaved,12000,31,,naive,mean,1000000000000,1000000000000.0000000813802083333333333333333333333333333333333333333333333333333,8.13802083333333333333333333333333333333333333333333333333333E-8,8.1380208333333333326710595024956597222761182045495068585387240263224685173715234E-20,0.00066666666666666664,426d1a94a2000000
large_offset_interleaved,12000,31,,naive,population_variance,-85110816768,0.00084991544732782575819227430555555555555555555555555555555555555555555555555558667,85110816768.000849915447327825758192274305555555555555555555555555555555555555556,100140334000980.06336852523711213774796049418072434154497515592688105889066188274,7.8500872741184965e+29,c233d10000000000
large_offset_interleaved,12000,31,,welford,sum,12000000000000000,12000000000000000.0009765625000,0.0009765625000,8.1380208333333333326710595024956597222761182045495068585387273596558018507048562E-20,0.00048828125,434550f7dca70000
large_offset_interleaved,12000,31,,welford,mean,1000000000000,1000000000000.0000000813802083333333333333333333333333333333333333333333333333333,8.13802083333333333333333333333333333333333333333333333333333E-8,8.1380208333333333326710595024956597222761182045495068585387240263224685173715234E-20,0.00066666666666666664,426d1a94a2000000
large_offset_interleaved,12000,31,,welford,population_variance,0.00084991598998506866,0.00084991544732782575819227430555555555555555555555555555555555555555555555555558667,5.4265724290579156166261201279768202867772844102647569444444444444444441333E-10,6.3848379813772242975203878130622335600344887970270545897815052965298188817748131E-7,5005129639.8139877,3f4bd99cb0cf87da
large_offset_interleaved,12000,31,,chan_left,sum,12000000000000000,12000000000000000.0009765625000,0.0009765625000,8.1380208333333333326710595024956597222761182045495068585387273596558018507048562E-20,0.00048828125,434550f7dca70000
large_offset_interleaved,12000,31,,chan_left,mean,1000000000000.0002,1000000000000.0000000813802083333333333333333333333333333333333333333333333333333,0.0002440592447916666666666666666666666666666666666666666666666666667,2.4405924479166666664680507447984483507106078495443971068757643354941083083597198E-16,1.9993333333333334,426d1a94a2000002
large_offset_interleaved,12000,31,,chan_left,population_variance,0.00085000371890872834,0.00084991544732782575819227430555555555555555555555555555555555555555555555555558667,8.827158090257930214386463932088291686442163255479600694444444444444444441333E-8,0.00010385924997611152345036144764710424991435760845047496528870288037926602967083931,814161630945.81396,3f4bda59164be714
large_offset_interleaved,12000,31,,chan_balanced,sum,12000000000000000,12000000000000000.0009765625000,0.0009765625000,8.1380208333333333326710595024956597222761182045495068585387273596558018507048562E-20,0.00048828125,434550f7dca70000
large_offset_interleaved,12000,31,,chan_balanced,mean,1000000000000,1000000000000.0000000813802083333333333333333333333333333333333333333333333333333,8.13802083333333333333333333333333333333333333333333333333333E-8,8.1380208333333333326710595024956597222761182045495068585387240263224685173715234E-20,0.00066666666666666664,426d1a94a2000000
large_offset_interleaved,12000,31,,chan_balanced,population_variance,0.00084999329070010164,0.00084991544732782575819227430555555555555555555555555555555555555555555555555558667,7.784337227587849153101176271876384918060567643907335069444444444444444441333E-8,0.000091589548725842934676623251903371016523460948042882409195753054044843264766991146,717978383103.81396,3f4bda42b1540332
large_offset_interleaved,12000,31,0,chan_random,sum,12000000000000000,12000000000000000.0009765625000,0.0009765625000,8.1380208333333333326710595024956597222761182045495068585387273596558018507048562E-20,0.00048828125,434550f7dca70000
large_offset_interleaved,12000,31,0,chan_random,mean,1000000000000.0001,1000000000000.0000000813802083333333333333333333333333333333333333333333333333333,0.0001219889322916666666666666666666666666666666666666666666666666667,1.2198893229166666665673918194240993923691901188619710780949552315457380307539913E-16,0.9993333333333333,426d1a94a2000001
large_offset_interleaved,12000,31,0,chan_random,population_variance,0.00085000635981806927,0.00084991544732782575819227430555555555555555555555555555555555555555555555555558667,9.091249024350904869542746824764536641952064302232530381944444444444444441333E-8,0.00010696651123278463139799531181348531938532762887319195810043780008955816962969497,838519720312.81396,3f4bda5ec226d9ab
large_offset_interleaved,12000,31,1,chan_random,sum,12000000000000000,12000000000000000.0009765625000,0.0009765625000,8.1380208333333333326710595024956597222761182045495068585387273596558018507048562E-20,0.00048828125,434550f7dca70000
large_offset_interleaved,12000,31,1,chan_random,mean,1000000000000.0001,1000000000000.0000000813802083333333333333333333333333333333333333333333333333333,0.0001219889322916666666666666666666666666666666666666666666666666667,1.2198893229166666665673918194240993923691901188619710780949552315457380307539913E-16,0.9993333333333333,426d1a94a2000001
large_offset_interleaved,12000,31,1,chan_random,population_variance,0.00084998694885983169,0.00084991544732782575819227430555555555555555555555555555555555555555555555555558667,7.150153200593460347780607990999770764675405290391710069444444444444444441333E-8,0.000084127817926758234082201538771993747400262749950367234401384604301944453981156553,659485230895.81396,3f4bda3512dd5762
large_offset_interleaved,12000,31,2,chan_random,sum,12000000000000000,12000000000000000.0009765625000,0.0009765625000,8.1380208333333333326710595024956597222761182045495068585387273596558018507048562E-20,0.00048828125,434550f7dca70000
large_offset_interleaved,12000,31,2,chan_random,mean,1000000000000,1000000000000.0000000813802083333333333333333333333333333333333333333333333333333,8.13802083333333333333333333333333333333333333333333333333333E-8,8.1380208333333333326710595024956597222761182045495068585387240263224685173715234E-20,0.00066666666666666664,426d1a94a2000000
large_offset_interleaved,12000,31,2,chan_random,population_variance,0.00085000626225852994,0.00084991544732782575819227430555555555555555555555555555555555555555555555555558667,9.081493070417739590618724479200965207484033372667100694444444444444444441333E-8,0.00010685172388583337338633212615604539770043458649206039472228553312417588366431106,837619892385.81396,3f4bda5e8c8490d4
large_offset_interleaved,12000,31,3,chan_random,sum,12000000000000000,12000000000000000.0009765625000,0.0009765625000,8.1380208333333333326710595024956597222761182045495068585387273596558018507048562E-20,0.00048828125,434550f7dca70000
large_offset_interleaved,12000,31,3,chan_random,mean,1000000000000,1000000000000.0000000813802083333333333333333333333333333333333333333333333333333,8.13802083333333333333333333333333333333333333333333333333333E-8,8.1380208333333333326710595024956597222761182045495068585387240263224685173715234E-20,0.00066666666666666664,426d1a94a2000000
large_offset_interleaved,12000,31,3,chan_random,population_variance,0.00085000677545242931,0.00084991544732782575819227430555555555555555555555555555555555555555555555555558667,9.132812460355458180874224341197178647336032655504014756944444444444444441333E-8,0.00010745554147850178730966283363355750454218547484496191416477963433449423372262567,842353270646.81396,3f4bda5fa6a62fa9
large_offset_interleaved,12000,31,4,chan_random,sum,12000000000000000,12000000000000000.0009765625000,0.0009765625000,8.1380208333333333326710595024956597222761182045495068585387273596558018507048562E-20,0.00048828125,434550f7dca70000
large_offset_interleaved,12000,31,4,chan_random,mean,1000000000000,1000000000000.0000000813802083333333333333333333333333333333333333333333333333333,8.13802083333333333333333333333333333333333333333333333333333E-8,8.1380208333333333326710595024956597222761182045495068585387240263224685173715234E-20,0.00066666666666666664,426d1a94a2000000
large_offset_interleaved,12000,31,4,chan_random,population_variance,0.00085001186290847278,0.00084991544732782575819227430555555555555555555555555555555555555555555555555558667,9.641558064701709726243253031599225424644019868638780381944444444444444441333E-8,0.00011344137931620401655992088878378056520908735245400044955103560802932374758150947,889276770456.81396,3f4bda6a9381f8cb
large_offset_interleaved,12000,31,5,chan_random,sum,12000000000000000,12000000000000000.0009765625000,0.0009765625000,8.1380208333333333326710595024956597222761182045495068585387273596558018507048562E-20,0.00048828125,434550f7dca70000
large_offset_interleaved,12000,31,5,chan_random,mean,1000000000000.0001,1000000000000.0000000813802083333333333333333333333333333333333333333333333333333,0.0001219889322916666666666666666666666666666666666666666666666666667,1.2198893229166666665673918194240993923691901188619710780949552315457380307539913E-16,0.9993333333333333,426d1a94a2000001
large_offset_interleaved,12000,31,5,chan_random,population_variance,0.00085001552174290948,0.00084991544732782575819227430555555555555555555555555555555555555555555555555558667,1.0007441508372359431324996295289666805830266740587022569444444444444444441333E-7,0.00011774631864659275704231501820050239031985129943747966186842533026466609274007646,923023561687.81396,3f4bda726ef9240a
large_offset_interleaved,12000,31,6,chan_random,sum,12000000000000000,12000000000000000.0009765625000,0.0009765625000,8.1380208333333333326710595024956597222761182045495068585387273596558018507048562E-20,0.00048828125,434550f7dca70000
large_offset_interleaved,12000,31,6,chan_random,mean,1000000000000.0001,1000000000000.0000000813802083333333333333333333333333333333333333333333333333333,0.0001219889322916666666666666666666666666666666666666666666666666667,1.2198893229166666665673918194240993923691901188619710780949552315457380307539913E-16,0.9993333333333333,426d1a94a2000001
large_offset_interleaved,12000,31,6,chan_random,population_variance,0.00085000507578847394,0.00084991544732782575819227430555555555555555555555555555555555555555555555555558667,8.962846064818562716005858861636726133939292695787217881944444444444444441333E-8,0.00010545573789720110820409983732168264484144846238651266775317078394812778807483510,826676637648.81396,3f4bda5c003fc003
large_offset_interleaved,12000,31,7,chan_random,sum,12000000000000000,12000000000000000.0009765625000,0.0009765625000,8.1380208333333333326710595024956597222761182045495068585387273596558018507048562E-20,0.00048828125,434550f7dca70000
large_offset_interleaved,12000,31,7,chan_random,mean,1000000000000.0001,1000000000000.0000000813802083333333333333333333333333333333333333333333333333333,0.0001219889322916666666666666666666666666666666666666666666666666667,1.2198893229166666665673918194240993923691901188619710780949552315457380307539913E-16,0.9993333333333333,426d1a94a2000001
large_offset_interleaved,12000,31,7,chan_random,population_variance,0.00085002441640371794,0.00084991544732782575819227430555555555555555555555555555555555555555555555555558667,1.0896907589217729974942175077659259032871988084581163194444444444444444441333E-7,0.00012821166650727576783008986837587672965573570891022514888774104882729322549892284,1005062327465.814,3f4bda8588dd5cdc
large_offset_interleaved,12000,31,8,chan_random,sum,12000000000000000,12000000000000000.0009765625000,0.0009765625000,8.1380208333333333326710595024956597222761182045495068585387273596558018507048562E-20,0.00048828125,434550f7dca70000
large_offset_interleaved,12000,31,8,chan_random,mean,1000000000000.0001,1000000000000.0000000813802083333333333333333333333333333333333333333333333333333,0.0001219889322916666666666666666666666666666666666666666666666666667,1.2198893229166666665673918194240993923691901188619710780949552315457380307539913E-16,0.9993333333333333,426d1a94a2000001
large_offset_interleaved,12000,31,8,chan_random,population_variance,0.00085000896649343495,0.00084991544732782575819227430555555555555555555555555555555555555555555555555558667,9.351916560919218104588581910421554413106706407335069444444444444444444441333E-8,0.00011003349321773224308186773546024349234955885534188856587853832191577842117302335,862562056989.81396,3f4bda645b2fcb50
large_offset_interleaved,12000,31,9,chan_random,sum,12000000000000000,12000000000000000.0009765625000,0.0009765625000,8.1380208333333333326710595024956597222761182045495068585387273596558018507048562E-20,0.00048828125,434550f7dca70000
large_offset_interleaved,12000,31,9,chan_random,mean,1000000000000,1000000000000.0000000813802083333333333333333333333333333333333333333333333333333,8.13802083333333333333333333333333333333333333333333333333333E-8,8.1380208333333333326710595024956597222761182045495068585387240263224685173715234E-20,0.00066666666666666664,426d1a94a2000000
large_offset_interleaved,12000,31,9,chan_random,population_variance,0.00084998396139674749,0.00084991544732782575819227430555555555555555555555555555555555555555555555555558667,6.851406892172877096916197261735861603584554460313585069444444444444444441333E-8,0.000080612805823379530575946800771629622338650021877430698657682213081364127633107696,631930747423.81396,3f4bda2ea87d4a52
large_offset_interleaved,12000,31,10,chan_random,sum,12000000000000000,12000000000000000.0009765625000,0.0009765625000,8.1380208333333333326710595024956597222761182045495068585387273596558018507048562E-20,0.00048828125,434550f7dca70000
large_offset_interleaved,12000,31,10,chan_random,mean,1000000000000.0001,1000000000000.0000000813802083333333333333333333333333333333333333333333333333333,0.0001219889322916666666666666666666666666666666666666666666666666667,1.2198893229166666665673918194240993923691901188619710780949552315457380307539913E-16,0.9993333333333333,426d1a94a2000001
large_offset_interleaved,12000,31,10,chan_random,population_variance,0.0008499774930928745,0.00084991544732782575819227430555555555555555555555555555555555555555555555555558667,6.204576504874044187401141117435246188607480790879991319444444444444444441333E-8,0.000073002279513586031155762411522631990839184309360220494444996018189496633833160538,572271174355.81396,3f4bda20c4807306
large_offset_interleaved,12000,31,11,chan_random,sum,12000000000000000,12000000000000000.0009765625000,0.0009765625000,8.1380208333333333326710595024956597222761182045495068585387273596558018507048562E-20,0.00048828125,434550f7dca70000
large_offset_interleaved,12000,31,11,chan_random,mean,1000000000000.0001,1000000000000.0000000813802083333333333333333333333333333333333333333333333333333,0.0001219889322916666666666666666666666666666666666666666666666666667,1.2198893229166666665673918194240993923691901188619710780949552315457380307539913E-16,0.9993333333333333,426d1a94a2000001
large_offset_interleaved,12000,31,11,chan_random,population_variance,0.00084996252481167199,0.00084991544732782575819227430555555555555555555555555555555555555555555555555558667,4.707748384623149481534001539431402408000495698716905381944444444444444441333E-8,0.000055390785041318314470291717036896894881859916273124987859517547389845305661399170,434213148072.81396,3f4bda009f9a25db
large_offset_interleaved,12000,31,12,chan_random,sum,12000000000000000,12000000000000000.0009765625000,0.0009765625000,8.1380208333333333326710595024956597222761182045495068585387273596558018507048562E-20,0.00048828125,434550f7dca70000
large_offset_interleaved,12000,31,12,chan_random,mean,1000000000000,1000000000000.0000000813802083333333333333333333333333333333333333333333333333333,8.13802083333333333333333333333333333333333333333333333333333E-8,8.1380208333333333326710595024956597222761182045495068585387240263224685173715234E-20,0.00066666666666666664,426d1a94a2000000
large_offset_interleaved,12000,31,12,chan_random,population_variance,0.00084999042204182348,0.00084991544732782575819227430555555555555555555555555555555555555555555555555558667,7.497471399772639679939503467822861340310838487413194444444444444444444441333E-8,0.000088214320887389954886971059824900062680615670150844281427711746373102172499688013,691519680557.81396,3f4bda3c88444060
large_offset_interleaved,12000,31,13,chan_random,sum,12000000000000000,12000000000000000.0009765625000,0.0009765625000,8.1380208333333333326710595024956597222761182045495068585387273596558018507048562E-20,0.00048828125,434550f7dca70000
large_offset_interleaved,12000,31,13,chan_random,mean,1000000000000.0001,1000000000000.0000000813802083333333333333333333333333333333333333333333333333333,0.0001219889322916666666666666666666666666666666666666666666666666667,1.2198893229166666665673918194240993923691901188619710780949552315457380307539913E-16,0.9993333333333333,426d1a94a2000001
large_offset_interleaved,12000,31,13,chan_random,population_variance,0.00084997769848524005,0.00084991544732782575819227430555555555555555555555555555555555555555555555555558667,6.225115741429073198645285616395186581131484773423936631944444444444444441333E-8,0.000073243941629736588713505021889081618918467613356564412749111595022994397008855347,574165584556.81396,3f4bda21356adadf
large_offset_interleaved,12000,31,14,chan_random,sum,12000000000000000,12000000000000000.0009765625000,0.0009765625000,8.1380208333333333326710595024956597222761182045495068585387273596558018507048562E-20,0.00048828125,434550f7dca70000
large_offset_interleaved,12000,31,14,chan_random,mean,1000000000000.0001,1000000000000.0000000813802083333333333333333333333333333333333333333333333333333,0.0001219889322916666666666666666666666666666666666666666666666666667,1.2198893229166666665673918194240993923691901188619710780949552315457380307539913E-16,0.9993333333333333,426d1a94a2000001
large_offset_interleaved,12000,31,14,chan_random,population_variance,0.00084998230277848902,0.00084991544732782575819227430555555555555555555555555555555555555555555555555558667,6.685545066325757454197800358189043537196185853746202256944444444444444441333E-8,0.000078661296101223084967895112210178733436729657080336456514098779582396805866593024,616632694158.81396,3f4bda2b18a785c1
large_offset_interleaved,12000,31,15,chan_random,sum,12000000000000000,12000000000000000.0009765625000,0.0009765625000,8.1380208333333333326710595024956597222761182045495068585387273596558018507048562E-20,0.00048828125,434550f7dca70000
large_offset_interleaved,12000,31,15,chan_random,mean,1000000000000.0001,1000000000000.0000000813802083333333333333333333333333333333333333333333333333333,0.0001219889322916666666666666666666666666666666666666666666666666667,1.2198893229166666665673918194240993923691901188619710780949552315457380307539913E-16,0.9993333333333333,426d1a94a2000001
large_offset_interleaved,12000,31,15,chan_random,population_variance,0.00084999007166612303,0.00084991544732782575819227430555555555555555555555555555555555555555555555555558667,7.462433829726814984686613898803544644680288102891710069444444444444444441333E-8,0.000087802073173149856444513755738123532047262840317052654655036972068130230496331729,688288035119.81396,3f4bda3bc7a54162
large_offset_interleaved,12000,31,16,chan_random,sum,12000000000000000,12000000000000000.0009765625000,0.0009765625000,8.1380208333333333326710595024956597222761182045495068585387273596558018507048562E-20,0.00048828125,434550f7dca70000
large_offset_interleaved,12000,31,16,chan_random,mean,1000000000000.0001,1000000000000.0000000813802083333333333333333333333333333333333333333333333333333,0.0001219889322916666666666666666666666666666666666666666666666666667,1.2198893229166666665673918194240993923691901188619710780949552315457380307539913E-16,0.9993333333333333,426d1a94a2000001
large_offset_interleaved,12000,31,16,chan_random,population_variance,0.00085000348056300681,0.00084991544732782575819227430555555555555555555555555555555555555555555555555558667,8.803323518105621689169540091926238447841670778062608506944444444444444441333E-8,0.00010357881534902896430971962477930106249160749442953827155400666585550706032977231,811963279682.81396,3f4bda589343b975
large_offset_interleaved,12000,31,17,chan_random,sum,12000000000000000,12000000000000000.0009765625000,0.0009765625000,8.1380208333333333326710595024956597222761182045495068585387273596558018507048562E-20,0.00048828125,434550f7dca70000
large_offset_interleaved,12000,31,17,chan_random,mean,1000000000000.0001,1000000000000.0000000813802083333333333333333333333333333333333333333333333333333,0.0001219889322916666666666666666666666666666666666666666666666666667,1.2198893229166666665673918194240993923691901188619710780949552315457380307539913E-16,0.9993333333333333,426d1a94a2000001
large_offset_interleaved,12000,31,17,chan_random,population_variance,0.0008500043124980484,0.00084991544732782575819227430555555555555555555555555555555555555555555555555558667,8.886517022263745426949002295360615890887048509385850694444444444444444441333E-8,0.00010455765982608474718332056753690379093798472067356454107503160928983801485489261,819636526081.81396,3f4bda5a5ca02c34
large_offset_interleaved,12000,31,18,chan_random,sum,12000000000000000,12000000000000000.0009765625000,0.0009765625000,8.1380208333333333326710595024956597222761182045495068585387273596558018507048562E-20,0.00048828125,434550f7dca70000
large_offset_interleaved,12000,31,18,chan_random,mean,1000000000000.0001,1000000000000.0000000813802083333333333333333333333333333333333333333333333333333,0.0001219889322916666666666666666666666666666666666666666666666666667,1.2198893229166666665673918194240993923691901188619710780949552315457380307539913E-16,0.9993333333333333,426d1a94a2000001
large_offset_interleaved,12000,31,18,chan_random,population_variance,0.00085000717258081353,0.00084991544732782575819227430555555555555555555555555555555555555555555555555558667,9.172525298776850296824905386630335770961311128404405381944444444444444441333E-8,0.00010792279782201514681496947574523153433417856576737075640795823070222481635496989,846016133480.81396,3f4bda6080f9099b
large_offset_interleaved,12000,31,19,chan_random,sum,12000000000000000,12000000000000000.0009765625000,0.0009765625000,8.1380208333333333326710595024956597222761182045495068585387273596558018507048562E-20,0.00048828125,434550f7dca70000
large_offset_interleaved,12000,31,19,chan_random,mean,1000000000000,1000000000000.0000000813802083333333333333333333333333333333333333333333333333333,8.13802083333333333333333333333333333333333333333333333333333E-8,8.1380208333333333326710595024956597222761182045495068585387240263224685173715234E-20,0.00066666666666666664,426d1a94a2000000
large_offset_interleaved,12000,31,19,chan_random,population_variance,0.00084999179637441945,0.00084991544732782575819227430555555555555555555555555555555555555555555555555558667,7.634904659369555865147363407332805864926841523912217881944444444444444441333E-8,0.000089831343616286256673993444459951873471552718104976586320095903021964955956836494,704195661392.81396,3f4bda3f7bd05e83
large_offset_interleaved,12000,31,20,chan_random,sum,12000000000000000,12000000000000000.0009765625000,0.0009765625000,8.1380208333333333326710595024956597222761182045495068585387273596558018507048562E-20,0.00048828125,434550f7dca70000
large_offset_interleaved,12000,31,20,chan_random,mean,1000000000000.0001,1000000000000.0000000813802083333333333333333333333333333333333333333333333333333,0.0001219889322916666666666666666666666666666666666666666666666666667,1.2198893229166666665673918194240993923691901188619710780949552315457380307539913E-16,0.9993333333333333,426d1a94a2000001
large_offset_interleaved,12000,31,20,chan_random,population_variance,0.00085001656484254393,0.00084991544732782575819227430555555555555555555555555555555555555555555555555558667,1.0111751471816930427996241961510450993147161271837022569444444444444444441333E-7,0.00011897361677104180006404632332248835506364251083478844263780862218618763217460228,932644457687.81396,3f4bda74ac6c5d0a
large_offset_interleaved,12000,31,21,chan_random,sum,12000000000000000,12000000000000000.0009765625000,0.0009765625000,8.1380208333333333326710595024956597222761182045495068585387273596558018507048562E-20,0.00048828125,434550f7dca70000
large_offset_interleaved,12000,31,21,chan_random,mean,1000000000000.0001,1000000000000.0000000813802083333333333333333333333333333333333333333333333333333,0.0001219889322916666666666666666666666666666666666666666666666666667,1.2198893229166666665673918194240993923691901188619710780949552315457380307539913E-16,0.9993333333333333,426d1a94a2000001
large_offset_interleaved,12000,31,21,chan_random,population_variance,0.0008500091492019971,0.00084991544732782575819227430555555555555555555555555555555555555555555555555558667,9.370187417133911786073754670825211279508140352037217881944444444444444441333E-8,0.00011024846585144702159231595216289369521902353427890664372079478466243096934977896,864247246032.81396,3f4bda64bfa1bd03
large_offset_interleaved,12000,31,22,chan_random,sum,12000000000000000,12000000000000000.0009765625000,0.0009765625000,8.1380208333333333326710595024956597222761182045495068585387273596558018507048562E-20,0.00048828125,434550f7dca70000
large_offset_interleaved,12000,31,22,chan_random,mean,1000000000000.0001,1000000000000.0000000813802083333333333333333333333333333333333333333333333333333,0.0001219889322916666666666666666666666666666666666666666666666666667,1.2198893229166666665673918194240993923691901188619710780949552315457380307539913E-16,0.9993333333333333,426d1a94a2000001
large_offset_interleaved,12000,31,22,chan_random,population_variance,0.00084999944407086064,0.00084991544732782575819227430555555555555555555555555555555555555555555555555558667,8.399674303488277979059775349115726486262347963121202256944444444444444441333E-8,0.000098829528630139033860432170830671517116427303703886990621279451823037359922341364,774733210894.81396,3f4bda4fe82df541
large_offset_interleaved,12000,31,23,chan_random,sum,12000000000000000,12000000000000000.0009765625000,0.0009765625000,8.1380208333333333326710595024956597222761182045495068585387273596558018507048562E-20,0.00048828125,434550f7dca70000
large_offset_interleaved,12000,31,23,chan_random,mean,1000000000000,1000000000000.0000000813802083333333333333333333333333333333333333333333333333333,8.13802083333333333333333333333333333333333333333333333333333E-8,8.1380208333333333326710595024956597222761182045495068585387240263224685173715234E-20,0.00066666666666666664,426d1a94a2000000
large_offset_interleaved,12000,31,23,chan_random,population_variance,0.00084998967078870496,0.00084991544732782575819227430555555555555555555555555555555555555555555555555558667,7.422346087920176884969139210726199154224660661485460069444444444444444441333E-8,0.000087330405762789498244365905175668411780265245193533509520517608666289868256414888,684590593551.81396,3f4bda3aeb42c642
large_offset_interleaved,12000,31,24,chan_random,sum,12000000000000000,12000000000000000.0009765625000,0.0009765625000,8.1380208333333333326710595024956597222761182045495068585387273596558018507048562E-20,0.00048828125,434550f7dca70000
large_offset_interleaved,12000,31,24,chan_random,mean,1000000000000.0001,1000000000000.0000000813802083333333333333333333333333333333333333333333333333333,0.0001219889322916666666666666666666666666666666666666666666666666667,1.2198893229166666665673918194240993923691901188619710780949552315457380307539913E-16,0.9993333333333333,426d1a94a2000001
large_offset_interleaved,12000,31,24,chan_random,population_variance,0.00084999218879515718,0.00084991544732782575819227430555555555555555555555555555555555555555555555555558667,7.674146733141896628252156789231877256598737504747178819444444444444444441333E-8,0.000090293061001182833073402807730067273866251399720749599504130796864071424596801586,707815103851.81396,3f4bda40538cad9e
large_offset_interleaved,12000,31,25,chan_random,sum,12000000000000000,12000000000000000.0009765625000,0.0009765625000,8.1380208333333333326710595024956597222761182045495068585387273596558018507048562E-20,0.00048828125,434550f7dca70000
large_offset_interleaved,12000,31,25,chan_random,mean,1000000000000.0001,1000000000000.0000000813802083333333333333333333333333333333333333333333333333333,0.0001219889322916666666666666666666666666666666666666666666666666667,1.2198893229166666665673918194240993923691901188619710780949552315457380307539913E-16,0.9993333333333333,426d1a94a2000001
large_offset_interleaved,12000,31,25,chan_random,population_variance,0.00085001537750656699,0.00084991544732782575819227430555555555555555555555555555555555555555555555555558667,9.993017874123581414627339982972545031872060563829210069444444444444444441333E-8,0.00011757661195054285463281839679973752258645192329363448820196235216210149239301171,921693216239.81396,3f4bda721fadae22
large_offset_interleaved,12000,31,26,chan_random,sum,12000000000000000,12000000000000000.0009765625000,0.0009765625000,8.1380208333333333326710595024956597222761182045495068585387273596558018507048562E-20,0.00048828125,434550f7dca70000
large_offset_interleaved,12000,31,26,chan_random,mean,1000000000000.0001,1000000000000.0000000813802083333333333333333333333333333333333333333333333333333,0.0001219889322916666666666666666666666666666666666666666666666666667,1.2198893229166666665673918194240993923691901188619710780949552315457380307539913E-16,0.9993333333333333,426d1a94a2000001
large_offset_interleaved,12000,31,26,chan_random,population_variance,0.00085001297138277167,0.00084991544732782575819227430555555555555555555555555555555555555555555555555558667,9.752405494591205977996908574015024997707870271470811631944444444444444441333E-8,0.00011474559646201547107612943038038348133011668425206951036946208018869966626047836,899500641308.81396,3f4bda6cf4e5dc4f
large_offset_interleaved,12000,31,27,chan_random,sum,12000000000000000,12000000000000000.0009765625000,0.0009765625000,8.1380208333333333326710595024956597222761182045495068585387273596558018507048562E-20,0.00048828125,434550f7dca70000
large_offset_interleaved,12000,31,27,chan_random,mean,1000000000000.0001,1000000000000.0000000813802083333333333333333333333333333333333333333333333333333,0.0001219889322916666666666666666666666666666666666666666666666666667,1.2198893229166666665673918194240993923691901188619710780949552315457380307539913E-16,0.9993333333333333,426d1a94a2000001
large_offset_interleaved,12000,31,27,chan_random,population_variance,0.00085000856217300517,0.00084991544732782575819227430555555555555555555555555555555555555555555555555558667,9.311484517940805641058845923099498678412702348497178819444444444444444441333E-8,0.00010955777480238242548395404716358709831243573780299682276945655676170148969494857,858832859243.81396,3f4bda637ce8c09e
large_offset_interleaved,12000,31,28,chan_random,sum,12000000000000000,12000000000000000.0009765625000,0.0009765625000,8.1380208333333333326710595024956597222761182045495068585387273596558018507048562E-20,0.00048828125,434550f7dca70000
large_offset_interleaved,12000,31,28,chan_random,mean,1000000000000,1000000000000.0000000813802083333333333333333333333333333333333333333333333333333,8.13802083333333333333333333333333333333333333333333333333333E-8,8.1380208333333333326710595024956597222761182045495068585387240263224685173715234E-20,0.00066666666666666664,426d1a94a2000000
large_offset_interleaved,12000,31,28,chan_random,population_variance,0.00085001569781645737,0.00084991544732782575819227430555555555555555555555555555555555555555555555555558667,1.0025048863160942705066405425087497052219178941514756944444444444444444441333E-7,0.00011795348460461765972437316498300505962367421660500356350245295371825319279633578,924647553525.81396,3f4bda72cfc54a28
large_offset_interleaved,12000,31,29,chan_random,sum,12000000000000000,12000000000000000.0009765625000,0.0009765625000,8.1380208333333333326710595024956597222761182045495068585387273596558018507048562E-20,0.00048828125,434550f7dca70000
large_offset_interleaved,12000,31,29,chan_random,mean,1000000000000.0001,1000000000000.0000000813802083333333333333333333333333333333333333333333333333333,0.0001219889322916666666666666666666666666666666666666666666666666667,1.2198893229166666665673918194240993923691901188619710780949552315457380307539913E-16,0.9993333333333333,426d1a94a2000001
large_offset_interleaved,12000,31,29,chan_random,population_variance,0.00084996510655914622,0.00084991544732782575819227430555555555555555555555555555555555555555555555555558667,4.965923132045787055346666407887015439983871248033311631944444444444444441333E-8,0.000058428437177590824320825980115446545220040296652647498881793948047779499669606004,458025565532.81396,3f4bda062aeecd8f
large_offset_interleaved,12000,31,30,chan_random,sum,12000000000000000,12000000000000000.0009765625000,0.0009765625000,8.1380208333333333326710595024956597222761182045495068585387273596558018507048562E-20,0.00048828125,434550f7dca70000
large_offset_interleaved,12000,31,30,chan_random,mean,1000000000000.0001,1000000000000.0000000813802083333333333333333333333333333333333333333333333333333,0.0001219889322916666666666666666666666666666666666666666666666666667,1.2198893229166666665673918194240993923691901188619710780949552315457380307539913E-16,0.9993333333333333,426d1a94a2000001
large_offset_interleaved,12000,31,30,chan_random,population_variance,0.00084999208632078552,0.00084991544732782575819227430555555555555555555555555555555555555555555555555558667,7.663899295976580841285555026034772810008790757921006944444444444444444441333E-8,0.000090172490923329392326986521124584517017438981158482980590503640076116381245655497,706869944597.81396,3f4bda401b36b148
large_offset_interleaved,12000,31,31,chan_random,sum,12000000000000000,12000000000000000.0009765625000,0.0009765625000,8.1380208333333333326710595024956597222761182045495068585387273596558018507048562E-20,0.00048828125,434550f7dca70000
large_offset_interleaved,12000,31,31,chan_random,mean,1000000000000.0001,1000000000000.0000000813802083333333333333333333333333333333333333333333333333333,0.0001219889322916666666666666666666666666666666666666666666666666667,1.2198893229166666665673918194240993923691901188619710780949552315457380307539913E-16,0.9993333333333333,426d1a94a2000001
large_offset_interleaved,12000,31,31,chan_random,population_variance,0.00085001642745148305,0.00084991544732782575819227430555555555555555555555555555555555555555555555555558667,1.0098012365729303438069111267496838182624843385484483506944444444444444441333E-7,0.00011881196414864479119338599505519124038566932249901144538905557972700626832387940,931377248818.81396,3f4bda7460e44a65
large_offset_interleaved,12000,257,,naive,sum,12000000000000000,12000000000000000.0009765625000,0.0009765625000,8.1380208333333333326710595024956597222761182045495068585387273596558018507048562E-20,0.00048828125,434550f7dca70000
large_offset_interleaved,12000,257,,naive,mean,1000000000000,1000000000000.0000000813802083333333333333333333333333333333333333333333333333333,8.13802083333333333333333333333333333333333333333333333333333E-8,8.1380208333333333326710595024956597222761182045495068585387240263224685173715234E-20,0.00066666666666666664,426d1a94a2000000
large_offset_interleaved,12000,257,,naive,population_variance,-85110816768,0.00084991544732782575819227430555555555555555555555555555555555555555555555555558667,85110816768.000849915447327825758192274305555555555555555555555555555555555555556,100140334000980.06336852523711213774796049418072434154497515592688105889066188274,7.8500872741184965e+29,c233d10000000000
large_offset_interleaved,12000,257,,welford,sum,12000000000000000,12000000000000000.0009765625000,0.0009765625000,8.1380208333333333326710595024956597222761182045495068585387273596558018507048562E-20,0.00048828125,434550f7dca70000
large_offset_interleaved,12000,257,,welford,mean,1000000000000,1000000000000.0000000813802083333333333333333333333333333333333333333333333333333,8.13802083333333333333333333333333333333333333333333333333333E-8,8.1380208333333333326710595024956597222761182045495068585387240263224685173715234E-20,0.00066666666666666664,426d1a94a2000000
large_offset_interleaved,12000,257,,welford,population_variance,0.00084991598998506866,0.00084991544732782575819227430555555555555555555555555555555555555555555555555558667,5.4265724290579156166261201279768202867772844102647569444444444444444441333E-10,6.3848379813772242975203878130622335600344887970270545897815052965298188817748131E-7,5005129639.8139877,3f4bd99cb0cf87da
large_offset_interleaved,12000,257,,chan_left,sum,12000000000000000,12000000000000000.0009765625000,0.0009765625000,8.1380208333333333326710595024956597222761182045495068585387273596558018507048562E-20,0.00048828125,434550f7dca70000
large_offset_interleaved,12000,257,,chan_left,mean,1000000000000,1000000000000.0000000813802083333333333333333333333333333333333333333333333333333,8.13802083333333333333333333333333333333333333333333333333333E-8,8.1380208333333333326710595024956597222761182045495068585387240263224685173715234E-20,0.00066666666666666664,426d1a94a2000000
large_offset_interleaved,12000,257,,chan_left,population_variance,0.00084995831683074387,0.00084991544732782575819227430555555555555555555555555555555555555555555555555558667,4.286950291811585486392546487069113128301170137193467881944444444444444441333E-8,0.000050439726743289104146962961903425857575015558297207035721925697717423738878762189,395401374448.81396,3f4bd9f7963d7b23
large_offset_interleaved,12000,257,,chan_balanced,sum,12000000000000000,12000000000000000.0009765625000,0.0009765625000,8.1380208333333333326710595024956597222761182045495068585387273596558018507048562E-20,0.00048828125,434550f7dca70000
large_offset_interleaved,12000,257,,chan_balanced,mean,1000000000000,1000000000000.0000000813802083333333333333333333333333333333333333333333333333333,8.13802083333333333333333333333333333333333333333333333333333E-8,8.1380208333333333326710595024956597222761182045495068585387240263224685173715234E-20,0.00066666666666666664,426d1a94a2000000
large_offset_interleaved,12000,257,,chan_balanced,population_variance,0.00084996355209557533,0.00084991544732782575819227430555555555555555555555555555555555555555555555555558667,4.810476774957396891821106679445721157309081819322374131944444444444444441333E-8,0.000056599474572226716163315588206015051263538629638888509134897425852127224602211648,443688169700.81396,3f4bda02d45b8117
large_offset_interleaved,12000,257,0,chan_random,sum,12000000000000000,12000000000000000.0009765625000,0.0009765625000,8.1380208333333333326710595024956597222761182045495068585387273596558018507048562E-20,0.00048828125,434550f7dca70000
large_offset_interleaved,12000,257,0,chan_random,mean,1000000000000.0001,1000000000000.0000000813802083333333333333333333333333333333333333333333333333333,0.0001219889322916666666666666666666666666666666666666666666666666667,1.2198893229166666665673918194240993923691901188619710780949552315457380307539913E-16,0.9993333333333333,426d1a94a2000001
large_offset_interleaved,12000,257,0,chan_random,population_variance,0.0008499646349286364,0.00084991544732782575819227430555555555555555555555555555555555555555555555555558667,4.918760081063801689296413302246138401743438508775499131944444444444444441333E-8,0.000057873522554844900332967375328907649847356323278110448373885412253423922802989405,453675541876.81396,3f4bda0527a6b5a7
large_offset_interleaved,12000,257,1,chan_random,sum,12000000000000000,12000000000000000.0009765625000,0.0009765625000,8.1380208333333333326710595024956597222761182045495068585387273596558018507048562E-20,0.00048828125,434550f7dca70000
large_offset_interleaved,12000,257,1,chan_random,mean,1000000000000,1000000000000.0000000813802083333333333333333333333333333333333333333333333333333,8.13802083333333333333333333333333333333333333333333333333333E-8,8.1380208333333333326710595024956597222761182045495068585387240263224685173715234E-20,0.00066666666666666664,426d1a94a2000000
large_offset_interleaved,12000,257,1,chan_random,population_variance,0.0008499608821035087,0.00084991544732782575819227430555555555555555555555555555555555555555555555555558667,4.543477568294171761411861767656874791201617982652452256944444444444444441333E-8,0.000053457994940309409262181490833783476013308508614897787368676852314761267086901045,419061839534.81396,3f4bd9fd188386e1
large_offset_interleaved,12000,257,2,chan_random,sum,12000000000000000,12000000000000000.0009765625000,0.0009765625000,8.1380208333333333326710595024956597222761182045495068585387273596558018507048562E-20,0.00048828125,434550f7dca70000
large_offset_interleaved,12000,257,2,chan_random,mean,1000000000000,1000000000000.0000000813802083333333333333333333333333333333333333333333333333333,8.13802083333333333333333333333333333333333333333333333333333E-8,8.1380208333333333326710595024956597222761182045495068585387240263224685173715234E-20,0.00066666666666666664,426d1a94a2000000
large_offset_interleaved,12000,257,2,chan_random,population_variance,0.00084996245997821904,0.00084991544732782575819227430555555555555555555555555555555555555555555555555558667,4.701265039328060249237653225564928207960393693712022569444444444444444441333E-8,0.000055314502802708895432100325791274353581279753015867457344956467745292983898186700,433615165015.81396,3f4bda007bf5a68a
large_offset_interleaved,12000,257,3,chan_random,sum,12000000000000000,12000000000000000.0009765625000,0.0009765625000,8.1380208333333333326710595024956597222761182045495068585387273596558018507048562E-20,0.00048828125,434550f7dca70000
large_offset_interleaved,12000,257,3,chan_random,mean,1000000000000,1000000000000.0000000813802083333333333333333333333333333333333333333333333333333,8.13802083333333333333333333333333333333333333333333333333333E-8,8.1380208333333333326710595024956597222761182045495068585387240263224685173715234E-20,0.00066666666666666664,426d1a94a2000000
large_offset_interleaved,12000,257,3,chan_random,population_variance,0.00084996714764070031,0.00084991544732782575819227430555555555555555555555555555555555555555555555555558667,5.170031287455504856145596350971674029197957780626085069444444444444444441333E-8,0.000060829948481467503648891669187884141977905600773981404777588501448843981113920144,476851220063.81396,3f4bda0a8d077e92
large_offset_interleaved,12000,257,4,chan_random,sum,12000000000000000,12000000000000000.0009765625000,0.0009765625000,8.1380208333333333326710595024956597222761182045495068585387273596558018507048562E-20,0.00048828125,434550f7dca70000
large_offset_interleaved,12000,257,4,chan_random,mean,1000000000000,1000000000000.0000000813802083333333333333333333333333333333333333333333333333333,8.13802083333333333333333333333333333333333333333333333333333E-8,8.1380208333333333326710595024956597222761182045495068585387240263224685173715234E-20,0.00066666666666666664,426d1a94a2000000
large_offset_interleaved,12000,257,4,chan_random,population_variance,0.00084997766231933503,0.00084991544732782575819227430555555555555555555555555555555555555555555555555558667,6.221499150927604606911261144988303486671712663438585069444444444444444441333E-8,0.000073201389273348205341947880313657132667792818595206957944136458259081853044231547,573832012959.81396,3f4bda212188f4d2
large_offset_interleaved,12000,257,5,chan_random,sum,12000000000000000,12000000000000000.0009765625000,0.0009765625000,8.1380208333333333326710595024956597222761182045495068585387273596558018507048562E-20,0.00048828125,434550f7dca70000
large_offset_interleaved,12000,257,5,chan_random,mean,1000000000000,1000000000000.0000000813802083333333333333333333333333333333333333333333333333333,8.13802083333333333333333333333333333333333333333333333333333E-8,8.1380208333333333326710595024956597222761182045495068585387240263224685173715234E-20,0.00066666666666666664,426d1a94a2000000
large_offset_interleaved,12000,257,5,chan_random,population_variance,0.00084996179035071694,0.00084991544732782575819227430555555555555555555555555555555555555555555555555558667,4.634302289117822295752249475400377478864457872178819444444444444444444441333E-8,0.000054526627368502210548451936589777748521243763754447230212857953419292759231962770,427438941437.81396,3f4bd9ff0bd3f530
large_offset_interleaved,12000,257,6,chan_random,sum,12000000000000000,12000000000000000.0009765625000,0.0009765625000,8.1380208333333333326710595024956597222761182045495068585387273596558018507048562E-20,0.00048828125,434550f7dca70000
large_offset_interleaved,12000,257,6,chan_random,mean,1000000000000,1000000000000.0000000813802083333333333333333333333333333333333333333333333333333,8.13802083333333333333333333333333333333333333333333333333333E-8,8.1380208333333333326710595024956597222761182045495068585387240263224685173715234E-20,0.00066666666666666664,426d1a94a2000000
large_offset_interleaved,12000,257,6,chan_random,population_variance,0.00084996507980395137,0.00084991544732782575819227430555555555555555555555555555555555555555555555555558667,4.963247612561004881406548052938079409715202119615342881944444444444444441333E-8,0.000058396957346353562621947758182718113624054694179662799551854034723094200322499995,457778792416.81396,3f4bda061c395813
large_offset_interleaved,12000,257,7,chan_random,sum,12000000000000000,12000000000000000.0009765625000,0.0009765625000,8.1380208333333333326710595024956597222761182045495068585387273596558018507048562E-20,0.00048828125,434550f7dca70000
large_offset_interleaved,12000,257,7,chan_random,mean,1000000000000.0001,1000000000000.0000000813802083333333333333333333333333333333333333333333333333333,0.0001219889322916666666666666666666666666666666666666666666666666667,1.2198893229166666665673918194240993923691901188619710780949552315457380307539913E-16,0.9993333333333333,426d1a94a2000001
large_offset_interleaved,12000,257,7,chan_random,population_variance,0.00084996290147357071,0.00084991544732782575819227430555555555555555555555555555555555555555555555555558667,4.745414574495120493516056272811612062570121553209092881944444444444444441333E-8,0.000055833960771214685797397217728354934210538040022686094037476824090274782428523475,437687240896.81396,3f4bda016eac98f3
large_offset_interleaved,12000,257,8,chan_random,sum,12000000000000000,12000000000000000.0009765625000,0.0009765625000,8.1380208333333333326710595024956597222761182045495068585387273596558018507048562E-20,0.00048828125,434550f7dca70000
large_offset_interleaved,12000,257,8,chan_random,mean,1000000000000,1000000000000.0000000813802083333333333333333333333333333333333333333333333333333,8.13802083333333333333333333333333333333333333333333333333333E-8,8.1380208333333333326710595024956597222761182045495068585387240263224685173715234E-20,0.00066666666666666664,426d1a94a2000000
large_offset_interleaved,12000,257,8,chan_random,population_variance,0.0008499562763578303,0.00084991544732782575819227430555555555555555555555555555555555555555555555555558667,4.082903000454380895403419218483678479161527421739366319444444444444444441333E-8,0.000048038931558324071492231426678896686893685078594686396018195078988842890980981689,376581333635.81396,3f4bd9f3347a72b6
large_offset_interleaved,12000,257,9,chan_random,sum,12000000000000000,12000000000000000.0009765625000,0.0009765625000,8.1380208333333333326710595024956597222761182045495068585387273596558018507048562E-20,0.00048828125,434550f7dca70000
large_offset_interleaved,12000,257,9,chan_random,mean,1000000000000,1000000000000.0000000813802083333333333333333333333333333333333333333333333333333,8.13802083333333333333333333333333333333333333333333333333333E-8,8.1380208333333333326710595024956597222761182045495068585387240263224685173715234E-20,0.00066666666666666664,426d1a94a2000000
large_offset_interleaved,12000,257,9,chan_random,population_variance,0.00084995617302518274,0.00084991544732782575819227430555555555555555555555555555555555555555555555555558667,4.072569735698370854384522645988100622263219621446397569444444444444444441333E-8,0.000047917351643657285370761658223683504204063979583106017453106246440465682691411100,375628258183.81396,3f4bd9f2fbababba
large_offset_interleaved,12000,257,10,chan_random,sum,12000000000000000,12000000000000000.0009765625000,0.0009765625000,8.1380208333333333326710595024956597222761182045495068585387273596558018507048562E-20,0.00048828125,434550f7dca70000
large_offset_interleaved,12000,257,10,chan_random,mean,1000000000000,1000000000000.0000000813802083333333333333333333333333333333333333333333333333333,8.13802083333333333333333333333333333333333333333333333333333E-8,8.1380208333333333326710595024956597222761182045495068585387240263224685173715234E-20,0.00066666666666666664,426d1a94a2000000
large_offset_interleaved,12000,257,10,chan_random,population_variance,0.00084996224954557074,0.00084991544732782575819227430555555555555555555555555555555555555555555555555558667,4.680221774497751421575644472896884609427716996934678819444444444444444441333E-8,0.000055066910352230793821812237054595294928237709959949848220791932838003098065889780,431674266411.81396,3f4bda000845e35e
large_offset_interleaved,12000,257,11,chan_random,sum,12000000000000000,12000000000000000.0009765625000,0.0009765625000,8.1380208333333333326710595024956597222761182045495068585387273596558018507048562E-20,0.00048828125,434550f7dca70000
large_offset_interleaved,12000,257,11,chan_random,mean,1000000000000,1000000000000.0000000813802083333333333333333333333333333333333333333333333333333,8.13802083333333333333333333333333333333333333333333333333333E-8,8.1380208333333333326710595024956597222761182045495068585387240263224685173715234E-20,0.00066666666666666664,426d1a94a2000000
large_offset_interleaved,12000,257,11,chan_random,population_variance,0.00084996489411441124,0.00084991544732782575819227430555555555555555555555555555555555555555555555555558667,4.944678658547695501404264619951492123719718721177842881944444444444444441333E-8,0.000058178477330821534736259515806651733225670025964881191949162810084668514934498913,456066108704.81396,3f4bda05b623dd53
large_offset_interleaved,12000,257,12,chan_random,sum,12000000000000000,12000000000000000.0009765625000,0.0009765625000,8.1380208333333333326710595024956597222761182045495068585387273596558018507048562E-20,0.00048828125,434550f7dca70000
large_offset_interleaved,12000,257,12,chan_random,mean,1000000000000,1000000000000.0000000813802083333333333333333333333333333333333333333333333333333,8.13802083333333333333333333333333333333333333333333333333333E-8,8.1380208333333333326710595024956597222761182045495068585387240263224685173715234E-20,0.00066666666666666664,426d1a94a2000000
large_offset_interleaved,12000,257,12,chan_random,population_variance,0.00084995479667116522,0.00084991544732782575819227430555555555555555555555555555555555555555555555555558667,3.934934333946443454601807035133889358904626634385850694444444444444444441333E-8,0.000046297950535174558145283431796775107422783635579431891690877891225753300794296680,362933633025.81396,3f4bd9f007031034
large_offset_interleaved,12000,257,13,chan_random,sum,12000000000000000,12000000000000000.0009765625000,0.0009765625000,8.1380208333333333326710595024956597222761182045495068585387273596558018507048562E-20,0.00048828125,434550f7dca70000
large_offset_interleaved,12000,257,13,chan_random,mean,1000000000000,1000000000000.0000000813802083333333333333333333333333333333333333333333333333333,8.13802083333333333333333333333333333333333333333333333333333E-8,8.1380208333333333326710595024956597222761182045495068585387240263224685173715234E-20,0.00066666666666666664,426d1a94a2000000
large_offset_interleaved,12000,257,13,chan_random,population_variance,0.00084995497608568254,0.00084991544732782575819227430555555555555555555555555555555555555555555555555558667,3.952875785677846223433975738872605789866712358262803819444444444444444441333E-8,0.000046509047436493525097292196718613158586209211912419479416995447801795404409867011,364588439867.81396,3f4bd9f069a5696e
large_offset_interleaved,12000,257,14,chan_random,sum,12000000000000000,12000000000000000.0009765625000,0.0009765625000,8.1380208333333333326710595024956597222761182045495068585387273596558018507048562E-20,0.00048828125,434550f7dca70000
large_offset_interleaved,12000,257,14,chan_random,mean,1000000000000,1000000000000.0000000813802083333333333333333333333333333333333333333333333333333,8.13802083333333333333333333333333333333333333333333333333333E-8,8.1380208333333333326710595024956597222761182045495068585387240263224685173715234E-20,0.00066666666666666664,426d1a94a2000000
large_offset_interleaved,12000,257,14,chan_random,population_variance,0.00084995452902232778,0.00084991544732782575819227430555555555555555555555555555555555555555555555555558667,3.908169450201801450564234288423095778044727113511827256944444444444444441333E-8,0.000045983038224440683845731709397354565595452114200465447852695977872645897726348224,360465008222.81396,3f4bd9ef73ded691
large_offset_interleaved,12000,257,15,chan_random,sum,12000000000000000,12000000000000000.0009765625000,0.0009765625000,8.1380208333333333326710595024956597222761182045495068585387273596558018507048562E-20,0.00048828125,434550f7dca70000
large_offset_interleaved,12000,257,15,chan_random,mean,1000000000000,1000000000000.0000000813802083333333333333333333333333333333333333333333333333333,8.13802083333333333333333333333333333333333333333333333333333E-8,8.1380208333333333326710595024956597222761182045495068585387240263224685173715234E-20,0.00066666666666666664,426d1a94a2000000
large_offset_interleaved,12000,257,15,chan_random,population_variance,0.00084996764757943179,0.00084991544732782575819227430555555555555555555555555555555555555555555555555558667,5.220025160602710348170221424071415741410520341661241319444444444444444441333E-8,0.000061418170207574360354721257573411582820061491037331939396834138217005886307683886,481462340979.81396,3f4bda0b9fdf9da6
large_offset_interleaved,12000,257,16,chan_random,sum,12000000000000000,12000000000000000.0009765625000,0.0009765625000,8.1380208333333333326710595024956597222761182045495068585387273596558018507048562E-20,0.00048828125,434550f7dca70000
large_offset_interleaved,12000,257,16,chan_random,mean,1000000000000,1000000000000.0000000813802083333333333333333333333333333333333333333333333333333,8.13802083333333333333333333333333333333333333333333333333333E-8,8.1380208333333333326710595024956597222761182045495068585387240263224685173715234E-20,0.00066666666666666664,426d1a94a2000000
large_offset_interleaved,12000,257,16,chan_random,population_variance,0.00084997744910993221,0.00084991544732782575819227430555555555555555555555555555555555555555555555555558667,6.200178210645219647714456969980447967019346025254991319444444444444444441333E-8,0.000072950529727855544857019500140013015103138818974459531402068652568620237156093755,571865503315.81396,3f4bda20ac526686
large_offset_interleaved,12000,257,17,chan_random,sum,12000000000000000,12000000000000000.0009765625000,0.0009765625000,8.1380208333333333326710595024956597222761182045495068585387273596558018507048562E-20,0.00048828125,434550f7dca70000
large_offset_interleaved,12000,257,17,chan_random,mean,1000000000000,1000000000000.0000000813802083333333333333333333333333333333333333333333333333333,8.13802083333333333333333333333333333333333333333333333333333E-8,8.1380208333333333326710595024956597222761182045495068585387240263224685173715234E-20,0.00066666666666666664,426d1a94a2000000
large_offset_interleaved,12000,257,17,chan_random,population_variance,0.0008499586065712051,0.00084991544732782575819227430555555555555555555555555555555555555555555555555558667,4.315924337933997986496395229652181215998199250962999131944444444444444441333E-8,0.000050780631785237785834107414726202664298725838010924760537224053662282436894379500,398073758516.81396,3f4bd9f83586d367
large_offset_interleaved,12000,257,18,chan_random,sum,12000000000000000,12000000000000000.0009765625000,0.0009765625000,8.1380208333333333326710595024956597222761182045495068585387273596558018507048562E-20,0.00048828125,434550f7dca70000
large_offset_interleaved,12000,257,18,chan_random,mean,999999999999.99988,1000000000000.0000000813802083333333333333333333333333333333333333333333333333333,0.0001221516927083333333333333333333333333333333333333333333333333333,1.2215169270833333332339260313245985243136453425028809794666629763510025244574656E-16,1.0006666666666666,426d1a94a1ffffff
large_offset_interleaved,12000,257,18,chan_random,population_variance,0.00084997281977050706,0.00084991544732782575819227430555555555555555555555555555555555555555555555555558667,5.737244268130630261673077699116321228858497407701280381944444444444444441333E-8,0.000067503706235353137356659409086736454176284257334796307407651675928227412535562338,529167383512.81396,3f4bda16bb50cc0b
large_offset_interleaved,12000,257,19,chan_random,sum,12000000000000000,12000000000000000.0009765625000,0.0009765625000,8.1380208333333333326710595024956597222761182045495068585387273596558018507048562E-20,0.00048828125,434550f7dca70000
large_offset_interleaved,12000,257,19,chan_random,mean,1000000000000,1000000000000.0000000813802083333333333333333333333333333333333333333333333333333,8.13802083333333333333333333333333333333333333333333333333333E-8,8.1380208333333333326710595024956597222761182045495068585387240263224685173715234E-20,0.00066666666666666664,426d1a94a2000000
large_offset_interleaved,12000,257,19,chan_random,population_variance,0.00084996081134711891,0.00084991544732782575819227430555555555555555555555555555555555555555555555555558667,4.536401929315365646713489569366275746789243486192491319444444444444444441333E-8,0.000053374743847497150615984408720429251908790676268038965022918139302499517338762695,418409227027.81396,3f4bd9fcf19d7346
large_offset_interleaved,12000,257,20,chan_random,sum,12000000000000000,12000000000000000.0009765625000,0.0009765625000,8.1380208333333333326710595024956597222761182045495068585387273596558018507048562E-20,0.00048828125,434550f7dca70000
large_offset_interleaved,12000,257,20,chan_random,mean,1000000000000,1000000000000.0000000813802083333333333333333333333333333333333333333333333333333,8.13802083333333333333333333333333333333333333333333333333333E-8,8.1380208333333333326710595024956597222761182045495068585387240263224685173715234E-20,0.00066666666666666664,426d1a94a2000000
large_offset_interleaved,12000,257,20,chan_random,population_variance,0.00084996517973042732,0.00084991544732782575819227430555555555555555555555555555555555555555555555555558667,4.973240260155802447108699640112819098350074556138780381944444444444444441333E-8,0.000058514529601643367283291629516347329664525312270521462092524987271550009790876345,458700451480.81396,3f4bda065328becb
large_offset_interleaved,12000,257,21,chan_random,sum,12000000000000000,12000000000000000.0009765625000,0.0009765625000,8.1380208333333333326710595024956597222761182045495068585387273596558018507048562E-20,0.00048828125,434550f7dca70000
large_offset_interleaved,12000,257,21,chan_random,mean,1000000000000,1000000000000.0000000813802083333333333333333333333333333333333333333333333333333,8.13802083333333333333333333333333333333333333333333333333333E-8,8.1380208333333333326710595024956597222761182045495068585387240263224685173715234E-20,0.00066666666666666664,426d1a94a2000000
large_offset_interleaved,12000,257,21,chan_random,population_variance,0.00084996567020814153,0.00084991544732782575819227430555555555555555555555555555555555555555555555555558667,5.022288031577399166873989757833543181833293702867296006944444444444444441333E-8,0.000059091619611900331382798370879929641066272771219749502057392252663241104080175722,463224309914.81396,3f4bda0760cd58cd
large_offset_interleaved,12000,257,22,chan_random,sum,12000000000000000,12000000000000000.0009765625000,0.0009765625000,8.1380208333333333326710595024956597222761182045495068585387273596558018507048562E-20,0.00048828125,434550f7dca70000
large_offset_interleaved,12000,257,22,chan_random,mean,999999999999.99988,1000000000000.0000000813802083333333333333333333333333333333333333333333333333333,0.0001221516927083333333333333333333333333333333333333333333333333333,1.2215169270833333332339260313245985243136453425028809794666629763510025244574656E-16,1.0006666666666666,426d1a94a1ffffff
large_offset_interleaved,12000,257,22,chan_random,population_variance,0.00084996444866990682,0.00084991544732782575819227430555555555555555555555555555555555555555555555555558667,4.900134208106108165939021306358982757147815492418077256944444444444444441333E-8,0.000057654372838055375608033446895610275835791933204160077704481167975500935690937446,451957608318.81396,3f4bda04c1411fb1
large_offset_interleaved,12000,257,23,chan_random,sum,12000000000000000,12000000000000000.0009765625000,0.0009765625000,8.1380208333333333326710595024956597222761182045495068585387273596558018507048562E-20,0.00048828125,434550f7dca70000
large_offset_interleaved,12000,257,23,chan_random,mean,1000000000000,1000000000000.0000000813802083333333333333333333333333333333333333333333333333333,8.13802083333333333333333333333333333333333333333333333333333E-8,8.1380208333333333326710595024956597222761182045495068585387240263224685173715234E-20,0.00066666666666666664,426d1a94a2000000
large_offset_interleaved,12000,257,23,chan_random,population_variance,0.00084995742042189536,0.00084991544732782575819227430555555555555555555555555555555555555555555555555558667,4.197309406959895097502213603648771014478471544053819444444444444444444441333E-8,0.000049385023182675803640051264067253437232205547821026029794582854797375376017724940,387133462141.81396,3f4bd9f5a96f26b0
large_offset_interleaved,12000,257,24,chan_random,sum,12000000000000000,12000000000000000.0009765625000,0.0009765625000,8.1380208333333333326710595024956597222761182045495068585387273596558018507048562E-20,0.00048828125,434550f7dca70000
large_offset_interleaved,12000,257,24,chan_random,mean,1000000000000,1000000000000.0000000813802083333333333333333333333333333333333333333333333333333,8.13802083333333333333333333333333333333333333333333333333333E-8,8.1380208333333333326710595024956597222761182045495068585387240263224685173715234E-20,0.00066666666666666664,426d1a94a2000000
large_offset_interleaved,12000,257,24,chan_random,population_variance,0.0008499588162460993,0.00084991544732782575819227430555555555555555555555555555555555555555555555555558667,4.336891827354054759460469073120394669887092378404405381944444444444444441333E-8,0.000051027332671613948879085895591161645553267713880913539525440887154066165475611468,400007668072.81396,3f4bd9f8a8cbf19b
large_offset_interleaved,12000,257,25,chan_random,sum,12000000000000000,12000000000000000.0009765625000,0.0009765625000,8.1380208333333333326710595024956597222761182045495068585387273596558018507048562E-20,0.00048828125,434550f7dca70000
large_offset_interleaved,12000,257,25,chan_random,mean,1000000000000,1000000000000.0000000813802083333333333333333333333333333333333333333333333333333,8.13802083333333333333333333333333333333333333333333333333333E-8,8.1380208333333333326710595024956597222761182045495068585387240263224685173715234E-20,0.00066666666666666664,426d1a94a2000000
large_offset_interleaved,12000,257,25,chan_random,population_variance,0.00084996507000109417,0.00084991544732782575819227430555555555555555555555555555555555555555555555555558667,4.962267326840785444355377522798436176445749070909288194444444444444444441333E-8,0.000058385423425852393928306542060706701727001673842348996249181672676667563273823148,457688377017.81396,3f4bda0616d5b6ec
large_offset_interleaved,12000,257,26,chan_random,sum,12000000000000000,12000000000000000.0009765625000,0.0009765625000,8.1380208333333333326710595024956597222761182045495068585387273596558018507048562E-20,0.00048828125,434550f7dca70000
large_offset_interleaved,12000,257,26,chan_random,mean,1000000000000,1000000000000.0000000813802083333333333333333333333333333333333333333333333333333,8.13802083333333333333333333333333333333333333333333333333333E-8,8.1380208333333333326710595024956597222761182045495068585387240263224685173715234E-20,0.00066666666666666664,426d1a94a2000000
large_offset_interleaved,12000,257,26,chan_random,population_variance,0.00084996964781278194,0.00084991544732782575819227430555555555555555555555555555555555555555555555555558667,5.420048495618167258250055498239008658048179414537217881944444444444444441333E-8,0.000063771620020074412058862181945113747004246872561682390120126108664723014046979985,499911237328.81396,3f4bda0feb836f03
large_offset_interleaved,12000,257,27,chan_random,sum,12000000000000000,12000000000000000.0009765625000,0.0009765625000,8.1380208333333333326710595024956597222761182045495068585387273596558018507048562E-20,0.00048828125,434550f7dca70000
large_offset_interleaved,12000,257,27,chan_random,mean,1000000000000,1000000000000.0000000813802083333333333333333333333333333333333333333333333333333,8.13802083333333333333333333333333333333333333333333333333333E-8,8.1380208333333333326710595024956597222761182045495068585387240263224685173715234E-20,0.00066666666666666664,426d1a94a2000000
large_offset_interleaved,12000,257,27,chan_random,population_variance,0.00084996133826537241,0.00084991544732782575819227430555555555555555555555555555555555555555555555555558667,4.589093754664929189182289961637353472825553682115342881944444444444444441333E-8,0.000053994709345420845565934080318763046447567186308096766592081832263568153636688299,423269190112.81396,3f4bd9fe134a9a13
large_offset_interleaved,12000,257,28,chan_random,sum,12000000000000000,12000000000000000.0009765625000,0.0009765625000,8.1380208333333333326710595024956597222761182045495068585387273596558018507048562E-20,0.00048828125,434550f7dca70000
large_offset_interleaved,12000,257,28,chan_random,mean,1000000000000,1000000000000.0000000813802083333333333333333333333333333333333333333333333333333,8.13802083333333333333333333333333333333333333333333333333333E-8,8.1380208333333333326710595024956597222761182045495068585387240263224685173715234E-20,0.00066666666666666664,426d1a94a2000000
large_offset_interleaved,12000,257,28,chan_random,population_variance,0.00084998850412203869,0.00084991544732782575819227430555555555555555555555555555555555555555555555555558667,7.305679421293234357095671940543171432283189561631944444444444444444444441333E-8,0.000085957720197492996941299511438749980446621183509624223644542535841957417948941930,673829992845.81396,3f4bda3869e109c0
large_offset_interleaved,12000,257,29,chan_random,sum,12000000000000000,12000000000000000.0009765625000,0.0009765625000,8.1380208333333333326710595024956597222761182045495068585387273596558018507048562E-20,0.00048828125,434550f7dca70000
large_offset_interleaved,12000,257,29,chan_random,mean,999999999999.99988,1000000000000.0000000813802083333333333333333333333333333333333333333333333333333,0.0001221516927083333333333333333333333333333333333333333333333333333,1.2215169270833333332339260313245985243136453425028809794666629763510025244574656E-16,1.0006666666666666,426d1a94a1ffffff
large_offset_interleaved,12000,257,29,chan_random,population_variance,0.0008499612507418022,0.00084991544732782575819227430555555555555555555555555555555555555555555555555558667,4.580341397644369480193462764974457160052325990464952256944444444444444441333E-8,0.000053891730195576263588342989362736503933784008982298898101412642904735807288522086,422461927662.81396,3f4bd9fde32cc121
large_offset_interleaved,12000,257,30,chan_random,sum,12000000000000000,12000000000000000.0009765625000,0.0009765625000,8.1380208333333333326710595024956597222761182045495068585387273596558018507048562E-20,0.00048828125,434550f7dca70000
large_offset_interleaved,12000,257,30,chan_random,mean,1000000000000,1000000000000.0000000813802083333333333333333333333333333333333333333333333333333,8.13802083333333333333333333333333333333333333333333333333333E-8,8.1380208333333333326710595024956597222761182045495068585387240263224685173715234E-20,0.00066666666666666664,426d1a94a2000000
large_offset_interleaved,12000,257,30,chan_random,population_variance,0.0008499747619666627,0.00084991544732782575819227430555555555555555555555555555555555555555555555555558667,5.931463883694447877495095313962439023372199800279405381944444444444444441333E-8,0.000069788870202833117218688421115551822197151639197414809691423804617322101052415598,547080981224.81396,3f4bda1ae70c9b1b
large_offset_interleaved,12000,257,31,chan_random,sum,12000000000000000,12000000000000000.0009765625000,0.0009765625000,8.1380208333333333326710595024956597222761182045495068585387273596558018507048562E-20,0.00048828125,434550f7dca70000
large_offset_interleaved,12000,257,31,chan_random,mean,1000000000000,1000000000000.0000000813802083333333333333333333333333333333333333333333333333333,8.13802083333333333333333333333333333333333333333333333333333E-8,8.1380208333333333326710595024956597222761182045495068585387240263224685173715234E-20,0.00066666666666666664,426d1a94a2000000
large_offset_interleaved,12000,257,31,chan_random,population_variance,0.00084996013554629649,0.00084991544732782575819227430555555555555555555555555555555555555555555555555558667,4.468821847073279865083763853464107443061139848497178819444444444444444441333E-8,0.000052579604960981312519966085877822828375617390715166733095659674753197857101963971,412176064619.81396,3f4bd9fb7e16f09e
large_offset_interleaved,12000,1024,,naive,sum,12000000000000000,12000000000000000.0009765625000,0.0009765625000,8.1380208333333333326710595024956597222761182045495068585387273596558018507048562E-20,0.00048828125,434550f7dca70000
large_offset_interleaved,12000,1024,,naive,mean,1000000000000,1000000000000.0000000813802083333333333333333333333333333333333333333333333333333,8.13802083333333333333333333333333333333333333333333333333333E-8,8.1380208333333333326710595024956597222761182045495068585387240263224685173715234E-20,0.00066666666666666664,426d1a94a2000000
large_offset_interleaved,12000,1024,,naive,population_variance,-85110816768,0.00084991544732782575819227430555555555555555555555555555555555555555555555555558667,85110816768.000849915447327825758192274305555555555555555555555555555555555555556,100140334000980.06336852523711213774796049418072434154497515592688105889066188274,7.8500872741184965e+29,c233d10000000000
large_offset_interleaved,12000,1024,,welford,sum,12000000000000000,12000000000000000.0009765625000,0.0009765625000,8.1380208333333333326710595024956597222761182045495068585387273596558018507048562E-20,0.00048828125,434550f7dca70000
large_offset_interleaved,12000,1024,,welford,mean,1000000000000,1000000000000.0000000813802083333333333333333333333333333333333333333333333333333,8.13802083333333333333333333333333333333333333333333333333333E-8,8.1380208333333333326710595024956597222761182045495068585387240263224685173715234E-20,0.00066666666666666664,426d1a94a2000000
large_offset_interleaved,12000,1024,,welford,population_variance,0.00084991598998506866,0.00084991544732782575819227430555555555555555555555555555555555555555555555555558667,5.4265724290579156166261201279768202867772844102647569444444444444444441333E-10,6.3848379813772242975203878130622335600344887970270545897815052965298188817748131E-7,5005129639.8139877,3f4bd99cb0cf87da
large_offset_interleaved,12000,1024,,chan_left,sum,12000000000000000,12000000000000000.0009765625000,0.0009765625000,8.1380208333333333326710595024956597222761182045495068585387273596558018507048562E-20,0.00048828125,434550f7dca70000
large_offset_interleaved,12000,1024,,chan_left,mean,1000000000000,1000000000000.0000000813802083333333333333333333333333333333333333333333333333333,8.13802083333333333333333333333333333333333333333333333333333E-8,8.1380208333333333326710595024956597222761182045495068585387240263224685173715234E-20,0.00066666666666666664,426d1a94a2000000
large_offset_interleaved,12000,1024,,chan_left,population_variance,0.00084993177215291252,0.00084991544732782575819227430555555555555555555555555555555555555555555555555558667,1.632482508676503765412648918855767179694440629747178819444444444444444441333E-8,0.000019207587223047960216313789465202473813633848502731903232621214429481144483104340,150569935211.814,3f4bd9be9526319e
large_offset_interleaved,12000,1024,,chan_balanced,sum,12000000000000000,12000000000000000.0009765625000,0.0009765625000,8.1380208333333333326710595024956597222761182045495068585387273596558018507048562E-20,0.00048828125,434550f7dca70000
large_offset_interleaved,12000,1024,,chan_balanced,mean,1000000000000,1000000000000.0000000813802083333333333333333333333333333333333333333333333333333,8.13802083333333333333333333333333333333333333333333333333333E-8,8.1380208333333333326710595024956597222761182045495068585387240263224685173715234E-20,0.00066666666666666664,426d1a94a2000000
large_offset_interleaved,12000,1024,,chan_balanced,population_variance,0.00084993350128784325,0.00084991544732782575819227430555555555555555555555555555555555555555555555555558667,1.805396001749027781426961938551458944049146440294053819444444444444444441333E-8,0.000021242065989331973425994858753094150539709761162623993016123465203767248127636336,166518389979.814,3f4bd9c24bc04d0e
large_offset_interleaved,12000,1024,0,chan_random,sum,12000000000000000,12000000000000000.0009765625000,0.0009765625000,8.1380208333333333326710595024956597222761182045495068585387273596558018507048562E-20,0.00048828125,434550f7dca70000
large_offset_interleaved,12000,1024,0,chan_random,mean,1000000000000,1000000000000.0000000813802083333333333333333333333333333333333333333333333333333,8.13802083333333333333333333333333333333333333333333333333333E-8,8.1380208333333333326710595024956597222761182045495068585387240263224685173715234E-20,0.00066666666666666664,426d1a94a2000000
large_offset_interleaved,12000,1024,0,chan_random,population_variance,0.00084993098182836984,0.00084991544732782575819227430555555555555555555555555555555555555555555555555558667,1.553450054408446853429184544539667614218261506822374131944444444444444441333E-8,0.000018277701144185190104784077318071789248147023374732396308477506422099771920874993,143280477924.814,3f4bd9bce2a9e717
large_offset_interleaved,12000,1024,1,chan_random,sum,12000000000000000,12000000000000000.0009765625000,0.0009765625000,8.1380208333333333326710595024956597222761182045495068585387273596558018507048562E-20,0.00048828125,434550f7dca70000
large_offset_interleaved,12000,1024,1,chan_random,mean,999999999999.99988,1000000000000.0000000813802083333333333333333333333333333333333333333333333333333,0.0001221516927083333333333333333333333333333333333333333333333333333,1.2215169270833333332339260313245985243136453425028809794666629763510025244574656E-16,1.0006666666666666,426d1a94a1ffffff
large_offset_interleaved,12000,1024,1,chan_random,population_variance,0.00084993872770566727,0.00084991544732782575819227430555555555555555555555555555555555555555555555555558667,2.328037784151185504402350703559123859223392274644639756944444444444444441333E-8,0.000027391404538776722672211562060164687012132988756645067028309957466585455267572484,214723585990.814,3f4bd9cd850137f9
large_offset_interleaved,12000,1024,2,chan_random,sum,12000000000000000,12000000000000000.0009765625000,0.0009765625000,8.1380208333333333326710595024956597222761182045495068585387273596558018507048562E-20,0.00048828125,434550f7dca70000
large_offset_interleaved,12000,1024,2,chan_random,mean,1000000000000,1000000000000.0000000813802083333333333333333333333333333333333333333333333333333,8.13802083333333333333333333333333333333333333333333333333333E-8,8.1380208333333333326710595024956597222761182045495068585387240263224685173715234E-20,0.00066666666666666664,426d1a94a2000000
large_offset_interleaved,12000,1024,2,chan_random,population_variance,0.00084993079010000001,0.00084991544732782575819227430555555555555555555555555555555555555555555555555558667,1.534277217425032393796316101644252840843465593126085069444444444444444441333E-8,0.000018052115916340529048784313298027427509452208129307368834345166780101363843536200,141512095839.814,3f4bd9bc79428892
large_offset_interleaved,12000,1024,3,chan_random,sum,12000000000000000,12000000000000000.0009765625000,0.0009765625000,8.1380208333333333326710595024956597222761182045495068585387273596558018507048562E-20,0.00048828125,434550f7dca70000
large_offset_interleaved,12000,1024,3,chan_random,mean,999999999999.99988,1000000000000.0000000813802083333333333333333333333333333333333333333333333333333,0.0001221516927083333333333333333333333333333333333333333333333333333,1.2215169270833333332339260313245985243136453425028809794666629763510025244574656E-16,1.0006666666666666,426d1a94a1ffffff
large_offset_interleaved,12000,1024,3,chan_random,population_variance,0.00084994070329512937,0.00084991544732782575819227430555555555555555555555555555555555555555555555555558667,2.525596730360772337567157011209120456543233659532335069444444444444444441333E-8,0.000029715858657486077530894362346756844909398666865095063807700230154637341672793276,232945182591.814,3f4bd9d1c318b7b2
large_offset_interleaved,12000,1024,4,chan_random,sum,12000000000000000,12000000000000000.0009765625000,0.0009765625000,8.1380208333333333326710595024956597222761182045495068585387273596558018507048562E-20,0.00048828125,434550f7dca70000
large_offset_interleaved,12000,1024,4,chan_random,mean,1000000000000,1000000000000.0000000813802083333333333333333333333333333333333333333333333333333,8.13802083333333333333333333333333333333333333333333333333333E-8,8.1380208333333333326710595024956597222761182045495068585387240263224685173715234E-20,0.00066666666666666664,426d1a94a2000000
large_offset_interleaved,12000,1024,4,chan_random,population_variance,0.00084993249109949329,0.00084991544732782575819227430555555555555555555555555555555555555555555555555558667,1.704377166752784164252234846672864579078223970201280381944444444444444441333E-8,0.000020053490875020878155679378760082827359196784267891969304749427573083356061081334,157201047000.814,3f4bd9c02064ee0b
large_offset_interleaved,12000,1024,5,chan_random,sum,12000000000000000,12000000000000000.0009765625000,0.0009765625000,8.1380208333333333326710595024956597222761182045495068585387273596558018507048562E-20,0.00048828125,434550f7dca70000
large_offset_interleaved,12000,1024,5,chan_random,mean,1000000000000,1000000000000.0000000813802083333333333333333333333333333333333333333333333333333,8.13802083333333333333333333333333333333333333333333333333333E-8,8.1380208333333333326710595024956597222761182045495068585387240263224685173715234E-20,0.00066666666666666664,426d1a94a2000000
large_offset_interleaved,12000,1024,5,chan_random,population_variance,0.00084993129123409614,0.00084991544732782575819227430555555555555555555555555555555555555555555555555558667,1.584390627038466778067318488057127170678642061021592881944444444444444441333E-8,0.000018641744093719741381666121456665636413458883188219592169429246893117979864449170,146134242048.814,3f4bd9bd8cc2e333
large_offset_interleaved,12000,1024,6,chan_random,sum,12000000000000000,12000000000000000.0009765625000,0.0009765625000,8.1380208333333333326710595024956597222761182045495068585387273596558018507048562E-20,0.00048828125,434550f7dca70000
large_offset_interleaved,12000,1024,6,chan_random,mean,1000000000000,1000000000000.0000000813802083333333333333333333333333333333333333333333333333333,8.13802083333333333333333333333333333333333333333333333333333E-8,8.1380208333333333326710595024956597222761182045495068585387240263224685173715234E-20,0.00066666666666666664,426d1a94a2000000
large_offset_interleaved,12000,1024,6,chan_random,population_variance,0.0008499310301771795,0.00084991544732782575819227430555555555555555555555555555555555555555555555555558667,1.558284935374086268813600655549736176100042131212022569444444444444444441333E-8,0.000018334587755445645590277463251870502104938472830478093261103964624101499945340057,143726416983.814,3f4bd9bcfd3e648a
large_offset_interleaved,12000,1024,7,chan_random,sum,12000000000000000,12000000000000000.0009765625000,0.0009765625000,8.1380208333333333326710595024956597222761182045495068585387273596558018507048562E-20,0.00048828125,434550f7dca70000
large_offset_interleaved,12000,1024,7,chan_random,mean,1000000000000,1000000000000.0000000813802083333333333333333333333333333333333333333333333333333,8.13802083333333333333333333333333333333333333333333333333333E-8,8.1380208333333333326710595024956597222761182045495068585387240263224685173715234E-20,0.00066666666666666664,426d1a94a2000000
large_offset_interleaved,12000,1024,7,chan_random,population_variance,0.00084993613380023936,0.00084991544732782575819227430555555555555555555555555555555555555555555555555558667,2.068647241360520691280358265531605057832267549302842881944444444444444441333E-8,0.000024339447504624667776651130885234530078325456755947171108303242698334509579514061,190799031200.814,3f4bd9c7f2fd7bd3
large_offset_interleaved,12000,1024,8,chan_random,sum,12000000000000000,12000000000000000.0009765625000,0.0009765625000,8.1380208333333333326710595024956597222761182045495068585387273596558018507048562E-20,0.00048828125,434550f7dca70000
large_offset_interleaved,12000,1024,8,chan_random,mean,1000000000000,1000000000000.0000000813802083333333333333333333333333333333333333333333333333333,8.13802083333333333333333333333333333333333333333333333333333E-8,8.1380208333333333326710595024956597222761182045495068585387240263224685173715234E-20,0.00066666666666666664,426d1a94a2000000
large_offset_interleaved,12000,1024,8,chan_random,population_variance,0.00084993411262424847,0.00084991544732782575819227430555555555555555555555555555555555555555555555555558667,1.866529642270838393016932046622160770412948396470811631944444444444444441333E-8,0.000021961356840133869779073853153452498125159887453600294362109694667007921153216129,172156973084.814,3f4bd9c39bd6404f
large_offset_interleaved,12000,1024,9,chan_random,sum,12000000000000000,12000000000000000.0009765625000,0.0009765625000,8.1380208333333333326710595024956597222761182045495068585387273596558018507048562E-20,0.00048828125,434550f7dca70000
large_offset_interleaved,12000,1024,9,chan_random,mean,1000000000000,1000000000000.0000000813802083333333333333333333333333333333333333333333333333333,8.13802083333333333333333333333333333333333333333333333333333E-8,8.1380208333333333326710595024956597222761182045495068585387240263224685173715234E-20,0.00066666666666666664,426d1a94a2000000
large_offset_interleaved,12000,1024,9,chan_random,population_variance,0.00084992933424540623,0.00084991544732782575819227430555555555555555555555555555555555555555555555555558667,1.388691758047000093492487040849583637383249070909288194444444444444444441333E-8,0.000016339175413426270350845660471505688864334571361115292118448633218746311470946090,128084207289.81398,3f4bd9b958e536ec
large_offset_interleaved,12000,1024,10,chan_random,sum,12000000000000000,12000000000000000.0009765625000,0.0009765625000,8.1380208333333333326710595024956597222761182045495068585387273596558018507048562E-20,0.00048828125,434550f7dca70000
large_offset_interleaved,12000,1024,10,chan_random,mean,999999999999.99988,1000000000000.0000000813802083333333333333333333333333333333333333333333333333333,0.0001221516927083333333333333333333333333333333333333333333333333333,1.2215169270833333332339260313245985243136453425028809794666629763510025244574656E-16,1.0006666666666666,426d1a94a1ffffff
large_offset_interleaved,12000,1024,10,chan_random,population_variance,0.00084993622061259072,0.00084991544732782575819227430555555555555555555555555555555555555555555555555558667,2.077328476496656914054541845062986895855930116441514756944444444444444441333E-8,0.000024441589843176466492415100770867401574043263417203225983774106639643861586076537,191599733814.814,3f4bd9c822b73c69
large_offset_interleaved,12000,1024,11,chan_random,sum,12000000000000000,12000000000000000.0009765625000,0.0009765625000,8.1380208333333333326710595024956597222761182045495068585387273596558018507048562E-20,0.00048828125,434550f7dca70000
large_offset_interleaved,12000,1024,11,chan_random,mean,1000000000000,1000000000000.0000000813802083333333333333333333333333333333333333333333333333333,8.13802083333333333333333333333333333333333333333333333333333E-8,8.1380208333333333326710595024956597222761182045495068585387240263224685173715234E-20,0.00066666666666666664,426d1a94a2000000
large_offset_interleaved,12000,1024,11,chan_random,population_variance,0.00084993218769500284,0.00084991544732782575819227430555555555555555555555555555555555555555555555555558667,1.674036717708572399556901346942241717543866899278428819444444444444444441333E-8,0.000019696508905348441125499720364174544730460035616016626438176464304521690752344060,154402634507.814,3f4bd9bf79988b3e
large_offset_interleaved,12000,1024,12,chan_random,sum,12000000000000000,12000000000000000.0009765625000,0.0009765625000,8.1380208333333333326710595024956597222761182045495068585387273596558018507048562E-20,0.00048828125,434550f7dca70000
large_offset_interleaved,12000,1024,12,chan_random,mean,1000000000000,1000000000000.0000000813802083333333333333333333333333333333333333333333333333333,8.13802083333333333333333333333333333333333333333333333333333E-8,8.1380208333333333326710595024956597222761182045495068585387240263224685173715234E-20,0.00066666666666666664,426d1a94a2000000
large_offset_interleaved,12000,1024,12,chan_random,population_variance,0.00084993230526593196,0.00084991544732782575819227430555555555555555555555555555555555555555555555555558667,1.685793810620654334078396787946177129116323259141710069444444444444444441333E-8,0.000019834841405940668140672059447917860467608881423262690498738720138144730061972431,155487034927.814,3f4bd9bfba3b2e62
large_offset_interleaved,12000,1024,13,chan_random,sum,12000000000000000,12000000000000000.0009765625000,0.0009765625000,8.1380208333333333326710595024956597222761182045495068585387273596558018507048562E-20,0.00048828125,434550f7dca70000
large_offset_interleaved,12000,1024,13,chan_random,mean,1000000000000,1000000000000.0000000813802083333333333333333333333333333333333333333333333333333,8.13802083333333333333333333333333333333333333333333333333333E-8,8.1380208333333333326710595024956597222761182045495068585387240263224685173715234E-20,0.00066666666666666664,426d1a94a2000000
large_offset_interleaved,12000,1024,13,chan_random,population_variance,0.00084993094290941324,0.00084991544732782575819227430555555555555555555555555555555555555555555555555558667,1.549558158748533639695013322226360388514068391587999131944444444444444441333E-8,0.000018231909581363858674693008403127749545393173389379376014209550889532978908465363,142921513908.814,3f4bd9bccd448be7
large_offset_interleaved,12000,1024,14,chan_random,sum,12000000000000000,12000000000000000.0009765625000,0.0009765625000,8.1380208333333333326710595024956597222761182045495068585387273596558018507048562E-20,0.00048828125,434550f7dca70000
large_offset_interleaved,12000,1024,14,chan_random,mean,1000000000000,1000000000000.0000000813802083333333333333333333333333333333333333333333333333333,8.13802083333333333333333333333333333333333333333333333333333E-8,8.1380208333333333326710595024956597222761182045495068585387240263224685173715234E-20,0.00066666666666666664,426d1a94a2000000
large_offset_interleaved,12000,1024,14,chan_random,population_variance,0.00084993402762793108,0.00084991544732782575819227430555555555555555555555555555555555555555555555555558667,1.858030010532386558066677808811719943251874711778428819444444444444444441333E-8,0.000021861351224690885680919838663486219913899372380142593402283443977541633780145389,171373020427.814,3f4bd9c36d1c153e
large_offset_interleaved,12000,1024,15,chan_random,sum,12000000000000000,12000000000000000.0009765625000,0.0009765625000,8.1380208333333333326710595024956597222761182045495068585387273596558018507048562E-20,0.00048828125,434550f7dca70000
large_offset_interleaved,12000,1024,15,chan_random,mean,999999999999.99988,1000000000000.0000000813802083333333333333333333333333333333333333333333333333333,0.0001221516927083333333333333333333333333333333333333333333333333333,1.2215169270833333332339260313245985243136453425028809794666629763510025244574656E-16,1.0006666666666666,426d1a94a1ffffff
large_offset_interleaved,12000,1024,15,chan_random,population_variance,0.00084993163538464958,0.00084991544732782575819227430555555555555555555555555555555555555555555555555558667,1.618805682381744795142155781933171157207753923204210069444444444444444441333E-8,0.000019046667376988454449780415908861418593253785134136333434850619565163597933224243,149308470639.814,3f4bd9be49f5c5a2
large_offset_interleaved,12000,1024,16,chan_random,sum,12000000000000000,12000000000000000.0009765625000,0.0009765625000,8.1380208333333333326710595024956597222761182045495068585387273596558018507048562E-20,0.00048828125,434550f7dca70000
large_offset_interleaved,12000,1024,16,chan_random,mean,1000000000000,1000000000000.0000000813802083333333333333333333333333333333333333333333333333333,8.13802083333333333333333333333333333333333333333333333333333E-8,8.1380208333333333326710595024956597222761182045495068585387240263224685173715234E-20,0.00066666666666666664,426d1a94a2000000
large_offset_interleaved,12000,1024,16,chan_random,population_variance,0.00084993085235442027,0.00084991544732782575819227430555555555555555555555555555555555555555555555555558667,1.540502659451068287157740302164812520560291078355577256944444444444444441333E-8,0.000018125363696994580891644190226337941296788777993747256153212160219811477646734242,142086291518.814,3f4bd9bc9b7c1071
large_offset_interleaved,12000,1024,17,chan_random,sum,12000000000000000,12000000000000000.0009765625000,0.0009765625000,8.1380208333333333326710595024956597222761182045495068585387273596558018507048562E-20,0.00048828125,434550f7dca70000
large_offset_interleaved,12000,1024,17,chan_random,mean,999999999999.99988,1000000000000.0000000813802083333333333333333333333333333333333333333333333333333,0.0001221516927083333333333333333333333333333333333333333333333333333,1.2215169270833333332339260313245985243136453425028809794666629763510025244574656E-16,1.0006666666666666,426d1a94a1ffffff
large_offset_interleaved,12000,1024,17,chan_random,population_variance,0.00084993735940934228,0.00084991544732782575819227430555555555555555555555555555555555555555555555555558667,2.191208151652661692246029348199145816680457856920030381944444444444444441333E-8,0.000025781484011638139316019541299710450698281711073175721093204018992799446938502279,202103279928.814,3f4bd9ca94c6a16b
large_offset_interleaved,12000,1024,18,chan_random,sum,12000000000000000,12000000000000000.0009765625000,0.0009765625000,8.1380208333333333326710595024956597222761182045495068585387273596558018507048562E-20,0.00048828125,434550f7dca70000
large_offset_interleaved,12000,1024,18,chan_random,mean,999999999999.99988,1000000000000.0000000813802083333333333333333333333333333333333333333333333333333,0.0001221516927083333333333333333333333333333333333333333333333333333,1.2215169270833333332339260313245985243136453425028809794666629763510025244574656E-16,1.0006666666666666,426d1a94a1ffffff
large_offset_interleaved,12000,1024,18,chan_random,population_variance,0.00084993661687743892,0.00084991544732782575819227430555555555555555555555555555555555555555555555555558667,2.116954961315828772885596878141869739111926820543077256944444444444444441333E-8,0.000024907830160889944881114538560808470805897425462874069519917844936303576234146142,195254631934.814,3f4bd9c8fc908e31
large_offset_interleaved,12000,1024,19,chan_random,sum,12000000000000000,12000000000000000.0009765625000,0.0009765625000,8.1380208333333333326710595024956597222761182045495068585387273596558018507048562E-20,0.00048828125,434550f7dca70000
large_offset_interleaved,12000,1024,19,chan_random,mean,1000000000000,1000000000000.0000000813802083333333333333333333333333333333333333333333333333333,8.13802083333333333333333333333333333333333333333333333333333E-8,8.1380208333333333326710595024956597222761182045495068585387240263224685173715234E-20,0.00066666666666666664,426d1a94a2000000
large_offset_interleaved,12000,1024,19,chan_random,population_variance,0.00084993653976737004,0.00084991544732782575819227430555555555555555555555555555555555555555555555555558667,2.109243954428563186078962290695118200447824266221788194444444444444444441333E-8,0.000024817103407875755574973893658521678080633723508645597544905729134966462808820686,194543417081.814,3f4bd9c8d22c472c
large_offset_interleaved,12000,1024,20,chan_random,sum,12000000000000000,12000000000000000.0009765625000,0.0009765625000,8.1380208333333333326710595024956597222761182045495068585387273596558018507048562E-20,0.00048828125,434550f7dca70000
large_offset_interleaved,12000,1024,20,chan_random,mean,1000000000000,1000000000000.0000000813802083333333333333333333333333333333333333333333333333333,8.13802083333333333333333333333333333333333333333333333333333E-8,8.1380208333333333326710595024956597222761182045495068585387240263224685173715234E-20,0.00066666666666666664,426d1a94a2000000
large_offset_interleaved,12000,1024,20,chan_random,population_variance,0.00084993193559762818,0.00084991544732782575819227430555555555555555555555555555555555555555555555555558667,1.648826980242610842599917633479991410341527726915147569444444444444444441333E-8,0.000019399894253323676070983796358832582166429952449503300021041097455852852947007080,152077446631.814,3f4bd9beef00fe1a
large_offset_interleaved,12000,1024,21,chan_random,sum,12000000000000000,12000000000000000.0009765625000,0.0009765625000,8.1380208333333333326710595024956597222761182045495068585387273596558018507048562E-20,0.00048828125,434550f7dca70000
large_offset_interleaved,12000,1024,21,chan_random,mean,1000000000000,1000000000000.0000000813802083333333333333333333333333333333333333333333333333333,8.13802083333333333333333333333333333333333333333333333333333E-8,8.1380208333333333326710595024956597222761182045495068585387240263224685173715234E-20,0.00066666666666666664,426d1a94a2000000
large_offset_interleaved,12000,1024,21,chan_random,population_variance,0.00084993878304361319,0.00084991544732782575819227430555555555555555555555555555555555555555555555555558667,2.333571578743451027351498952258326527145173814561631944444444444444444441333E-8,0.000027456514481297052595358493557861590903066036806945171433993198111510064829398494,215233988453.814,3f4bd9cda36d5798
large_offset_interleaved,12000,1024,22,chan_random,sum,12000000000000000,12000000000000000.0009765625000,0.0009765625000,8.1380208333333333326710595024956597222761182045495068585387273596558018507048562E-20,0.00048828125,434550f7dca70000
large_offset_interleaved,12000,1024,22,chan_random,mean,1000000000000,1000000000000.0000000813802083333333333333333333333333333333333333333333333333333,8.13802083333333333333333333333333333333333333333333333333333E-8,8.1380208333333333326710595024956597222761182045495068585387240263224685173715234E-20,0.00066666666666666664,426d1a94a2000000
large_offset_interleaved,12000,1024,22,chan_random,population_variance,0.00084993124925405994,0.00084991544732782575819227430555555555555555555555555555555555555555555555555558667,1.580192623418393390835292835719075002190139558580186631944444444444444441333E-8,0.000018592350902511461680917411269888883020843852361082517258372829588667645831836460,145747044556.814,3f4bd9bd75aeb8ff
large_offset_interleaved,12000,1024,23,chan_random,sum,12000000000000000,12000000000000000.0009765625000,0.0009765625000,8.1380208333333333326710595024956597222761182045495068585387273596558018507048562E-20,0.00048828125,434550f7dca70000
large_offset_interleaved,12000,1024,23,chan_random,mean,999999999999.99988,1000000000000.0000000813802083333333333333333333333333333333333333333333333333333,0.0001221516927083333333333333333333333333333333333333333333333333333,1.2215169270833333332339260313245985243136453425028809794666629763510025244574656E-16,1.0006666666666666,426d1a94a1ffffff
large_offset_interleaved,12000,1024,23,chan_random,population_variance,0.00084994443624234308,0.00084991544732782575819227430555555555555555555555555555555555555555555555555558667,2.898891451731905013724757383089228015806939866807725694444444444444444441333E-8,0.000034107998164360424641859012331294181813857650817518033030634385838231937045645933,267375543537.814,3f4bd9d9c74e5524
large_offset_interleaved,12000,1024,24,chan_random,sum,12000000000000000,12000000000000000.0009765625000,0.0009765625000,8.1380208333333333326710595024956597222761182045495068585387273596558018507048562E-20,0.00048828125,434550f7dca70000
large_offset_interleaved,12000,1024,24,chan_random,mean,1000000000000,1000000000000.0000000813802083333333333333333333333333333333333333333333333333333,8.13802083333333333333333333333333333333333333333333333333333E-8,8.1380208333333333326710595024956597222761182045495068585387240263224685173715234E-20,0.00066666666666666664,426d1a94a2000000
large_offset_interleaved,12000,1024,24,chan_random,population_variance,0.00084993171572065544,0.00084991544732782575819227430555555555555555555555555555555555555555555555555558667,1.626839282967726088260620700667560514476564195421006944444444444444444441333E-8,0.000019141189727549787487825274786856061966601424836820470996234472837454447325574086,150049439509.814,3f4bd9be76200f48
large_offset_interleaved,12000,1024,25,chan_random,sum,12000000000000000,12000000000000000.0009765625000,0.0009765625000,8.1380208333333333326710595024956597222761182045495068585387273596558018507048562E-20,0.00048828125,434550f7dca70000
large_offset_interleaved,12000,1024,25,chan_random,mean,1000000000000,1000000000000.0000000813802083333333333333333333333333333333333333333333333333333,8.13802083333333333333333333333333333333333333333333333333333E-8,8.1380208333333333326710595024956597222761182045495068585387240263224685173715234E-20,0.00066666666666666664,426d1a94a2000000
large_offset_interleaved,12000,1024,25,chan_random,population_variance,0.00084994351718946587,0.00084991544732782575819227430555555555555555555555555555555555555555555555555558667,2.806986164011443210222454227833724063303735521104600694444444444444444441333E-8,0.000033026651919749665281798645229694705779106353631000676030714540772505216578930187,258898776929.814,3f4bd9d7ce0d2394
large_offset_interleaved,12000,1024,26,chan_random,sum,12000000000000000,12000000000000000.0009765625000,0.0009765625000,8.1380208333333333326710595024956597222761182045495068585387273596558018507048562E-20,0.00048828125,434550f7dca70000
large_offset_interleaved,12000,1024,26,chan_random,mean,1000000000000,1000000000000.0000000813802083333333333333333333333333333333333333333333333333333,8.13802083333333333333333333333333333333333333333333333333333E-8,8.1380208333333333326710595024956597222761182045495068585387240263224685173715234E-20,0.00066666666666666664,426d1a94a2000000
large_offset_interleaved,12000,1024,26,chan_random,population_variance,0.00084993747056201659,0.00084991544732782575819227430555555555555555555555555555555555555555555555555558667,2.202323419083092700645723185617599584576156404283311631944444444444444441333E-8,0.000025912264873021209047374823764453968569870359116063898099050739476620116504355105,203128482396.814,3f4bd9cad1e1fa8f
large_offset_interleaved,12000,1024,27,chan_random,sum,12000000000000000,12000000000000000.0009765625000,0.0009765625000,8.1380208333333333326710595024956597222761182045495068585387273596558018507048562E-20,0.00048828125,434550f7dca70000
large_offset_interleaved,12000,1024,27,chan_random,mean,999999999999.99988,1000000000000.0000000813802083333333333333333333333333333333333333333333333333333,0.0001221516927083333333333333333333333333333333333333333333333333333,1.2215169270833333332339260313245985243136453425028809794666629763510025244574656E-16,1.0006666666666666,426d1a94a1ffffff
large_offset_interleaved,12000,1024,27,chan_random,population_variance,0.00084993309184367002,0.00084991544732782575819227430555555555555555555555555555555555555555555555555558667,1.764451584426273947039634195890458714630868699815538194444444444444444441333E-8,0.000020760319040838626081024634538175528520580880763794193550868073047463152584724721,162741934041.814,3f4bd9c16aa8280c
large_offset_interleaved,12000,1024,28,chan_random,sum,12000000000000000,12000000000000000.0009765625000,0.0009765625000,8.1380208333333333326710595024956597222761182045495068585387273596558018507048562E-20,0.00048828125,434550f7dca70000
large_offset_interleaved,12000,1024,28,chan_random,mean,1000000000000.0001,1000000000000.0000000813802083333333333333333333333333333333333333333333333333333,0.0001219889322916666666666666666666666666666666666666666666666666667,1.2198893229166666665673918194240993923691901188619710780949552315457380307539913E-16,0.9993333333333333,426d1a94a2000001
large_offset_interleaved,12000,1024,28,chan_random,population_variance,0.00084994100245752409,0.00084991544732782575819227430555555555555555555555555555555555555555555555555558667,2.555512969833434147284536821745051484968927171495225694444444444444444441333E-8,0.000030067849429823724496093625016168332442899740946121873439194851530054428530457740,235704468657.814,3f4bd9d2679014e4
large_offset_interleaved,12000,1024,29,chan_random,sum,12000000000000000,12000000000000000.0009765625000,0.0009765625000,8.1380208333333333326710595024956597222761182045495068585387273596558018507048562E-20,0.00048828125,434550f7dca70000
large_offset_interleaved,12000,1024,29,chan_random,mean,1000000000000,1000000000000.0000000813802083333333333333333333333333333333333333333333333333333,8.13802083333333333333333333333333333333333333333333333333333E-8,8.1380208333333333326710595024956597222761182045495068585387240263224685173715234E-20,0.00066666666666666664,426d1a94a2000000
large_offset_interleaved,12000,1024,29,chan_random,population_variance,0.00084993373689686458,0.00084991544732782575819227430555555555555555555555555555555555555555555555555558667,1.828956903882398118657251176147029683407809999254014756944444444444444441333E-8,0.000021519280648830714441782873306339905742464903902635172650064034060126897719703172,168691499638.814,3f4bd9c2cd4752a9
large_offset_interleaved,12000,1024,30,chan_random,sum,12000000000000000,12000000000000000.0009765625000,0.0009765625000,8.1380208333333333326710595024956597222761182045495068585387273596558018507048562E-20,0.00048828125,434550f7dca70000
large_offset_interleaved,12000,1024,30,chan_random,mean,1000000000000,1000000000000.0000000813802083333333333333333333333333333333333333333333333333333,8.13802083333333333333333333333333333333333333333333333333333E-8,8.1380208333333333326710595024956597222761182045495068585387240263224685173715234E-20,0.00066666666666666664,426d1a94a2000000
large_offset_interleaved,12000,1024,30,chan_random,population_variance,0.00084994133317043894,0.00084991544732782575819227430555555555555555555555555555555555555555555555555558667,2.588584261317846243713150202994357742783096101548936631944444444444444441333E-8,0.000030456962153782205263101244440854963505628883566753908854605702646615751486299616,238754756908.814,3f4bd9d31d5fc95f
large_offset_interleaved,12000,1024,31,chan_random,sum,12000000000000000,12000000000000000.0009765625000,0.0009765625000,8.1380208333333333326710595024956597222761182045495068585387273596558018507048562E-20,0.00048828125,434550f7dca70000
large_offset_interleaved,12000,1024,31,chan_random,mean,1000000000000,1000000000000.0000000813802083333333333333333333333333333333333333333333333333333,8.13802083333333333333333333333333333333333333333333333333333E-8,8.1380208333333333326710595024956597222761182045495068585387240263224685173715234E-20,0.00066666666666666664,426d1a94a2000000
large_offset_interleaved,12000,1024,31,chan_random,population_variance,0.00084993001775398951,0.00084991544732782575819227430555555555555555555555555555555555555555555555555558667,1.457042616375271406850247204703110684123304155137803819444444444444444441333E-8,0.000017143383156010190137658207685492875771723482061525497792047410322021143947700470,134388461243.81398,3f4bd9bad0a87eee
large_offset_sorted,12000,31,,naive,sum,11999999999999966,12000000000000000.0009765625000,34.0009765625000,2.8334147135416666664360827869839138455048760752780018029374287048113605303599098E-15,17.00048828125,434550f7dca6ffef
large_offset_sorted,12000,31,,naive,mean,999999999999.99719,1000000000000.0000000813802083333333333333333333333333333333333333333333333333333,0.0028076985677083333333333333333333333333333333333333333333333333333,2.8076985677083333331048422389560275607824835417516253612644463263215148631783492E-15,23.000666666666667,426d1a94a1ffffe9
large_offset_sorted,12000,31,,naive,population_variance,87471271238.999985,0.00084991544732782575819227430555555555555555555555555555555555555555555555555559158,87471271238.999134825763609674241807725694444444444444444444444444444444444444444,102917615527536.22265216702733471755926735122853701304756380051785723287885057989,8.0678007717392398e+29,42345db1ad46ffff
large_offset_sorted,12000,31,,welford,sum,12000000000000000,12000000000000000.0009765625000,0.0009765625000,8.1380208333333333326710595024956597222761182045495068585387273596558018507048562E-20,0.00048828125,434550f7dca70000
large_offset_sorted,12000,31,,welford,mean,999999999999.94995,1000000000000.0000000813802083333333333333333333333333333333333333333333333333333,0.0500489095052083333333333333333333333333333333333333333333333333333,5.0048909505208333329260342650943332248595349719161512675081758649123444606520041E-14,410.00066666666669,426d1a94a1fffe66
large_offset_sorted,12000,31,,welford,population_variance,0.0033548087899883589,0.00084991544732782575819227430555555555555555555555555555555555555555555555555559158,0.0025048933426605331810624013557900171791617241170671251085069444444444444444444084,2.9472265159270089297650506745669672982895367462741599176662186584670117747506992,23103563211998848,3f6b7b8b4131d5ad
large_offset_sorted,12000,31,,chan_left,sum,12000000000000000,12000000000000000.0009765625000,0.0009765625000,8.1380208333333333326710595024956597222761182045495068585387273596558018507048562E-20,0.00048828125,434550f7dca70000
large_offset_sorted,12000,31,,chan_left,mean,999999999999.99683,1000000000000.0000000813802083333333333333333333333333333333333333333333333333333,0.0031739095052083333333333333333333333333333333333333333333333333333,3.1739095052083333330750399165683322482849088609563531698986890575060259464600677E-15,26.000666666666667,426d1a94a1ffffe6
large_offset_sorted,12000,31,,chan_left,population_variance,0.00095382314668000475,0.00084991544732782575819227430555555555555555555555555555555555555555555555555559158,0.00010390769935217899154863665758499438298814412620332505967881944444444444444440842,0.12225651349068863001804889572301229687611193469808928178035208665763250556094068,958379368618800.88,3f4f413f9c4eeb63
large_offset_sorted,12000,31,,chan_balanced,sum,12000000000000000,12000000000000000.0009765625000,0.0009765625000,8.1380208333333333326710595024956597222761182045495068585387273596558018507048562E-20,0.00048828125,434550f7dca70000
large_offset_sorted,12000,31,,chan_balanced,mean,999999999999.99988,1000000000000.0000000813802083333333333333333333333333333333333333333333333333333,0.0001221516927083333333333333333333333333333333333333333333333333333,1.2215169270833333332339260313245985243136453425028809794666629763510025244574656E-16,1.0006666666666666,426d1a94a1ffffff
large_offset_sorted,12000,31,,chan_balanced,population_variance,0.00085111157296586225,0.00084991544732782575819227430555555555555555555555555555555555555555555555555559158,0.00000119612563803648728030484507358879555896338489320543077256944444444444444440842,0.0014073466270052658606021357880579703076177919951020039698449234039414640280801284,11032311762430.814,3f4be3a42f815e31
large_offset_sorted,12000,31,0,chan_random,sum,12000000000000000,12000000000000000.0009765625000,0.0009765625000,8.1380208333333333326710595024956597222761182045495068585387273596558018507048562E-20,0.00048828125,434550f7dca70000
large_offset_sorted,12000,31,0,chan_random,mean,999999999999.99988,1000000000000.0000000813802083333333333333333333333333333333333333333333333333333,0.0001221516927083333333333333333333333333333333333333333333333333333,1.2215169270833333332339260313245985243136453425028809794666629763510025244574656E-16,1.0006666666666666,426d1a94a1ffffff
large_offset_sorted,12000,31,0,chan_random,population_variance,0.00084988820990618144,0.00084991544732782575819227430555555555555555555555555555555555555555555555555559158,2.723742164431370047259248521085181790921423170301649305555555555555555559158E-8,0.000032047213319806621267441592333333940385865142846506522861076624250488329716426258,251220873150.186,3f4bd961088d0074
large_offset_sorted,12000,31,1,chan_random,sum,12000000000000000,12000000000000000.0009765625000,0.0009765625000,8.1380208333333333326710595024956597222761182045495068585387273596558018507048562E-20,0.00048828125,434550f7dca70000
large_offset_sorted,12000,31,1,chan_random,mean,999999999999.99988,1000000000000.0000000813802083333333333333333333333333333333333333333333333333333,0.0001221516927083333333333333333333333333333333333333333333333333333,1.2215169270833333332339260313245985243136453425028809794666629763510025244574656E-16,1.0006666666666666,426d1a94a1ffffff
large_offset_sorted,12000,31,1,chan_random,population_variance,0.00085003220365696729,0.00084991544732782575819227430555555555555555555555555555555555555555555555555559158,1.1675632914153149768645947561809508543875482347276475694444444444444444440842E-7,0.00013737405233499273584069276429160245549936718616492853042219232048343686781381845,1076887061329.814,3f4bda9641f3d384
large_offset_sorted,12000,31,2,chan_random,sum,12000000000000000,12000000000000000.0009765625000,0.0009765625000,8.1380208333333333326710595024956597222761182045495068585387273596558018507048562E-20,0.00048828125,434550f7dca70000
large_offset_sorted,12000,31,2,chan_random,mean,1000000000000,1000000000000.0000000813802083333333333333333333333333333333333333333333333333333,8.13802083333333333333333333333333333333333333333333333333333E-8,8.1380208333333333326710595024956597222761182045495068585387240263224685173715234E-20,0.00066666666666666664,426d1a94a2000000
large_offset_sorted,12000,31,2,chan_random,population_variance,0.00084992033481646231,0.00084991544732782575819227430555555555555555555555555555555555555555555555555559158,4.88748863655143580800002369970671780821349885728624131944444444444444440842E-9,0.0000057505586607678805430684726989862725609301623329359629114844904864429427459973479,45079126020.813988,3f4bd9a605683037
large_offset_sorted,12000,31,3,chan_random,sum,12000000000000000,12000000000000000.0009765625000,0.0009765625000,8.1380208333333333326710595024956597222761182045495068585387273596558018507048562E-20,0.00048828125,434550f7dca70000
large_offset_sorted,12000,31,3,chan_random,mean,999999999999.99988,1000000000000.0000000813802083333333333333333333333333333333333333333333333333333,0.0001221516927083333333333333333333333333333333333333333333333333333,1.2215169270833333332339260313245985243136453425028809794666629763510025244574656E-16,1.0006666666666666,426d1a94a1ffffff
large_offset_sorted,12000,31,3,chan_random,population_variance,0.00084994583461091592,0.00084991544732782575819227430555555555555555555555555555555555555555555555555559158,3.038728309016458209137725690298894834187295701768663194444444444444444440842E-8,0.000035753301326271493187975271793150199805387644822313312139668755021958202828821212,280273217129.81396,3f4bd9dcc811369c
large_offset_sorted,12000,31,4,chan_random,sum,12000000000000000,12000000000000000.0009765625000,0.0009765625000,8.1380208333333333326710595024956597222761182045495068585387273596558018507048562E-20,0.00048828125,434550f7dca70000
large_offset_sorted,12000,31,4,chan_random,mean,999999999999.99988,1000000000000.0000000813802083333333333333333333333333333333333333333333333333333,0.0001221516927083333333333333333333333333333333333333333333333333333,1.2215169270833333332339260313245985243136453425028809794666629763510025244574656E-16,1.0006666666666666,426d1a94a1ffffff
large_offset_sorted,12000,31,4,chan_random,population_variance,0.00084994722387636849,0.00084991544732782575819227430555555555555555555555555555555555555555555555555559158,3.177654854273430748115261381927767716762092378404405381944444444444444440842E-8,0.000037387893869491694067509064589281534221777957474868348521751159613586849697459237,293086929256.81396,3f4bd9dfc3d2f19b
large_offset_sorted,12000,31,5,chan_random,sum,12000000000000000,12000000000000000.0009765625000,0.0009765625000,8.1380208333333333326710595024956597222761182045495068585387273596558018507048562E-20,0.00048828125,434550f7dca70000
large_offset_sorted,12000,31,5,chan_random,mean,999999999999.99988,1000000000000.0000000813802083333333333333333333333333333333333333333333333333333,0.0001221516927083333333333333333333333333333333333333333333333333333,1.2215169270833333332339260313245985243136453425028809794666629763510025244574656E-16,1.0006666666666666,426d1a94a1ffffff
large_offset_sorted,12000,31,5,chan_random,population_variance,0.00085011347720635136,0.00084991544732782575819227430555555555555555555555555555555555555555555555555559158,1.9802987852560508360813231989696861192997958925035264756944444444444444440842E-7,0.00023299950500749263852434303617639981348631565043001585477004847053487767590225356,1826503244054.814,3f4bdb44ca8f0949
large_offset_sorted,12000,31,6,chan_random,sum,12000000000000000,12000000000000000.0009765625000,0.0009765625000,8.1380208333333333326710595024956597222761182045495068585387273596558018507048562E-20,0.00048828125,434550f7dca70000
large_offset_sorted,12000,31,6,chan_random,mean,1000000000000,1000000000000.0000000813802083333333333333333333333333333333333333333333333333333,8.13802083333333333333333333333333333333333333333333333333333E-8,8.1380208333333333326710595024956597222761182045495068585387240263224685173715234E-20,0.00066666666666666664,426d1a94a2000000
large_offset_sorted,12000,31,6,chan_random,population_variance,0.00084941180469674631,0.00084991544732782575819227430555555555555555555555555555555555555555555555555559158,5.0364263107945226069814579103775839838716718885633680555555555555555555559158E-7,0.00059257968855952488060471475444256544969130895210532239376126965952493136187613847,4645283360066.1855,3f4bd561f60462f0
large_offset_sorted,12000,31,7,chan_random,sum,12000000000000000,12000000000000000.0009765625000,0.0009765625000,8.1380208333333333326710595024956597222761182045495068585387273596558018507048562E-20,0.00048828125,434550f7dca70000
large_offset_sorted,12000,31,7,chan_random,mean,999999999999.99988,1000000000000.0000000813802083333333333333333333333333333333333333333333333333333,0.0001221516927083333333333333333333333333333333333333333333333333333,1.2215169270833333332339260313245985243136453425028809794666629763510025244574656E-16,1.0006666666666666,426d1a94a1ffffff
large_offset_sorted,12000,31,7,chan_random,population_variance,0.00084966738800074635,0.00084991544732782575819227430555555555555555555555555555555555555555555555555559158,2.4805932707940383688846905682920704647484752866956922743055555555555555559158E-7,0.00029186353520142981019661687366632910558515563063489348344249928666016456955914218,2287943460865.186,3f4bd786d26ca831
large_offset_sorted,12000,31,8,chan_random,sum,12000000000000000,12000000000000000.0009765625000,0.0009765625000,8.1380208333333333326710595024956597222761182045495068585387273596558018507048562E-20,0.00048828125,434550f7dca70000
large_offset_sorted,12000,31,8,chan_random,mean,1000000000000,1000000000000.0000000813802083333333333333333333333333333333333333333333333333333,8.13802083333333333333333333333333333333333333333333333333333E-8,8.1380208333333333326710595024956597222761182045495068585387240263224685173715234E-20,0.00066666666666666664,426d1a94a2000000
large_offset_sorted,12000,31,8,chan_random,population_variance,0.00084959380207202235,0.00084991544732782575819227430555555555555555555555555555555555555555555555555559158,3.2164525580341140096083149854974989365372392866346571180555555555555555559158E-7,0.00037844382851809465458944656335104119385222969847347520549514645749211007216026255,2966653858164.186,3f4bd6e8cc21debe
large_offset_sorted,12000,31,9,chan_random,sum,12000000000000000,12000000000000000.0009765625000,0.0009765625000,8.1380208333333333326710595024956597222761182045495068585387273596558018507048562E-20,0.00048828125,434550f7dca70000
large_offset_sorted,12000,31,9,chan_random,mean,999999999999.99988,1000000000000.0000000813802083333333333333333333333333333333333333333333333333333,0.0001221516927083333333333333333333333333333333333333333333333333333,1.2215169270833333332339260313245985243136453425028809794666629763510025244574656E-16,1.0006666666666666,426d1a94a1ffffff
large_offset_sorted,12000,31,9,chan_random,population_variance,0.00085003575167247401,0.00084991544732782575819227430555555555555555555555555555555555555555555555555559158,1.2030434464825058956918526733817189880129363801744249131944444444444444440842E-7,0.00014154860348343252468403648163678833332780991360790659319560434073173793275194504,1109611728340.814,3f4bda9de07e9e07
large_offset_sorted,12000,31,10,chan_random,sum,12000000000000000,12000000000000000.0009765625000,0.0009765625000,8.1380208333333333326710595024956597222761182045495068585387273596558018507048562E-20,0.00048828125,434550f7dca70000
large_offset_sorted,12000,31,10,chan_random,mean,1000000000000,1000000000000.0000000813802083333333333333333333333333333333333333333333333333333,8.13802083333333333333333333333333333333333333333333333333333E-8,8.1380208333333333326710595024956597222761182045495068585387240263224685173715234E-20,0.00066666666666666664,426d1a94a2000000
large_offset_sorted,12000,31,10,chan_random,population_variance,0.00085017075045921433,0.00084991544732782575819227430555555555555555555555555555555555555555555555555559158,2.5530313138857180618426470333462121844705608155992296006944444444444444440842E-7,0.00030038650572978393248648690074174367837229674743089929690179425070212062267543203,2354755762970.814,3f4bdbbfc8dccb4d
large_offset_sorted,12000,31,11,chan_random,sum,12000000000000000,12000000000000000.0009765625000,0.0009765625000,8.1380208333333333326710595024956597222761182045495068585387273596558018507048562E-20,0.00048828125,434550f7dca70000
large_offset_sorted,12000,31,11,chan_random,mean,1000000000000,1000000000000.0000000813802083333333333333333333333333333333333333333333333333333,8.13802083333333333333333333333333333333333333333333333333333E-8,8.1380208333333333326710595024956597222761182045495068585387240263224685173715234E-20,0.00066666666666666664,426d1a94a2000000
large_offset_sorted,12000,31,11,chan_random,population_variance,0.00084973824093331242,0.00084991544732782575819227430555555555555555555555555555555555555555555555555559158,1.7720639451333894706961144846799369487497541639539930555555555555555555559158E-7,0.00020849885135101874791933912398520895185270914287970411152048117882864627948799477,1634440503906.186,3f4bd81efa3c6dd0
large_offset_sorted,12000,31,12,chan_random,sum,12000000000000000,12000000000000000.0009765625000,0.0009765625000,8.1380208333333333326710595024956597222761182045495068585387273596558018507048562E-20,0.00048828125,434550f7dca70000
large_offset_sorted,12000,31,12,chan_random,mean,999999999999.99988,1000000000000.0000000813802083333333333333333333333333333333333333333333333333333,0.0001221516927083333333333333333333333333333333333333333333333333333,1.2215169270833333332339260313245985243136453425028809794666629763510025244574656E-16,1.0006666666666666,426d1a94a1ffffff
large_offset_sorted,12000,31,12,chan_random,population_variance,0.00084971147900380045,0.00084991544732782575819227430555555555555555555555555555555555555555555555555559158,2.0396832402531082542893356743560515395883056852552625868055555555555555559158E-7,0.00023998660651079687247235146371428329289736144861322479859635350290214892942356928,1881275736219.186,3f4bd7e581b5af97
large_offset_sorted,12000,31,13,chan_random,sum,12000000000000000,12000000000000000.0009765625000,0.0009765625000,8.1380208333333333326710595024956597222761182045495068585387273596558018507048562E-20,0.00048828125,434550f7dca70000
large_offset_sorted,12000,31,13,chan_random,mean,999999999999.99988,1000000000000.0000000813802083333333333333333333333333333333333333333333333333333,0.0001221516927083333333333333333333333333333333333333333333333333333,1.2215169270833333332339260313245985243136453425028809794666629763510025244574656E-16,1.0006666666666666,426d1a94a1ffffff
large_offset_sorted,12000,31,13,chan_random,population_variance,0.0008503601949632518,0.00084991544732782575819227430555555555555555555555555555555555555555555555555559158,4.4474763542603936963517854666052800085809495713975694444444444444444444440842E-7,0.00052328456533452463566540320568642035322638563431383980087904881526504278177251727,4102072904045.814,3f4bdd569d1479a0
large_offset_sorted,12000,31,14,chan_random,sum,12000000000000000,12000000000000000.0009765625000,0.0009765625000,8.1380208333333333326710595024956597222761182045495068585387273596558018507048562E-20,0.00048828125,434550f7dca70000
large_offset_sorted,12000,31,14,chan_random,mean,999999999999.99988,1000000000000.0000000813802083333333333333333333333333333333333333333333333333333,0.0001221516927083333333333333333333333333333333333333333333333333333,1.2215169270833333332339260313245985243136453425028809794666629763510025244574656E-16,1.0006666666666666,426d1a94a1ffffff
large_offset_sorted,12000,31,14,chan_random,population_variance,0.00085000700198800488,0.00084991544732782575819227430555555555555555555555555555555555555555555555555559158,9.155466017911751932769861797270196903910901811387803819444444444444444440842E-8,0.00010772208043396515257756555950080942269766740635264353631522038686411695725169975,844442692539.81396,3f4bda6023303bee
large_offset_sorted,12000,31,15,chan_random,sum,12000000000000000,12000000000000000.0009765625000,0.0009765625000,8.1380208333333333326710595024956597222761182045495068585387273596558018507048562E-20,0.00048828125,434550f7dca70000
large_offset_sorted,12000,31,15,chan_random,mean,1000000000000,1000000000000.0000000813802083333333333333333333333333333333333333333333333333333,8.13802083333333333333333333333333333333333333333333333333333E-8,8.1380208333333333326710595024956597222761182045495068585387240263224685173715234E-20,0.00066666666666666664,426d1a94a2000000
large_offset_sorted,12000,31,15,chan_random,population_variance,0.00085009919176909929,0.00084991544732782575819227430555555555555555555555555555555555555555555555555559158,1.8374444127353356217804661001638224762347009446885850694444444444444444440842E-7,0.00021619143627902604841725877928965540379925760272744994556489898994928914976911557,1694743341569.814,3f4bdb261d0e7a34
large_offset_sorted,12000,31,16,chan_random,sum,12000000000000000,12000000000000000.0009765625000,0.0009765625000,8.1380208333333333326710595024956597222761182045495068585387273596558018507048562E-20,0.00048828125,434550f7dca70000
large_offset_sorted,12000,31,16,chan_random,mean,999999999999.99988,1000000000000.0000000813802083333333333333333333333333333333333333333333333333333,0.0001221516927083333333333333333333333333333333333333333333333333333,1.2215169270833333332339260313245985243136453425028809794666629763510025244574656E-16,1.0006666666666666,426d1a94a1ffffff
large_offset_sorted,12000,31,16,chan_random,population_variance,0.0008497789873516575,0.00084991544732782575819227430555555555555555555555555555555555555555555555555559158,1.3645997616825865681209093180667777131828996870252821180555555555555555559158E-7,0.00016055711964913128273799542593681691769833264376618201112168071150629738112109269,1258621128340.186,3f4bd8767ad1019e
large_offset_sorted,12000,31,17,chan_random,sum,12000000000000000,12000000000000000.0009765625000,0.0009765625000,8.1380208333333333326710595024956597222761182045495068585387273596558018507048562E-20,0.00048828125,434550f7dca70000
large_offset_sorted,12000,31,17,chan_random,mean,999999999999.99988,1000000000000.0000000813802083333333333333333333333333333333333333333333333333333,0.0001221516927083333333333333333333333333333333333333333333333333333,1.2215169270833333332339260313245985243136453425028809794666629763510025244574656E-16,1.0006666666666666,426d1a94a1ffffff
large_offset_sorted,12000,31,17,chan_random,population_variance,0.0008500119926900761,0.00084991544732782575819227430555555555555555555555555555555555555555555555555559158,9.654536225034144849812791891155130643811490800645616319444444444444444440842E-8,0.00011359407874499118676142648317139108337738659851313625887296226164789353674680385,890473794467.81396,3f4bda6adadb1bd6
large_offset_sorted,12000,31,18,chan_random,sum,12000000000000000,12000000000000000.0009765625000,0.0009765625000,8.1380208333333333326710595024956597222761182045495068585387273596558018507048562E-20,0.00048828125,434550f7dca70000
large_offset_sorted,12000,31,18,chan_random,mean,1000000000000,1000000000000.0000000813802083333333333333333333333333333333333333333333333333333,8.13802083333333333333333333333333333333333333333333333333333E-8,8.1380208333333333326710595024956597222761182045495068585387240263224685173715234E-20,0.00066666666666666664,426d1a94a2000000
large_offset_sorted,12000,31,18,chan_random,population_variance,0.00084972300345314211,0.00084991544732782575819227430555555555555555555555555555555555555555555555555559158,1.9244387468365258989397601238932919740262958738538953993055555555555555559158E-7,0.00022642708199822135961560518686675192514851920120469323599156155619098073296626063,1774981452421.186,3f4bd7fe4157bdad
large_offset_sorted,12000,31,19,chan_random,sum,12000000000000000,12000000000000000.0009765625000,0.0009765625000,8.1380208333333333326710595024956597222761182045495068585387273596558018507048562E-20,0.00048828125,434550f7dca70000
large_offset_sorted,12000,31,19,chan_random,mean,999999999999.99988,1000000000000.0000000813802083333333333333333333333333333333333333333333333333333,0.0001221516927083333333333333333333333333333333333333333333333333333,1.2215169270833333332339260313245985243136453425028809794666629763510025244574656E-16,1.0006666666666666,426d1a94a1ffffff
large_offset_sorted,12000,31,19,chan_random,population_variance,0.00085050421170620896,0.00084991544732782575819227430555555555555555555555555555555555555555555555555559158,5.8876437838320245768100294172755740065541532304551866319444444444444444440842E-7,0.00069273288329363282532567912031454592674210890133893743565700729173130243524041285,5430392903875.8145,3f4bde8be31f28f6
large_offset_sorted,12000,31,20,chan_random,sum,12000000000000000,12000000000000000.0009765625000,0.0009765625000,8.1380208333333333326710595024956597222761182045495068585387273596558018507048562E-20,0.00048828125,434550f7dca70000
large_offset_sorted,12000,31,20,chan_random,mean,999999999999.99988,1000000000000.0000000813802083333333333333333333333333333333333333333333333333333,0.0001221516927083333333333333333333333333333333333333333333333333333,1.2215169270833333332339260313245985243136453425028809794666629763510025244574656E-16,1.0006666666666666,426d1a94a1ffffff
large_offset_sorted,12000,31,20,chan_random,population_variance,0.00084994278998365728,0.00084991544732782575819227430555555555555555555555555555555555555555555555555559158,2.734265583152306302830128162087122392323282029893663194444444444444444440842E-8,0.000032171030562498495856051176444367454833839589908420573208667795371143382061297758,252191487209.814,3f4bd9d63e44051c
large_offset_sorted,12000,31,21,chan_random,sum,12000000000000000,12000000000000000.0009765625000,0.0009765625000,8.1380208333333333326710595024956597222761182045495068585387273596558018507048562E-20,0.00048828125,434550f7dca70000
large_offset_sorted,12000,31,21,chan_random,mean,999999999999.99988,1000000000000.0000000813802083333333333333333333333333333333333333333333333333333,0.0001221516927083333333333333333333333333333333333333333333333333333,1.2215169270833333332339260313245985243136453425028809794666629763510025244574656E-16,1.0006666666666666,426d1a94a1ffffff
large_offset_sorted,12000,31,21,chan_random,population_variance,0.00084970268374704968,0.00084991544732782575819227430555555555555555555555555555555555555555555555555559158,2.1276358077607971822395624725585447676065895292494032118055555555555555559158E-7,0.00025033499678705505172466805709556979302999574822146466271633401156212222280433652,1962397661391.186,3f4bd7d29e775763
large_offset_sorted,12000,31,22,chan_random,sum,12000000000000000,12000000000000000.0009765625000,0.0009765625000,8.1380208333333333326710595024956597222761182045495068585387273596558018507048562E-20,0.00048828125,434550f7dca70000
large_offset_sorted,12000,31,22,chan_random,mean,999999999999.99988,1000000000000.0000000813802083333333333333333333333333333333333333333333333333333,0.0001221516927083333333333333333333333333333333333333333333333333333,1.2215169270833333332339260313245985243136453425028809794666629763510025244574656E-16,1.0006666666666666,426d1a94a1ffffff
large_offset_sorted,12000,31,22,chan_random,population_variance,0.00084993504059445869,0.00084991544732782575819227430555555555555555555555555555555555555555555555555559158,1.959326663293083467223512330848380871531036165025499131944444444444444440842E-8,0.000023053195108446362320385342164686636772409185896971533258649827974907332493759480,180715987572.814,3f4bd9c599fe72a7
large_offset_sorted,12000,31,23,chan_random,sum,12000000000000000,12000000000000000.0009765625000,0.0009765625000,8.1380208333333333326710595024956597222761182045495068585387273596558018507048562E-20,0.00048828125,434550f7dca70000
large_offset_sorted,12000,31,23,chan_random,mean,1000000000000,1000000000000.0000000813802083333333333333333333333333333333333333333333333333333,8.13802083333333333333333333333333333333333333333333333333333E-8,8.1380208333333333326710595024956597222761182045495068585387240263224685173715234E-20,0.00066666666666666664,426d1a94a2000000
large_offset_sorted,12000,31,23,chan_random,population_variance,0.00085010297206718167,0.00084991544732782575819227430555555555555555555555555555555555555555555555555559158,1.8752473935591362466348799545004213642742898729112413194444444444444444440842E-7,0.00022063928823214149996709315289920337287694650281334256048776475327690418885064169,1729610437193.814,3f4bdb2e3b4c227c
large_offset_sorted,12000,31,24,chan_random,sum,12000000000000000,12000000000000000.0009765625000,0.0009765625000,8.1380208333333333326710595024956597222761182045495068585387273596558018507048562E-20,0.00048828125,434550f7dca70000
large_offset_sorted,12000,31,24,chan_random,mean,999999999999.99988,1000000000000.0000000813802083333333333333333333333333333333333333333333333333333,0.0001221516927083333333333333333333333333333333333333333333333333333,1.2215169270833333332339260313245985243136453425028809794666629763510025244574656E-16,1.0006666666666666,426d1a94a1ffffff
large_offset_sorted,12000,31,24,chan_random,population_variance,0.0008493738121369606,0.00084991544732782575819227430555555555555555555555555555555555555555555555555559158,5.4163519086515674347579205358569096359941694471571180555555555555555555559158E-7,0.00063728126435174619176906154889380023112320086468779722529344347762522644225039623,4995702873602.1855,3f4bd5105f62f230
large_offset_sorted,12000,31,25,chan_random,sum,12000000000000000,12000000000000000.0009765625000,0.0009765625000,8.1380208333333333326710595024956597222761182045495068585387273596558018507048562E-20,0.00048828125,434550f7dca70000
large_offset_sorted,12000,31,25,chan_random,mean,999999999999.99988,1000000000000.0000000813802083333333333333333333333333333333333333333333333333333,0.0001221516927083333333333333333333333333333333333333333333333333333,1.2215169270833333332339260313245985243136453425028809794666629763510025244574656E-16,1.0006666666666666,426d1a94a1ffffff
large_offset_sorted,12000,31,25,chan_random,population_variance,0.00084984262620222046,0.00084991544732782575819227430555555555555555555555555555555555555555555555555559158,7.282112560529703823883649091739142831001016828748914930555555555555555559158E-8,0.000085680435429489004842054666327857164157676442177754374787110291131584819767632684,671656333600.18604,3f4bd8ff24a4ff12
large_offset_sorted,12000,31,26,chan_random,sum,12000000000000000,12000000000000000.0009765625000,0.0009765625000,8.1380208333333333326710595024956597222761182045495068585387273596558018507048562E-20,0.00048828125,434550f7dca70000
large_offset_sorted,12000,31,26,chan_random,mean,999999999999.99988,1000000000000.0000000813802083333333333333333333333333333333333333333333333333333,0.0001221516927083333333333333333333333333333333333333333333333333333,1.2215169270833333332339260313245985243136453425028809794666629763510025244574656E-16,1.0006666666666666,426d1a94a1ffffff
large_offset_sorted,12000,31,26,chan_random,population_variance,0.00084983940882403866,0.00084991544732782575819227430555555555555555555555555555555555555555555555555559158,7.603850378709695354315398516417998406622144911024305555555555555555555559158E-8,0.000089465962792140788633552896022314181372494100338990972763284625155121327174693277,701331409554.18604,3f4bd8f83bdf45a0
large_offset_sorted,12000,31,27,chan_random,sum,12000000000000000,12000000000000000.0009765625000,0.0009765625000,8.1380208333333333326710595024956597222761182045495068585387273596558018507048562E-20,0.00048828125,434550f7dca70000
large_offset_sorted,12000,31,27,chan_random,mean,999999999999.99988,1000000000000.0000000813802083333333333333333333333333333333333333333333333333333,0.0001221516927083333333333333333333333333333333333333333333333333333,1.2215169270833333332339260313245985243136453425028809794666629763510025244574656E-16,1.0006666666666666,426d1a94a1ffffff
large_offset_sorted,12000,31,27,chan_random,population_variance,0.0008497400189097945,0.00084991544732782575819227430555555555555555555555555555555555555555555555555559158,1.7542841803125917457848201605783186904672119352552625868055555555555555559158E-7,0.00020640690621968854985511395008496304161008101652026971736771332865156723088856529,1618041565339.186,3f4bd822cbb05f97
large_offset_sorted,12000,31,28,chan_random,sum,12000000000000000,12000000000000000.0009765625000,0.0009765625000,8.1380208333333333326710595024956597222761182045495068585387273596558018507048562E-20,0.00048828125,434550f7dca70000
large_offset_sorted,12000,31,28,chan_random,mean,999999999999.99988,1000000000000.0000000813802083333333333333333333333333333333333333333333333333333,0.0001221516927083333333333333333333333333333333333333333333333333333,1.2215169270833333332339260313245985243136453425028809794666629763510025244574656E-16,1.0006666666666666,426d1a94a1ffffff
large_offset_sorted,12000,31,28,chan_random,population_variance,0.00084994667068734688,0.00084991544732782575819227430555555555555555555555555555555555555555555555555559158,3.122335952112568726837496216022474173870351579454210069444444444444444440842E-8,0.000036737018510833520974160323988922194714810342151536797902465470648496537323194441,287984661103.81396,3f4bd9de93b482a2
large_offset_sorted,12000,31,29,chan_random,sum,12000000000000000,12000000000000000.0009765625000,0.0009765625000,8.1380208333333333326710595024956597222761182045495068585387273596558018507048562E-20,0.00048828125,434550f7dca70000
large_offset_sorted,12000,31,29,chan_random,mean,999999999999.99988,1000000000000.0000000813802083333333333333333333333333333333333333333333333333333,0.0001221516927083333333333333333333333333333333333333333333333333333,1.2215169270833333332339260313245985243136453425028809794666629763510025244574656E-16,1.0006666666666666,426d1a94a1ffffff
large_offset_sorted,12000,31,29,chan_random,population_variance,0.00084996825474403684,0.00084991544732782575819227430555555555555555555555555555555555555555555555555559158,5.280741621107860575248496262348554511037137773301866319444444444444444440842E-8,0.000062132552569914586571611483945197684236287949742817826119118471275122724635451173,487062446019.81396,3f4bda0cedaa6ff6
large_offset_sorted,12000,31,30,chan_random,sum,12000000000000000,12000000000000000.0009765625000,0.0009765625000,8.1380208333333333326710595024956597222761182045495068585387273596558018507048562E-20,0.00048828125,434550f7dca70000
large_offset_sorted,12000,31,30,chan_random,mean,1000000000000,1000000000000.0000000813802083333333333333333333333333333333333333333333333333333,8.13802083333333333333333333333333333333333333333333333333333E-8,8.1380208333333333326710595024956597222761182045495068585387240263224685173715234E-20,0.00066666666666666664,426d1a94a2000000
large_offset_sorted,12000,31,30,chan_random,population_variance,0.0008500407025426028,0.00084991544732782575819227430555555555555555555555555555555555555555555555555559158,1.2525521477704261827071066351082764514204528596666124131944444444444444440842E-7,0.00014737373602380203771149916716951556629228637377213336708322084826373995688574368,1155275445444.814,3f4bdaa88243a4f7
large_offset_sorted,12000,31,31,chan_random,sum,12000000000000000,12000000000000000.0009765625000,0.0009765625000,8.1380208333333333326710595024956597222761182045495068585387273596558018507048562E-20,0.00048828125,434550f7dca70000
large_offset_sorted,12000,31,31,chan_random,mean,1000000000000,1000000000000.0000000813802083333333333333333333333333333333333333333333333333333,8.13802083333333333333333333333333333333333333333333333333333E-8,8.1380208333333333326710595024956597222761182045495068585387240263224685173715234E-20,0.00066666666666666664,426d1a94a2000000
large_offset_sorted,12000,31,31,chan_random,population_variance,0.00085012425537544416,0.00084991544732782575819227430555555555555555555555555555555555555555555555555559158,2.0880804761840248942286437896756170731451776292588975694444444444444444440842E-7,0.00024568096541238876984799419804940896693448993718175901995868890971324194963519431,1925914307473.814,3f4bdb5befeb7bc4
large_offset_sorted,12000,257,,naive,sum,11999999999999966,12000000000000000.0009765625000,34.0009765625000,2.8334147135416666664360827869839138455048760752780018029374287048113605303599098E-15,17.00048828125,434550f7dca6ffef
large_offset_sorted,12000,257,,naive,mean,999999999999.99719,1000000000000.0000000813802083333333333333333333333333333333333333333333333333333,0.0028076985677083333333333333333333333333333333333333333333333333333,2.8076985677083333331048422389560275607824835417516253612644463263215148631783492E-15,23.000666666666667,426d1a94a1ffffe9
large_offset_sorted,12000,257,,naive,population_variance,87471271238.999985,0.00084991544732782575819227430555555555555555555555555555555555555555555555555559158,87471271238.999134825763609674241807725694444444444444444444444444444444444444444,102917615527536.22265216702733471755926735122853701304756380051785723287885057989,8.0678007717392398e+29,42345db1ad46ffff
large_offset_sorted,12000,257,,welford,sum,12000000000000000,12000000000000000.0009765625000,0.0009765625000,8.1380208333333333326710595024956597222761182045495068585387273596558018507048562E-20,0.00048828125,434550f7dca70000
large_offset_sorted,12000,257,,welford,mean,999999999999.94995,1000000000000.0000000813802083333333333333333333333333333333333333333333333333333,0.0500489095052083333333333333333333333333333333333333333333333333333,5.0048909505208333329260342650943332248595349719161512675081758649123444606520041E-14,410.00066666666669,426d1a94a1fffe66
large_offset_sorted,12000,257,,welford,population_variance,0.0033548087899883589,0.00084991544732782575819227430555555555555555555555555555555555555555555555555559158,0.0025048933426605331810624013557900171791617241170671251085069444444444444444444084,2.9472265159270089297650506745669672982895367462741599176662186584670117747506992,23103563211998848,3f6b7b8b4131d5ad
large_offset_sorted,12000,257,,chan_left,sum,12000000000000000,12000000000000000.0009765625000,0.0009765625000,8.1380208333333333326710595024956597222761182045495068585387273596558018507048562E-20,0.00048828125,434550f7dca70000
large_offset_sorted,12000,257,,chan_left,mean,999999999999.99951,1000000000000.0000000813802083333333333333333333333333333333333333333333333333333,0.0004883626302083333333333333333333333333333333333333333333333333333,4.8836263020833333329359028074476453993378985345501590658090902881961133572746510E-16,4.0006666666666666,426d1a94a1fffffc
large_offset_sorted,12000,257,,chan_left,population_variance,0.00083743638443486404,0.00084991544732782575819227430555555555555555555555555555555555555555555555555559158,0.00001247906289296171950978539852725488243676308128568861219618055555555555555559158,0.014682711006367141179639060709205510978321846173841730737189114425624811002893999,115099039733095.19,3f4b70ecf11abacb
large_offset_sorted,12000,257,,chan_balanced,sum,12000000000000000,12000000000000000.0009765625000,0.0009765625000,8.1380208333333333326710595024956597222761182045495068585387273596558018507048562E-20,0.00048828125,434550f7dca70000
large_offset_sorted,12000,257,,chan_balanced,mean,999999999999.99902,1000000000000.0000000813802083333333333333333333333333333333333333333333333333333,0.0009766438802083333333333333333333333333333333333333333333333333333,9.7664388020833333325385385089450412327035694572798631809323267039895944676975649E-16,8.0006666666666675,426d1a94a1fffff8
large_offset_sorted,12000,257,,chan_balanced,population_variance,0.00085132987321094686,0.00084991544732782575819227430555555555555555555555555555555555555555555555555559158,0.00000141442588312110420875302965429101378605183627870347764756944444444444444440842,0.0016641959945170144614043512206339209012171239046687092417383171637886204405564900,13045776138582.814,3f4be578fb559189
large_offset_sorted,12000,257,0,chan_random,sum,12000000000000000,12000000000000000.0009765625000,0.0009765625000,8.1380208333333333326710595024956597222761182045495068585387273596558018507048562E-20,0.00048828125,434550f7dca70000
large_offset_sorted,12000,257,0,chan_random,mean,999999999999.99902,1000000000000.0000000813802083333333333333333333333333333333333333333333333333333,0.0009766438802083333333333333333333333333333333333333333333333333333,9.7664388020833333325385385089450412327035694572798631809323267039895944676975649E-16,8.0006666666666675,426d1a94a1fffff8
large_offset_sorted,12000,257,0,chan_random,population_variance,0.0008506612922281018,0.00084991544732782575819227430555555555555555555555555555555555555555555555555559158,7.4584490027604518177753137011778663792130019929673936631944444444444444440842E-7,0.00087755188192074484173224588747478194028139817993531497354277917741849033250926844,6879204997036.8145,3f4bdfdd370d47df
large_offset_sorted,12000,257,1,chan_random,sum,12000000000000000,12000000000000000.0009765625000,0.0009765625000,8.1380208333333333326710595024956597222761182045495068585387273596558018507048562E-20,0.00048828125,434550f7dca70000
large_offset_sorted,12000,257,1,chan_random,mean,999999999999.99902,1000000000000.0000000813802083333333333333333333333333333333333333333333333333333,0.0009766438802083333333333333333333333333333333333333333333333333333,9.7664388020833333325385385089450412327035694572798631809323267039895944676975649E-16,8.0006666666666675,426d1a94a1fffff8
large_offset_sorted,12000,257,1,chan_random,population_variance,0.00085088459836271321,0.00084991544732782575819227430555555555555555555555555555555555555555555555555559158,9.6915103488745437923215477995755564835336473253038194444444444444444444440842E-7,0.0011402911171158389114484931020808260741622643342748542218036587493727282690850475,8938840554669.8145,3f4be1bcc2e5cce0
large_offset_sorted,12000,257,2,chan_random,sum,12000000000000000,12000000000000000.0009765625000,0.0009765625000,8.1380208333333333326710595024956597222761182045495068585387273596558018507048562E-20,0.00048828125,434550f7dca70000
large_offset_sorted,12000,257,2,chan_random,mean,999999999999.9989,1000000000000.0000000813802083333333333333333333333333333333333333333333333333333,0.0010987141927083333333333333333333333333333333333333333333333333333,1.0987141927083333332439197434319390191044987187962289209713135807937964745303293E-15,9.0006666666666675,426d1a94a1fffff7
large_offset_sorted,12000,257,2,chan_random,population_variance,0.00085169729279091304,0.00084991544732782575819227430555555555555555555555555555555555555555555555555559158,0.00000178184546308728509713928092297565955151286390092637803819444444444444444440842,0.0020964973265158213691416244092446767331101786288671196743353313145887771392304434,16434623618235.814,3f4be88e02626cee
large_offset_sorted,12000,257,3,chan_random,sum,12000000000000000,12000000000000000.0009765625000,0.0009765625000,8.1380208333333333326710595024956597222761182045495068585387273596558018507048562E-20,0.00048828125,434550f7dca70000
large_offset_sorted,12000,257,3,chan_random,mean,999999999999.9989,1000000000000.0000000813802083333333333333333333333333333333333333333333333333333,0.0010987141927083333333333333333333333333333333333333333333333333333,1.0987141927083333332439197434319390191044987187962289209713135807937964745303293E-15,9.0006666666666675,426d1a94a1fffff7
large_offset_sorted,12000,257,3,chan_random,population_variance,0.00085161266685528265,0.00084991544732782575819227430555555555555555555555555555555555555555555555555559158,0.00000169721952745689632882333499866136763658788469102647569444444444444444444440842,0.0019969274976623081164533626419636989768493690466779706748110994860411225864597407,15654087129949.814,3f4be7d846c8cb90
large_offset_sorted,12000,257,4,chan_random,sum,12000000000000000,12000000000000000.0009765625000,0.0009765625000,8.1380208333333333326710595024956597222761182045495068585387273596558018507048562E-20,0.00048828125,434550f7dca70000
large_offset_sorted,12000,257,4,chan_random,mean,999999999999.99902,1000000000000.0000000813802083333333333333333333333333333333333333333333333333333,0.0009766438802083333333333333333333333333333333333333333333333333333,9.7664388020833333325385385089450412327035694572798631809323267039895944676975649E-16,8.0006666666666675,426d1a94a1fffff8
large_offset_sorted,12000,257,4,chan_random,population_variance,0.00085163574728483709,0.00084991544732782575819227430555555555555555555555555555555555555555555555555559158,0.00000172029995701133433080556558694398619182821777131822374131944444444444444440842,0.0020240836455203144167213682040011211297821225507036534778607969908898438690095249,15866966518500.814,3f4be809d7627b17
large_offset_sorted,12000,257,5,chan_random,sum,12000000000000000,12000000000000000.0009765625000,0.0009765625000,8.1380208333333333326710595024956597222761182045495068585387273596558018507048562E-20,0.00048828125,434550f7dca70000
large_offset_sorted,12000,257,5,chan_random,mean,999999999999.99902,1000000000000.0000000813802083333333333333333333333333333333333333333333333333333,0.0009766438802083333333333333333333333333333333333333333333333333333,9.7664388020833333325385385089450412327035694572798631809323267039895944676975649E-16,8.0006666666666675,426d1a94a1fffff8
large_offset_sorted,12000,257,5,chan_random,population_variance,0.00085174147407485201,0.00084991544732782575819227430555555555555555555555555555555555555555555555555559158,0.00000182602674702625109412170958636225906148966815736558702256944444444444444440842,0.0021484804785786224829849131054368465060800207423454644932946969498342988941733548,16842124037070.814,3f4be8ece34d5c01
large_offset_sorted,12000,257,6,chan_random,sum,12000000000000000,12000000000000000.0009765625000,0.0009765625000,8.1380208333333333326710595024956597222761182045495068585387273596558018507048562E-20,0.00048828125,434550f7dca70000
large_offset_sorted,12000,257,6,chan_random,mean,999999999999.99902,1000000000000.0000000813802083333333333333333333333333333333333333333333333333333,0.0009766438802083333333333333333333333333333333333333333333333333333,9.7664388020833333325385385089450412327035694572798631809323267039895944676975649E-16,8.0006666666666675,426d1a94a1fffff8
large_offset_sorted,12000,257,6,chan_random,population_variance,0.0008518346886997166,0.00084991544732782575819227430555555555555555555555555555555555555555555555555559158,0.00000191924137189084463958302053912221809797402885225084092881944444444444444440842,0.0022581556529240996964101622330869971584834248724008306809322901041055711930773233,17701877201472.812,3f4be9b510958a73
large_offset_sorted,12000,257,7,chan_random,sum,12000000000000000,12000000000000000.0009765625000,0.0009765625000,8.1380208333333333326710595024956597222761182045495068585387273596558018507048562E-20,0.00048828125,434550f7dca70000
large_offset_sorted,12000,257,7,chan_random,mean,999999999999.99902,1000000000000.0000000813802083333333333333333333333333333333333333333333333333333,0.0009766438802083333333333333333333333333333333333333333333333333333,9.7664388020833333325385385089450412327035694572798631809323267039895944676975649E-16,8.0006666666666675,426d1a94a1fffff8
large_offset_sorted,12000,257,7,chan_random,population_variance,0.00085142579350495722,0.00084991544732782575819227430555555555555555555555555555555555555555555555555559158,0.00000151034617713145953962452752408454317547794845369127061631944444444444444440842,0.0017770546257043087482606070115682870162701075598012292996676203339720235891824184,13930484696124.814,3f4be646f812d46f
large_offset_sorted,12000,257,8,chan_random,sum,12000000000000000,12000000000000000.0009765625000,0.0009765625000,8.1380208333333333326710595024956597222761182045495068585387273596558018507048562E-20,0.00048828125,434550f7dca70000
large_offset_sorted,12000,257,8,chan_random,mean,999999999999.99902,1000000000000.0000000813802083333333333333333333333333333333333333333333333333333,0.0009766438802083333333333333333333333333333333333333333333333333333,9.7664388020833333325385385089450412327035694572798631809323267039895944676975649E-16,8.0006666666666675,426d1a94a1fffff8
large_offset_sorted,12000,257,8,chan_random,population_variance,0.0008508618777694839,0.00084991544732782575819227430555555555555555555555555555555555555555555555555559158,9.4643044165814110526804528136482177716162469651963975694444444444444444440842E-7,0.0011135583482260065282347057728350524265044697410475987075975320237047724586753162,8729280070417.8145,3f4be18bf81e9344
large_offset_sorted,12000,257,9,chan_random,sum,12000000000000000,12000000000000000.0009765625000,0.0009765625000,8.1380208333333333326710595024956597222761182045495068585387273596558018507048562E-20,0.00048828125,434550f7dca70000
large_offset_sorted,12000,257,9,chan_random,mean,999999999999.99902,1000000000000.0000000813802083333333333333333333333333333333333333333333333333333,0.0009766438802083333333333333333333333333333333333333333333333333333,9.7664388020833333325385385089450412327035694572798631809323267039895944676975649E-16,8.0006666666666675,426d1a94a1fffff8
large_offset_sorted,12000,257,9,chan_random,population_variance,0.00085173202811409418,0.00084991544732782575819227430555555555555555555555555555555555555555555555555559158,0.00000181658078626842074379224259119938425202336576249864366319444444444444444440842,0.0021373664780182974573012357947077555013297984847198840010536919739731597483419757,16755000426755.814,3f4be8d89a549136
large_offset_sorted,12000,257,10,chan_random,sum,12000000000000000,12000000000000000.0009765625000,0.0009765625000,8.1380208333333333326710595024956597222761182045495068585387273596558018507048562E-20,0.00048828125,434550f7dca70000
large_offset_sorted,12000,257,10,chan_random,mean,999999999999.99902,1000000000000.0000000813802083333333333333333333333333333333333333333333333333333,0.0009766438802083333333333333333333333333333333333333333333333333333,9.7664388020833333325385385089450412327035694572798631809323267039895944676975649E-16,8.0006666666666675,426d1a94a1fffff8
large_offset_sorted,12000,257,10,chan_random,population_variance,0.000851219054918045,0.00084991544732782575819227430555555555555555555555555555555555555555555555555559158,0.00000130360759021924394987193254438453651447263028886583116319444444444444444440842,0.0015338085621550328112364062296923597637956885217377167667060207829887801378247009,12023657794659.814,3f4be48b00555c96
large_offset_sorted,12000,257,11,chan_random,sum,12000000000000000,12000000000000000.0009765625000,0.0009765625000,8.1380208333333333326710595024956597222761182045495068585387273596558018507048562E-20,0.00048828125,434550f7dca70000
large_offset_sorted,12000,257,11,chan_random,mean,999999999999.99902,1000000000000.0000000813802083333333333333333333333333333333333333333333333333333,0.0009766438802083333333333333333333333333333333333333333333333333333,9.7664388020833333325385385089450412327035694572798631809323267039895944676975649E-16,8.0006666666666675,426d1a94a1fffff8
large_offset_sorted,12000,257,11,chan_random,population_variance,0.00085054581851680649,0.00084991544732782575819227430555555555555555555555555555555555555555555555555559158,6.3037118898073558584085576386415697116818692949083116319444444444444444440842E-7,0.00074168694187480922649878270349073582991937961685480054902745421246488381593306433,5814147997283.8145,3f4bdee53cb52e96
large_offset_sorted,12000,257,12,chan_random,sum,12000000000000000,12000000000000000.0009765625000,0.0009765625000,8.1380208333333333326710595024956597222761182045495068585387273596558018507048562E-20,0.00048828125,434550f7dca70000
large_offset_sorted,12000,257,12,chan_random,mean,999999999999.9989,1000000000000.0000000813802083333333333333333333333333333333333333333333333333333,0.0010987141927083333333333333333333333333333333333333333333333333333,1.0987141927083333332439197434319390191044987187962289209713135807937964745303293E-15,9.0006666666666675,426d1a94a1fffff7
large_offset_sorted,12000,257,12,chan_random,population_variance,0.00085192788841463867,0.00084991544732782575819227430555555555555555555555555555555555555555555555555559158,0.00000201244108681290843590152819489149907086458471086290147569444444444444444440842,0.0023678132844156652334384781427781743079608738693822686502964459184941825454060046,18561492845927.812,3f4bea7d35ab559a
large_offset_sorted,12000,257,13,chan_random,sum,12000000000000000,12000000000000000.0009765625000,0.0009765625000,8.1380208333333333326710595024956597222761182045495068585387273596558018507048562E-20,0.00048828125,434550f7dca70000
large_offset_sorted,12000,257,13,chan_random,mean,999999999999.99902,1000000000000.0000000813802083333333333333333333333333333333333333333333333333333,0.0009766438802083333333333333333333333333333333333333333333333333333,9.7664388020833333325385385089450412327035694572798631809323267039895944676975649E-16,8.0006666666666675,426d1a94a1fffff8
large_offset_sorted,12000,257,13,chan_random,population_variance,0.00085178159059552737,0.00084991544732782575819227430555555555555555555555555555555555555555555555555559158,0.00000186614326770160872084572092590961902816262510087754991319444444444444444440842,0.0021956810804755357104250822919959735746108813228305764631765368942273096267418395,17212133632083.814,3f4be9430997b886
large_offset_sorted,12000,257,14,chan_random,sum,12000000000000000,12000000000000000.0009765625000,0.0009765625000,8.1380208333333333326710595024956597222761182045495068585387273596558018507048562E-20,0.00048828125,434550f7dca70000
large_offset_sorted,12000,257,14,chan_random,mean,999999999999.99902,1000000000000.0000000813802083333333333333333333333333333333333333333333333333333,0.0009766438802083333333333333333333333333333333333333333333333333333,9.7664388020833333325385385089450412327035694572798631809323267039895944676975649E-16,8.0006666666666675,426d1a94a1fffff8
large_offset_sorted,12000,257,14,chan_random,population_variance,0.00085189960524945736,0.00084991544732782575819227430555555555555555555555555555555555555555555555555559158,0.00000198415792163160269564705886738112086378451850679185655381944444444444444440842,0.0023345356621883844548636007687810544032228410672183055804057914901442407023621938,18300626691080.812,3f4bea4078d5b43b
large_offset_sorted,12000,257,15,chan_random,sum,12000000000000000,12000000000000000.0009765625000,0.0009765625000,8.1380208333333333326710595024956597222761182045495068585387273596558018507048562E-20,0.00048828125,434550f7dca70000
large_offset_sorted,12000,257,15,chan_random,mean,999999999999.99902,1000000000000.0000000813802083333333333333333333333333333333333333333333333333333,0.0009766438802083333333333333333333333333333333333333333333333333333,9.7664388020833333325385385089450412327035694572798631809323267039895944676975649E-16,8.0006666666666675,426d1a94a1fffff8
large_offset_sorted,12000,257,15,chan_random,population_variance,0.00085219454985976397,0.00084991544732782575819227430555555555555555555555555555555555555555555555555559158,0.00000227910253193821100672591642124744895328250196244981553819444444444444444440842,0.0026815638415607303431270408102598580933769111808830306760283050268071397258129852,21021010562203.812,3f4becb9dc595cce
large_offset_sorted,12000,257,16,chan_random,sum,12000000000000000,12000000000000000.0009765625000,0.0009765625000,8.1380208333333333326710595024956597222761182045495068585387273596558018507048562E-20,0.00048828125,434550f7dca70000
large_offset_sorted,12000,257,16,chan_random,mean,999999999999.99902,1000000000000.0000000813802083333333333333333333333333333333333333333333333333333,0.0009766438802083333333333333333333333333333333333333333333333333333,9.7664388020833333325385385089450412327035694572798631809323267039895944676975649E-16,8.0006666666666675,426d1a94a1fffff8
large_offset_sorted,12000,257,16,chan_random,population_variance,0.00085065822917908414,0.00084991544732782575819227430555555555555555555555555555555555555555555555555559158,7.4278185125838526139643549741878006089892652299669053819444444444444444440842E-7,0.00087394793634322852417123220701155158978815302104039598354772998960203773009160607,6850953356379.8145,3f4bdfd6a31f748e
large_offset_sorted,12000,257,17,chan_random,sum,12000000000000000,12000000000000000.0009765625000,0.0009765625000,8.1380208333333333326710595024956597222761182045495068585387273596558018507048562E-20,0.00048828125,434550f7dca70000
large_offset_sorted,12000,257,17,chan_random,mean,999999999999.9989,1000000000000.0000000813802083333333333333333333333333333333333333333333333333333,0.0010987141927083333333333333333333333333333333333333333333333333333,1.0987141927083333332439197434319390191044987187962289209713135807937964745303293E-15,9.0006666666666675,426d1a94a1fffff7
large_offset_sorted,12000,257,17,chan_random,population_variance,0.00085064670605237177,0.00084991544732782575819227430555555555555555555555555555555555555555555555555559158,7.3125872454601610308768913329105190415349271562364366319444444444444444440842E-7,0.00086038996801991070234135333299300582059754047623487970479405766264928355424680158,6744671271683.8145,3f4bdfbde4378b36
large_offset_sorted,12000,257,18,chan_random,sum,12000000000000000,12000000000000000.0009765625000,0.0009765625000,8.1380208333333333326710595024956597222761182045495068585387273596558018507048562E-20,0.00048828125,434550f7dca70000
large_offset_sorted,12000,257,18,chan_random,mean,999999999999.99902,1000000000000.0000000813802083333333333333333333333333333333333333333333333333333,0.0009766438802083333333333333333333333333333333333333333333333333333,9.7664388020833333325385385089450412327035694572798631809323267039895944676975649E-16,8.0006666666666675,426d1a94a1fffff8
large_offset_sorted,12000,257,18,chan_random,population_variance,0.00085191208903304615,0.00084991544732782575819227430555555555555555555555555555555555555555555555555559158,0.00000199664170522039353641543770992130804289546277787950303819444444444444444440842,0.0023492239275070587359462402266507994037255597949711088325129110203874888263844888,18415769271547.812,3f4bea5b47de0d2e
large_offset_sorted,12000,257,19,chan_random,sum,12000000000000000,12000000000000000.0009765625000,0.0009765625000,8.1380208333333333326710595024956597222761182045495068585387273596558018507048562E-20,0.00048828125,434550f7dca70000
large_offset_sorted,12000,257,19,chan_random,mean,999999999999.9989,1000000000000.0000000813802083333333333333333333333333333333333333333333333333333,0.0010987141927083333333333333333333333333333333333333333333333333333,1.0987141927083333332439197434319390191044987187962289209713135807937964745303293E-15,9.0006666666666675,426d1a94a1fffff7
large_offset_sorted,12000,257,19,chan_random,population_variance,0.00085175684955389138,0.00084991544732782575819227430555555555555555555555555555555555555555555555555559158,0.00000184140222606562413112632172998120141629543569352891710069444444444444444440842,0.0021665710769878104417313178517812419106604670532391807456795591958981134556663437,16983937800495.814,3f4be90de80fa962
large_offset_sorted,12000,257,20,chan_random,sum,12000000000000000,12000000000000000.0009765625000,0.0009765625000,8.1380208333333333326710595024956597222761182045495068585387273596558018507048562E-20,0.00048828125,434550f7dca70000
large_offset_sorted,12000,257,20,chan_random,mean,999999999999.99902,1000000000000.0000000813802083333333333333333333333333333333333333333333333333333,0.0009766438802083333333333333333333333333333333333333333333333333333,9.7664388020833333325385385089450412327035694572798631809323267039895944676975649E-16,8.0006666666666675,426d1a94a1fffff8
large_offset_sorted,12000,257,20,chan_random,population_variance,0.000851020792433293,0.00084991544732782575819227430555555555555555555555555555555555555555555555555559158,0.00000110534510546723778842384236200915539585467841890123155381944444444444444440842,0.0013005353755394079722871088710082211454705706808155409628478276437370692195023010,10195009136840.814,3f4be2e13c6138fb
large_offset_sorted,12000,257,21,chan_random,sum,12000000000000000,12000000000000000.0009765625000,0.0009765625000,8.1380208333333333326710595024956597222761182045495068585387273596558018507048562E-20,0.00048828125,434550f7dca70000
large_offset_sorted,12000,257,21,chan_random,mean,999999999999.9989,1000000000000.0000000813802083333333333333333333333333333333333333333333333333333,0.0010987141927083333333333333333333333333333333333333333333333333333,1.0987141927083333332439197434319390191044987187962289209713135807937964745303293E-15,9.0006666666666675,426d1a94a1fffff7
large_offset_sorted,12000,257,21,chan_random,population_variance,0.00085173857391785746,0.00084991544732782575819227430555555555555555555555555555555555555555555555555559158,0.00000182312659003170339896662513170768862538453605439927842881944444444444444440842,0.0021450681897401669336772574120267785994402746559901967383483158073002062024395507,16815374810144.814,3f4be8e6a8ec8c53
large_offset_sorted,12000,257,22,chan_random,sum,12000000000000000,12000000000000000.0009765625000,0.0009765625000,8.1380208333333333326710595024956597222761182045495068585387273596558018507048562E-20,0.00048828125,434550f7dca70000
large_offset_sorted,12000,257,22,chan_random,mean,999999999999.99902,1000000000000.0000000813802083333333333333333333333333333333333333333333333333333,0.0009766438802083333333333333333333333333333333333333333333333333333,9.7664388020833333325385385089450412327035694572798631809323267039895944676975649E-16,8.0006666666666675,426d1a94a1fffff8
large_offset_sorted,12000,257,22,chan_random,population_variance,0.00085172668917962084,0.00084991544732782575819227430555555555555555555555555555555555555555555555555559158,0.00000181124185179508119216931463471256494004693296220567491319444444444444444440842,0.0021310847537713439358070963606883155935093354486711345158356714204148676936235299,16705757447827.814,3f4be8cd233856c6
large_offset_sorted,12000,257,23,chan_random,sum,12000000000000000,12000000000000000.0009765625000,0.0009765625000,8.1380208333333333326710595024956597222761182045495068585387273596558018507048562E-20,0.00048828125,434550f7dca70000
large_offset_sorted,12000,257,23,chan_random,mean,999999999999.99902,1000000000000.0000000813802083333333333333333333333333333333333333333333333333333,0.0009766438802083333333333333333333333333333333333333333333333333333,9.7664388020833333325385385089450412327035694572798631809323267039895944676975649E-16,8.0006666666666675,426d1a94a1fffff8
large_offset_sorted,12000,257,23,chan_random,population_variance,0.00085128630925354783,0.00084991544732782575819227430555555555555555555555555555555555555555555555555559158,0.00000137086192572206835540684879662068043318059709337022569444444444444444444440842,0.0016129391812234062683229000171268772497453433025220034502972343739261814914944464,12643969552093.814,3f4be51b6dcb9f10
large_offset_sorted,12000,257,24,chan_random,sum,12000000000000000,12000000000000000.0009765625000,0.0009765625000,8.1380208333333333326710595024956597222761182045495068585387273596558018507048562E-20,0.00048828125,434550f7dca70000
large_offset_sorted,12000,257,24,chan_random,mean,999999999999.99902,1000000000000.0000000813802083333333333333333333333333333333333333333333333333333,0.0009766438802083333333333333333333333333333333333333333333333333333,9.7664388020833333325385385089450412327035694572798631809323267039895944676975649E-16,8.0006666666666675,426d1a94a1fffff8
large_offset_sorted,12000,257,24,chan_random,population_variance,0.00085039536564868819,0.00084991544732782575819227430555555555555555555555555555555555555555555555555559158,4.7991832086242773966169552737584227644320991304185655381944444444444444440842E-7,0.00056466595868014114777232754658276356776552664096471444589961880972754628542123741,4426465220616.8145,3f4bdda2245e683b
large_offset_sorted,12000,257,25,chan_random,sum,12000000000000000,12000000000000000.0009765625000,0.0009765625000,8.1380208333333333326710595024956597222761182045495068585387273596558018507048562E-20,0.00048828125,434550f7dca70000
large_offset_sorted,12000,257,25,chan_random,mean,999999999999.99902,1000000000000.0000000813802083333333333333333333333333333333333333333333333333333,0.0009766438802083333333333333333333333333333333333333333333333333333,9.7664388020833333325385385089450412327035694572798631809323267039895944676975649E-16,8.0006666666666675,426d1a94a1fffff8
large_offset_sorted,12000,257,25,chan_random,population_variance,0.00085106226346472658,0.00084991544732782575819227430555555555555555555555555555555555555555555555555559158,0.00000114681613690081700803993472151079105161544349458482530381944444444444444440842,0.0013493296780361635000221287234637106028857458494246317386506256538484528967971610,10577511888504.814,3f4be33a4b5206ab
large_offset_sorted,12000,257,26,chan_random,sum,12000000000000000,12000000000000000.0009765625000,0.0009765625000,8.1380208333333333326710595024956597222761182045495068585387273596558018507048562E-20,0.00048828125,434550f7dca70000
large_offset_sorted,12000,257,26,chan_random,mean,999999999999.99902,1000000000000.0000000813802083333333333333333333333333333333333333333333333333333,0.0009766438802083333333333333333333333333333333333333333333333333333,9.7664388020833333325385385089450412327035694572798631809323267039895944676975649E-16,8.0006666666666675,426d1a94a1fffff8
large_offset_sorted,12000,257,26,chan_random,population_variance,0.00085307071176341778,0.00084991544732782575819227430555555555555555555555555555555555555555555555555559158,0.00000315526443559202107416419538468390884291794564988878038194444444444444444440842,0.0037124450973474140720954419530084773874479646015612534616783384976919712921530473,29102177764121.812,3f4bf4136773134c
large_offset_sorted,12000,257,27,chan_random,sum,12000000000000000,12000000000000000.0009765625000,0.0009765625000,8.1380208333333333326710595024956597222761182045495068585387273596558018507048562E-20,0.00048828125,434550f7dca70000
large_offset_sorted,12000,257,27,chan_random,mean,999999999999.99902,1000000000000.0000000813802083333333333333333333333333333333333333333333333333333,0.0009766438802083333333333333333333333333333333333333333333333333333,9.7664388020833333325385385089450412327035694572798631809323267039895944676975649E-16,8.0006666666666675,426d1a94a1fffff8
large_offset_sorted,12000,257,27,chan_random,population_variance,0.00085042118137712488,0.00084991544732782575819227430555555555555555555555555555555555555555555555555559158,5.0573404929911739244221793556890689716156986024644639756944444444444444440842E-7,0.00059504042536133340078367278457341510694560012986803077035023388102993614608254020,4664573288390.8145,3f4bddd994b72ff9
large_offset_sorted,12000,257,28,chan_random,sum,12000000000000000,12000000000000000.0009765625000,0.0009765625000,8.1380208333333333326710595024956597222761182045495068585387273596558018507048562E-20,0.00048828125,434550f7dca70000
large_offset_sorted,12000,257,28,chan_random,mean,999999999999.99902,1000000000000.0000000813802083333333333333333333333333333333333333333333333333333,0.0009766438802083333333333333333333333333333333333333333333333333333,9.7664388020833333325385385089450412327035694572798631809323267039895944676975649E-16,8.0006666666666675,426d1a94a1fffff8
large_offset_sorted,12000,257,28,chan_random,population_variance,0.00085200708262573471,0.00084991544732782575819227430555555555555555555555555555555555555555555555555559158,0.00000209163529790894956974758558645690855984058645036485460069444444444444444440842,0.0024609922133844602679512678452222252401001953255610256886914991263106335622603048,19291930518031.812,3f4beb274725b242
large_offset_sorted,12000,257,29,chan_random,sum,12000000000000000,12000000000000000.0009765625000,0.0009765625000,8.1380208333333333326710595024956597222761182045495068585387273596558018507048562E-20,0.00048828125,434550f7dca70000
large_offset_sorted,12000,257,29,chan_random,mean,999999999999.99902,1000000000000.0000000813802083333333333333333333333333333333333333333333333333333,0.0009766438802083333333333333333333333333333333333333333333333333333,9.7664388020833333325385385089450412327035694572798631809323267039895944676975649E-16,8.0006666666666675,426d1a94a1fffff8
large_offset_sorted,12000,257,29,chan_random,population_variance,0.00085212261202082353,0.00084991544732782575819227430555555555555555555555555555555555555555555555555559158,0.00000220716469299777283793708962081028504245397117402818467881944444444444444440842,0.0025969226702929129073490175804729912045764112656538416007197469716625325571550217,20357501110128.812,3f4bec1f601a97a3
large_offset_sorted,12000,257,30,chan_random,sum,12000000000000000,12000000000000000.0009765625000,0.0009765625000,8.1380208333333333326710595024956597222761182045495068585387273596558018507048562E-20,0.00048828125,434550f7dca70000
large_offset_sorted,12000,257,30,chan_random,mean,999999999999.99902,1000000000000.0000000813802083333333333333333333333333333333333333333333333333333,0.0009766438802083333333333333333333333333333333333333333333333333333,9.7664388020833333325385385089450412327035694572798631809323267039895944676975649E-16,8.0006666666666675,426d1a94a1fffff8
large_offset_sorted,12000,257,30,chan_random,population_variance,0.00085218511625981567,0.00084991544732782575819227430555555555555555555555555555555555555555555555555559158,0.00000226966893198991370408615056122572342347767617967393663194444444444444444440842,0.0026704643845759714642379802779609307285780685021487459956897969925803997607432297,20934000960233.812,3f4beca59a2c331c
large_offset_sorted,12000,257,31,chan_random,sum,12000000000000000,12000000000000000.0009765625000,0.0009765625000,8.1380208333333333326710595024956597222761182045495068585387273596558018507048562E-20,0.00048828125,434550f7dca70000
large_offset_sorted,12000,257,31,chan_random,mean,999999999999.9989,1000000000000.0000000813802083333333333333333333333333333333333333333333333333333,0.0010987141927083333333333333333333333333333333333333333333333333333,1.0987141927083333332439197434319390191044987187962289209713135807937964745303293E-15,9.0006666666666675,426d1a94a1fffff7
large_offset_sorted,12000,257,31,chan_random,population_variance,0.00085121284339326675,0.00084991544732782575819227430555555555555555555555555555555555555555555555555559158,0.00000129739606544098761944619171673467563879158761766221788194444444444444444440842,0.0015265001589511780546064066629413573296475480648191909875483060576533493481794017,11966366590713.814,3f4be47da982f72c
large_offset_sorted,12000,1024,,naive,sum,11999999999999966,12000000000000000.0009765625000,34.0009765625000,2.8334147135416666664360827869839138455048760752780018029374287048113605303599098E-15,17.00048828125,434550f7dca6ffef
large_offset_sorted,12000,1024,,naive,mean,999999999999.99719,1000000000000.0000000813802083333333333333333333333333333333333333333333333333333,0.0028076985677083333333333333333333333333333333333333333333333333333,2.8076985677083333331048422389560275607824835417516253612644463263215148631783492E-15,23.000666666666667,426d1a94a1ffffe9
large_offset_sorted,12000,1024,,naive,population_variance,87471271238.999985,0.00084991544732782575819227430555555555555555555555555555555555555555555555555559158,87471271238.999134825763609674241807725694444444444444444444444444444444444444444,102917615527536.22265216702733471755926735122853701304756380051785723287885057989,8.0678007717392398e+29,42345db1ad46ffff
large_offset_sorted,12000,1024,,welford,sum,12000000000000000,12000000000000000.0009765625000,0.0009765625000,8.1380208333333333326710595024956597222761182045495068585387273596558018507048562E-20,0.00048828125,434550f7dca70000
large_offset_sorted,12000,1024,,welford,mean,999999999999.94995,1000000000000.0000000813802083333333333333333333333333333333333333333333333333333,0.0500489095052083333333333333333333333333333333333333333333333333333,5.0048909505208333329260342650943332248595349719161512675081758649123444606520041E-14,410.00066666666669,426d1a94a1fffe66
large_offset_sorted,12000,1024,,welford,population_variance,0.0033548087899883589,0.00084991544732782575819227430555555555555555555555555555555555555555555555555559158,0.0025048933426605331810624013557900171791617241170671251085069444444444444444444084,2.9472265159270089297650506745669672982895367462741599176662186584670117747506992,23103563211998848,3f6b7b8b4131d5ad
large_offset_sorted,12000,1024,,chan_left,sum,12000000000000000,12000000000000000.0009765625000,0.0009765625000,8.1380208333333333326710595024956597222761182045495068585387273596558018507048562E-20,0.00048828125,434550f7dca70000
large_offset_sorted,12000,1024,,chan_left,mean,999999999999.99585,1000000000000.0000000813802083333333333333333333333333333333333333333333333333333,0.0041504720052083333333333333333333333333333333333333333333333333333,4.1504720052083333329955670568678114149580430455022939929233363406647221685446505E-15,34.000666666666667,426d1a94a1ffffde
large_offset_sorted,12000,1024,,chan_left,population_variance,0.00087168669915503171,0.00084991544732782575819227430555555555555555555555555555555555555555555555555559158,0.00002177125182720595123305986875708286889777001407411363389756944444444444444440842,0.025615785541556861380598360625659270697592615325912727454636956070285296831306166,200804355310374.81,3f4c903ceebfd359
large_offset_sorted,12000,1024,,chan_balanced,sum,12000000000000000,12000000000000000.0009765625000,0.0009765625000,8.1380208333333333326710595024956597222761182045495068585387273596558018507048562E-20,0.00048828125,434550f7dca70000
large_offset_sorted,12000,1024,,chan_balanced,mean,999999999999.99585,1000000000000.0000000813802083333333333333333333333333333333333333333333333333333,0.0041504720052083333333333333333333333333333333333333333333333333333,4.1504720052083333329955670568678114149580430455022939929233363406647221685446505E-15,34.000666666666667,426d1a94a1ffffde
large_offset_sorted,12000,1024,,chan_balanced,population_variance,0.00087338069524685899,0.00084991544732782575819227430555555555555555555555555555555555555555555555555559158,0.00002346524791903323021693663877032223455090489652421739366319444444444444444440842,0.027608920384738359695843542395625486255767610554086631407374886685493418970117621,216428711494275.81,3f4c9e72c2f312b6
large_offset_sorted,12000,1024,0,chan_random,sum,12000000000000000,12000000000000000.0009765625000,0.0009765625000,8.1380208333333333326710595024956597222761182045495068585387273596558018507048562E-20,0.00048828125,434550f7dca70000
large_offset_sorted,12000,1024,0,chan_random,mean,999999999999.99585,1000000000000.0000000813802083333333333333333333333333333333333333333333333333333,0.0041504720052083333333333333333333333333333333333333333333333333333,4.1504720052083333329955670568678114149580430455022939929233363406647221685446505E-15,34.000666666666667,426d1a94a1ffffde
large_offset_sorted,12000,1024,0,chan_random,population_variance,0.00087101671059350771,0.00084991544732782575819227430555555555555555555555555555555555555555555555555559158,0.00002110126326568195309321376542912831711065438058641221788194444444444444444440842,0.024827485289301800281600089530266978828292596270930521418153375745755658678591034,194624801547001.81,3f4c8a9e24a4732c
large_offset_sorted,12000,1024,1,chan_random,sum,12000000000000000,12000000000000000.0009765625000,0.0009765625000,8.1380208333333333326710595024956597222761182045495068585387273596558018507048562E-20,0.00048828125,434550f7dca70000
large_offset_sorted,12000,1024,1,chan_random,mean,999999999999.99573,1000000000000.0000000813802083333333333333333333333333333333333333333333333333333,0.0042725423177083333333333333333333333333333333333333333333333333333,4.2725423177083333329856329494052463107921848185705365958014172510595591963052233E-15,35.000666666666667,426d1a94a1ffffdd
large_offset_sorted,12000,1024,1,chan_random,population_variance,0.00087103430555835078,0.00084991544732782575819227430555555555555555555555555555555555555555555555555559158,0.00002111885823052502149762801566781591746904369857576158311631944444444444444440842,0.024848187307247688667936276816117542479012999374238095887349199471915758783962445,194787086453724.81,3f4c8ac3ed939c0f
large_offset_sorted,12000,1024,2,chan_random,sum,12000000000000000,12000000000000000.0009765625000,0.0009765625000,8.1380208333333333326710595024956597222761182045495068585387273596558018507048562E-20,0.00048828125,434550f7dca70000
large_offset_sorted,12000,1024,2,chan_random,mean,999999999999.99585,1000000000000.0000000813802083333333333333333333333333333333333333333333333333333,0.0041504720052083333333333333333333333333333333333333333333333333333,4.1504720052083333329955670568678114149580430455022939929233363406647221685446505E-15,34.000666666666667,426d1a94a1ffffde
large_offset_sorted,12000,1024,2,chan_random,population_variance,0.00087221971507011557,0.00084991544732782575819227430555555555555555555555555555555555555555555555555559158,0.00002230426774228980754368991925831424951967265870836046006944444444444444444440842,0.026242925472663753813890354688597194376405786271655330990450005757070060361747475,205720559396757.81,3f4c94b59358f7c8
large_offset_sorted,12000,1024,3,chan_random,sum,12000000000000000,12000000000000000.0009765625000,0.0009765625000,8.1380208333333333326710595024956597222761182045495068585387273596558018507048562E-20,0.00048828125,434550f7dca70000
large_offset_sorted,12000,1024,3,chan_random,mean,999999999999.99585,1000000000000.0000000813802083333333333333333333333333333333333333333333333333333,0.0041504720052083333333333333333333333333333333333333333333333333333,4.1504720052083333329955670568678114149580430455022939929233363406647221685446505E-15,34.000666666666667,426d1a94a1ffffde
large_offset_sorted,12000,1024,3,chan_random,population_variance,0.00087087102557172925,0.00084991544732782575819227430555555555555555555555555555555555555555555555555559158,0.00002095557824390349601875429799393815402355459001329210069444444444444444444440842,0.024656074095121840789976943330273145398940993758118820663328249072735964830783115,193281094390941.81,3f4c8965497464d0
large_offset_sorted,12000,1024,4,chan_random,sum,12000000000000000,12000000000000000.0009765625000,0.0009765625000,8.1380208333333333326710595024956597222761182045495068585387273596558018507048562E-20,0.00048828125,434550f7dca70000
large_offset_sorted,12000,1024,4,chan_random,mean,999999999999.99597,1000000000000.0000000813802083333333333333333333333333333333333333333333333333333,0.0040284016927083333333333333333333333333333333333333333333333333333,4.0284016927083333330055011643303765191239012724340513900452554302698851407840777E-15,33.000666666666667,426d1a94a1ffffdf
large_offset_sorted,12000,1024,4,chan_random,population_variance,0.00086790850697342399,0.00084991544732782575819227430555555555555555555555555555555555555555555555555559158,0.00001799305964559822965495275129102184210852202441957261827256944444444444444440842,0.021170411365235515595826177987706586657204260077162629617573824856630836843359909,165956683192670.81,3f4c708b53a1a991
large_offset_sorted,12000,1024,5,chan_random,sum,12000000000000000,12000000000000000.0009765625000,0.0009765625000,8.1380208333333333326710595024956597222761182045495068585387273596558018507048562E-20,0.00048828125,434550f7dca70000
large_offset_sorted,12000,1024,5,chan_random,mean,999999999999.99585,1000000000000.0000000813802083333333333333333333333333333333333333333333333333333,0.0041504720052083333333333333333333333333333333333333333333333333333,4.1504720052083333329955670568678114149580430455022939929233363406647221685446505E-15,34.000666666666667,426d1a94a1ffffde
large_offset_sorted,12000,1024,5,chan_random,population_variance,0.00087093074897770116,0.00084991544732782575819227430555555555555555555555555555555555555555555555555559158,0.00002101530164987540165829862617543868610583659675386216905381944444444444444440842,0.024726343915678319489136726325944021603505841429472608145190823802935948575448549,193831945583528.81,3f4c89e58abe8bdb
large_offset_sorted,12000,1024,6,chan_random,sum,12000000000000000,12000000000000000.0009765625000,0.0009765625000,8.1380208333333333326710595024956597222761182045495068585387273596558018507048562E-20,0.00048828125,434550f7dca70000
large_offset_sorted,12000,1024,6,chan_random,mean,999999999999.99585,1000000000000.0000000813802083333333333333333333333333333333333333333333333333333,0.0041504720052083333333333333333333333333333333333333333333333333333,4.1504720052083333329955670568678114149580430455022939929233363406647221685446505E-15,34.000666666666667,426d1a94a1ffffde
large_offset_sorted,12000,1024,6,chan_random,population_variance,0.00087126909513177435,0.00084991544732782575819227430555555555555555555555555555555555555555555555555559158,0.00002135364780394858967957041586929436663113948371675279405381944444444444444440842,0.025124437814473740002381572020854243481495127793351116027126494113570232002557699,196952638039784.81,3f4c8cbc2282771b
large_offset_sorted,12000,1024,7,chan_random,sum,12000000000000000,12000000000000000.0009765625000,0.0009765625000,8.1380208333333333326710595024956597222761182045495068585387273596558018507048562E-20,0.00048828125,434550f7dca70000
large_offset_sorted,12000,1024,7,chan_random,mean,999999999999.99573,1000000000000.0000000813802083333333333333333333333333333333333333333333333333333,0.0042725423177083333333333333333333333333333333333333333333333333333,4.2725423177083333329856329494052463107921848185705365958014172510595591963052233E-15,35.000666666666667,426d1a94a1ffffdd
large_offset_sorted,12000,1024,7,chan_random,population_variance,0.00087183736447872474,0.00084991544732782575819227430555555555555555555555555555555555555555555555555559158,0.00002192191715089898489507127779221365118347522285249498155381944444444444444440842,0.025793056497352208487076271512665227758934834757409481835110011266155923157622047,202193997643848.81,3f4c91807be3107b
large_offset_sorted,12000,1024,8,chan_random,sum,12000000000000000,12000000000000000.0009765625000,0.0009765625000,8.1380208333333333326710595024956597222761182045495068585387273596558018507048562E-20,0.00048828125,434550f7dca70000
large_offset_sorted,12000,1024,8,chan_random,mean,999999999999.99585,1000000000000.0000000813802083333333333333333333333333333333333333333333333333333,0.0041504720052083333333333333333333333333333333333333333333333333333,4.1504720052083333329955670568678114149580430455022939929233363406647221685446505E-15,34.000666666666667,426d1a94a1ffffde
large_offset_sorted,12000,1024,8,chan_random,population_variance,0.0008710062719117323,0.00084991544732782575819227430555555555555555555555555555555555555555555555555559158,0.00002109082458390653682208906418951402075536963012483384874131944444444444444440842,0.024815203265474328997446190763604055385968989843858848848090246909838442140475071,194528521701412.81,3f4c8a87b9ea9857
large_offset_sorted,12000,1024,9,chan_random,sum,12000000000000000,12000000000000000.0009765625000,0.0009765625000,8.1380208333333333326710595024956597222761182045495068585387273596558018507048562E-20,0.00048828125,434550f7dca70000
large_offset_sorted,12000,1024,9,chan_random,mean,999999999999.99585,1000000000000.0000000813802083333333333333333333333333333333333333333333333333333,0.0041504720052083333333333333333333333333333333333333333333333333333,4.1504720052083333329955670568678114149580430455022939929233363406647221685446505E-15,34.000666666666667,426d1a94a1ffffde
large_offset_sorted,12000,1024,9,chan_random,population_variance,0.00086974118733302598,0.00084991544732782575819227430555555555555555555555555555555555555555555555555559158,0.00001982574000520022513113474163206875447132107284333970811631944444444444444440842,0.023326720402050917576973049010378901220214171394427314379462952531093095886614108,182860175973916.81,3f4c7feafa506e4f
large_offset_sorted,12000,1024,10,chan_random,sum,12000000000000000,12000000000000000.0009765625000,0.0009765625000,8.1380208333333333326710595024956597222761182045495068585387273596558018507048562E-20,0.00048828125,434550f7dca70000
large_offset_sorted,12000,1024,10,chan_random,mean,999999999999.99573,1000000000000.0000000813802083333333333333333333333333333333333333333333333333333,0.0042725423177083333333333333333333333333333333333333333333333333333,4.2725423177083333329856329494052463107921848185705365958014172510595591963052233E-15,35.000666666666667,426d1a94a1ffffdd
large_offset_sorted,12000,1024,10,chan_random,population_variance,0.00087163829630359428,0.00084991544732782575819227430555555555555555555555555555555555555555555555555559158,0.00002172284897576852425279650107528242289036926296022203233506944444444444444440842,0.025558835345405458523425869091959395989212051450663796923616996296135854644325027,200357917803922.81,3f4c8fd4fd0015c5
large_offset_sorted,12000,1024,11,chan_random,sum,12000000000000000,12000000000000000.0009765625000,0.0009765625000,8.1380208333333333326710595024956597222761182045495068585387273596558018507048562E-20,0.00048828125,434550f7dca70000
large_offset_sorted,12000,1024,11,chan_random,mean,999999999999.99585,1000000000000.0000000813802083333333333333333333333333333333333333333333333333333,0.0041504720052083333333333333333333333333333333333333333333333333333,4.1504720052083333329955670568678114149580430455022939929233363406647221685446505E-15,34.000666666666667,426d1a94a1ffffde
large_offset_sorted,12000,1024,11,chan_random,population_variance,0.00087122444750656672,0.00084991544732782575819227430555555555555555555555555555555555555555555555555559158,0.00002130900017874096260103413927014217834867950942781236436631944444444444444440842,0.025071905971043900813760904765691992546013771038516727070839173712548139193585965,196540836381932.81,3f4c8c5c4137d51f
large_offset_sorted,12000,1024,12,chan_random,sum,12000000000000000,12000000000000000.0009765625000,0.0009765625000,8.1380208333333333326710595024956597222761182045495068585387273596558018507048562E-20,0.00048828125,434550f7dca70000
large_offset_sorted,12000,1024,12,chan_random,mean,999999999999.99585,1000000000000.0000000813802083333333333333333333333333333333333333333333333333333,0.0041504720052083333333333333333333333333333333333333333333333333333,4.1504720052083333329955670568678114149580430455022939929233363406647221685446505E-15,34.000666666666667,426d1a94a1ffffde
large_offset_sorted,12000,1024,12,chan_random,population_variance,0.00087082094521713743,0.00084991544732782575819227430555555555555555555555555555555555555555555555555559158,0.00002090549788931167214358877417781614995975461271074083116319444444444444444440842,0.024597150169513383064678927898111864827021314167668872384877987307433066554695876,192819184648803.81,3f4c88f9bd7d1296
large_offset_sorted,12000,1024,13,chan_random,sum,12000000000000000,12000000000000000.0009765625000,0.0009765625000,8.1380208333333333326710595024956597222761182045495068585387273596558018507048562E-20,0.00048828125,434550f7dca70000
large_offset_sorted,12000,1024,13,chan_random,mean,999999999999.99585,1000000000000.0000000813802083333333333333333333333333333333333333333333333333333,0.0041504720052083333333333333333333333333333333333333333333333333333,4.1504720052083333329955670568678114149580430455022939929233363406647221685446505E-15,34.000666666666667,426d1a94a1ffffde
large_offset_sorted,12000,1024,13,chan_random,population_variance,0.00087142685253442794,0.00084991544732782575819227430555555555555555555555555555555555555555555555555559158,0.00002151140520660218386325393227467530879140314128663804796006944444444444444440842,0.025310053222629446427343987712645545468208850634405656371314850058780671368658807,198407693256026.81,3f4c8e0eea8f158d
large_offset_sorted,12000,1024,14,chan_random,sum,12000000000000000,12000000000000000.0009765625000,0.0009765625000,8.1380208333333333326710595024956597222761182045495068585387273596558018507048562E-20,0.00048828125,434550f7dca70000
large_offset_sorted,12000,1024,14,chan_random,mean,999999999999.99585,1000000000000.0000000813802083333333333333333333333333333333333333333333333333333,0.0041504720052083333333333333333333333333333333333333333333333333333,4.1504720052083333329955670568678114149580430455022939929233363406647221685446505E-15,34.000666666666667,426d1a94a1ffffde
large_offset_sorted,12000,1024,14,chan_random,population_variance,0.00087179962823494294,0.00084991544732782575819227430555555555555555555555555555555555555555555555555559158,0.00002188418090711718370613672293403497961763706472184922960069444444444444444440842,0.025748656499798986318056281131691395495269145716719870093727448725036438828666954,201845942228175.81,3f4c912f722ae502
large_offset_sorted,12000,1024,15,chan_random,sum,12000000000000000,12000000000000000.0009765625000,0.0009765625000,8.1380208333333333326710595024956597222761182045495068585387273596558018507048562E-20,0.00048828125,434550f7dca70000
large_offset_sorted,12000,1024,15,chan_random,mean,999999999999.99585,1000000000000.0000000813802083333333333333333333333333333333333333333333333333333,0.0041504720052083333333333333333333333333333333333333333333333333333,4.1504720052083333329955670568678114149580430455022939929233363406647221685446505E-15,34.000666666666667,426d1a94a1ffffde
large_offset_sorted,12000,1024,15,chan_random,population_variance,0.00087189465170776025,0.00084991544732782575819227430555555555555555555555555555555555555555555555555559158,0.00002197920437993449295191153128017605114210810926225450303819444444444444444440842,0.025860459942266195879761645750356879484680040028147607077425564630333116189151556,202722379070203.81,3f4c91fb81dfcb2e
large_offset_sorted,12000,1024,16,chan_random,sum,12000000000000000,12000000000000000.0009765625000,0.0009765625000,8.1380208333333333326710595024956597222761182045495068585387273596558018507048562E-20,0.00048828125,434550f7dca70000
large_offset_sorted,12000,1024,16,chan_random,mean,999999999999.99585,1000000000000.0000000813802083333333333333333333333333333333333333333333333333333,0.0041504720052083333333333333333333333333333333333333333333333333333,4.1504720052083333329955670568678114149580430455022939929233363406647221685446505E-15,34.000666666666667,426d1a94a1ffffde
large_offset_sorted,12000,1024,16,chan_random,population_variance,0.00087149341619422414,0.00084991544732782575819227430555555555555555555555555555555555555555555555555559158,0.00002157796886639838543045202514905314375129010942247178819444444444444444444440842,0.025388371201206587073772261707230846198956359266546203702983336390492683658720645,199021634654461.81,3f4c8e9ddc516130
large_offset_sorted,12000,1024,17,chan_random,sum,12000000000000000,12000000000000000.0009765625000,0.0009765625000,8.1380208333333333326710595024956597222761182045495068585387273596558018507048562E-20,0.00048828125,434550f7dca70000
large_offset_sorted,12000,1024,17,chan_random,mean,999999999999.99585,1000000000000.0000000813802083333333333333333333333333333333333333333333333333333,0.0041504720052083333333333333333333333333333333333333333333333333333,4.1504720052083333329955670568678114149580430455022939929233363406647221685446505E-15,34.000666666666667,426d1a94a1ffffde
large_offset_sorted,12000,1024,17,chan_random,population_variance,0.00087053011086619318,0.00084991544732782575819227430555555555555555555555555555555555555555555555555559158,0.00002061466353836742255692085181964204012830224302079942491319444444444444444440842,0.024254958070453827788298220095376246429243076498352425194796588865875122112317722,190136711228947.81,3f4c86892d9cfe46
large_offset_sorted,12000,1024,18,chan_random,sum,12000000000000000,12000000000000000.0009765625000,0.0009765625000,8.1380208333333333326710595024956597222761182045495068585387273596558018507048562E-20,0.00048828125,434550f7dca70000
large_offset_sorted,12000,1024,18,chan_random,mean,999999999999.99585,1000000000000.0000000813802083333333333333333333333333333333333333333333333333333,0.0041504720052083333333333333333333333333333333333333333333333333333,4.1504720052083333329955670568678114149580430455022939929233363406647221685446505E-15,34.000666666666667,426d1a94a1ffffde
large_offset_sorted,12000,1024,18,chan_random,population_variance,0.00086977867387580941,0.00084991544732782575819227430555555555555555555555555555555555555555555555555559158,0.00001986322654798364987751815549346348335449066427018907335069444444444444444440842,0.023370826604498801309959201492540240562145641177438435422972482876732238720298699,183205928304383.81,3f4c803b7ac24f32
large_offset_sorted,12000,1024,19,chan_random,sum,12000000000000000,12000000000000000.0009765625000,0.0009765625000,8.1380208333333333326710595024956597222761182045495068585387273596558018507048562E-20,0.00048828125,434550f7dca70000
large_offset_sorted,12000,1024,19,chan_random,mean,999999999999.99573,1000000000000.0000000813802083333333333333333333333333333333333333333333333333333,0.0042725423177083333333333333333333333333333333333333333333333333333,4.2725423177083333329856329494052463107921848185705365958014172510595591963052233E-15,35.000666666666667,426d1a94a1ffffdd
large_offset_sorted,12000,1024,19,chan_random,population_variance,0.00087102173929421247,0.00084991544732782575819227430555555555555555555555555555555555555555555555555559158,0.00002110629196638671360411157154304520291690197255876329210069444444444444444440842,0.024833401996334918673586054359100566612948095411029228905853890033845521629628437,194671183124463.81,3f4c8aa8f1332822
large_offset_sorted,12000,1024,20,chan_random,sum,12000000000000000,12000000000000000.0009765625000,0.0009765625000,8.1380208333333333326710595024956597222761182045495068585387273596558018507048562E-20,0.00048828125,434550f7dca70000
large_offset_sorted,12000,1024,20,chan_random,mean,999999999999.99585,1000000000000.0000000813802083333333333333333333333333333333333333333333333333333,0.0041504720052083333333333333333333333333333333333333333333333333333,4.1504720052083333329955670568678114149580430455022939929233363406647221685446505E-15,34.000666666666667,426d1a94a1ffffde
large_offset_sorted,12000,1024,20,chan_random,population_variance,0.00087074197331788112,0.00084991544732782575819227430555555555555555555555555555555555555555555555555559158,0.00002082652599005535803658142570940172946494486596849229600694444444444444444440842,0.024504232809904723777487015579057165547527765068449621793500175533513157401570426,192090797441505.81,3f4c8850263a5214
large_offset_sorted,12000,1024,21,chan_random,sum,12000000000000000,12000000000000000.0009765625000,0.0009765625000,8.1380208333333333326710595024956597222761182045495068585387273596558018507048562E-20,0.00048828125,434550f7dca70000
large_offset_sorted,12000,1024,21,chan_random,mean,999999999999.99585,1000000000000.0000000813802083333333333333333333333333333333333333333333333333333,0.0041504720052083333333333333333333333333333333333333333333333333333,4.1504720052083333329955670568678114149580430455022939929233363406647221685446505E-15,34.000666666666667,426d1a94a1ffffde
large_offset_sorted,12000,1024,21,chan_random,population_variance,0.00087081640357075413,0.00084991544732782575819227430555555555555555555555555555555555555555555555555559158,0.00002090095624292837342802744673677908495948132541444566514756944444444444444440842,0.024591806524568961986159675750104382349621209872911170523227121894415150806635571,192777295354550.81,3f4c88effcb12ae9
large_offset_sorted,12000,1024,22,chan_random,sum,12000000000000000,12000000000000000.0009765625000,0.0009765625000,8.1380208333333333326710595024956597222761182045495068585387273596558018507048562E-20,0.00048828125,434550f7dca70000
large_offset_sorted,12000,1024,22,chan_random,mean,999999999999.99573,1000000000000.0000000813802083333333333333333333333333333333333333333333333333333,0.0042725423177083333333333333333333333333333333333333333333333333333,4.2725423177083333329856329494052463107921848185705365958014172510595591963052233E-15,35.000666666666667,426d1a94a1ffffdd
large_offset_sorted,12000,1024,22,chan_random,population_variance,0.00087227211513360339,0.00084991544732782575819227430555555555555555555555555555555555555555555555555559158,0.00002235666780577763037115815139246579848178144958284166124131944444444444444440842,0.026304578739059335983685969831129807378202072917232234491910781125868958416009320,206203864677060.81,3f4c95261a964af7
large_offset_sorted,12000,1024,23,chan_random,sum,12000000000000000,12000000000000000.0009765625000,0.0009765625000,8.1380208333333333326710595024956597222761182045495068585387273596558018507048562E-20,0.00048828125,434550f7dca70000
large_offset_sorted,12000,1024,23,chan_random,mean,999999999999.99573,1000000000000.0000000813802083333333333333333333333333333333333333333333333333333,0.0042725423177083333333333333333333333333333333333333333333333333333,4.2725423177083333329856329494052463107921848185705365958014172510595591963052233E-15,35.000666666666667,426d1a94a1ffffdd
large_offset_sorted,12000,1024,23,chan_random,population_variance,0.00086979270977368924,0.00084991544732782575819227430555555555555555555555555555555555555555555555555559158,0.00001987726244586348277706669110090034438245412376191880967881944444444444444440842,0.023387341068289243552545357264631890735118368991293856072535844589478095576397637,183335386612400.81,3f4c80599f1352e3
large_offset_sorted,12000,1024,24,chan_random,sum,12000000000000000,12000000000000000.0009765625000,0.0009765625000,8.1380208333333333326710595024956597222761182045495068585387273596558018507048562E-20,0.00048828125,434550f7dca70000
large_offset_sorted,12000,1024,24,chan_random,mean,999999999999.99573,1000000000000.0000000813802083333333333333333333333333333333333333333333333333333,0.0042725423177083333333333333333333333333333333333333333333333333333,4.2725423177083333329856329494052463107921848185705365958014172510595591963052233E-15,35.000666666666667,426d1a94a1ffffdd
large_offset_sorted,12000,1024,24,chan_random,population_variance,0.00087149314040498938,0.00084991544732782575819227430555555555555555555555555555555555555555555555555559158,0.00002157769307716362011364788189540478116315272119310167100694444444444444444440842,0.025388046711005082428619237409412198029619894042960675900794345684550226440100023,199019090947745.81,3f4c8e9d44b37ed4
large_offset_sorted,12000,1024,25,chan_random,sum,12000000000000000,12000000000000000.0009765625000,0.0009765625000,8.1380208333333333326710595024956597222761182045495068585387273596558018507048562E-20,0.00048828125,434550f7dca70000
large_offset_sorted,12000,1024,25,chan_random,mean,999999999999.99585,1000000000000.0000000813802083333333333333333333333333333333333333333333333333333,0.0041504720052083333333333333333333333333333333333333333333333333333,4.1504720052083333329955670568678114149580430455022939929233363406647221685446505E-15,34.000666666666667,426d1a94a1ffffde
large_offset_sorted,12000,1024,25,chan_random,population_variance,0.00087135604324093958,0.00084991544732782575819227430555555555555555555555555555555555555555555555555559158,0.00002144059591311382197528459217197551980562922027375962999131944444444444444440842,0.025226739883977949216047411151849291155308184200063211436536995921858745965868016,197754592798516.81,3f4c8d76dabcf767
large_offset_sorted,12000,1024,26,chan_random,sum,12000000000000000,12000000000000000.0009765625000,0.0009765625000,8.1380208333333333326710595024956597222761182045495068585387273596558018507048562E-20,0.00048828125,434550f7dca70000
large_offset_sorted,12000,1024,26,chan_random,mean,999999999999.99585,1000000000000.0000000813802083333333333333333333333333333333333333333333333333333,0.0041504720052083333333333333333333333333333333333333333333333333333,4.1504720052083333329955670568678114149580430455022939929233363406647221685446505E-15,34.000666666666667,426d1a94a1ffffde
large_offset_sorted,12000,1024,26,chan_random,population_variance,0.00087189753529666057,0.00084991544732782575819227430555555555555555555555555555555555555555555555555559158,0.00002198208796883481335290546867769181618415233161714341905381944444444444444440842,0.025863852737289967409581692097186719758544771147829320592658728629136670899775688,202748975483432.81,3f4c9201b324da5b
large_offset_sorted,12000,1024,27,chan_random,sum,12000000000000000,12000000000000000.0009765625000,0.0009765625000,8.1380208333333333326710595024956597222761182045495068585387273596558018507048562E-20,0.00048828125,434550f7dca70000
large_offset_sorted,12000,1024,27,chan_random,mean,999999999999.99585,1000000000000.0000000813802083333333333333333333333333333333333333333333333333333,0.0041504720052083333333333333333333333333333333333333333333333333333,4.1504720052083333329955670568678114149580430455022939929233363406647221685446505E-15,34.000666666666667,426d1a94a1ffffde
large_offset_sorted,12000,1024,27,chan_random,population_variance,0.00086941435671771396,0.00084991544732782575819227430555555555555555555555555555555555555555555555555559158,0.00001949890938988819706314783688741145953018632200029161241319444444444444444440842,0.022942175543689301802932919910535168467693791878776261427650495377969145088390408,179845695615859.81,3f4c7d2d1d4883a6
large_offset_sorted,12000,1024,28,chan_random,sum,12000000000000000,12000000000000000.0009765625000,0.0009765625000,8.1380208333333333326710595024956597222761182045495068585387273596558018507048562E-20,0.00048828125,434550f7dca70000
large_offset_sorted,12000,1024,28,chan_random,mean,999999999999.99585,1000000000000.0000000813802083333333333333333333333333333333333333333333333333333,0.0041504720052083333333333333333333333333333333333333333333333333333,4.1504720052083333329955670568678114149580430455022939929233363406647221685446505E-15,34.000666666666667,426d1a94a1ffffde
large_offset_sorted,12000,1024,28,chan_random,population_variance,0.00087210859873122532,0.00084991544732782575819227430555555555555555555555555555555555555555555555555559158,0.00002219315140339955870177026911152198509727087285783555772569444444444444444440842,0.026112187363079319443655278463257446338876026401643242444236371013065330743881021,204695692063799.81,3f4c93c6f47e846a
large_offset_sorted,12000,1024,29,chan_random,sum,12000000000000000,12000000000000000.0009765625000,0.0009765625000,8.1380208333333333326710595024956597222761182045495068585387273596558018507048562E-20,0.00048828125,434550f7dca70000
large_offset_sorted,12000,1024,29,chan_random,mean,999999999999.99585,1000000000000.0000000813802083333333333333333333333333333333333333333333333333333,0.0041504720052083333333333333333333333333333333333333333333333333333,4.1504720052083333329955670568678114149580430455022939929233363406647221685446505E-15,34.000666666666667,426d1a94a1ffffde
large_offset_sorted,12000,1024,29,chan_random,population_variance,0.00087083385499914343,0.00084991544732782575819227430555555555555555555555555555555555555555555555555559158,0.00002091840767131766874422884841225014598522749212053087022569444444444444444440842,0.024612339659299203011818309639471363308794894486833870525318636432111756614813100,192938256371159.81,3f4c891576b75e0a
large_offset_sorted,12000,1024,30,chan_random,sum,12000000000000000,12000000000000000.0009765625000,0.0009765625000,8.1380208333333333326710595024956597222761182045495068585387273596558018507048562E-20,0.00048828125,434550f7dca70000
large_offset_sorted,12000,1024,30,chan_random,mean,999999999999.99585,1000000000000.0000000813802083333333333333333333333333333333333333333333333333333,0.0041504720052083333333333333333333333333333333333333333333333333333,4.1504720052083333329955670568678114149580430455022939929233363406647221685446505E-15,34.000666666666667,426d1a94a1ffffde
large_offset_sorted,12000,1024,30,chan_random,population_variance,0.00086903750823543065,0.00084991544732782575819227430555555555555555555555555555555555555555555555555559158,0.00001912206090760489181731543142619658384420391586091783311631944444444444444440842,0.022498780281880454060045552453681174617179258723997524386276413607563960964233513,176369881862236.81,3f4c7a03d6a3a08f
large_offset_sorted,12000,1024,31,chan_random,sum,12000000000000000,12000000000000000.0009765625000,0.0009765625000,8.1380208333333333326710595024956597222761182045495068585387273596558018507048562E-20,0.00048828125,434550f7dca70000
large_offset_sorted,12000,1024,31,chan_random,mean,999999999999.99573,1000000000000.0000000813802083333333333333333333333333333333333333333333333333333,0.0042725423177083333333333333333333333333333333333333333333333333333,4.2725423177083333329856329494052463107921848185705365958014172510595591963052233E-15,35.000666666666667,426d1a94a1ffffdd
large_offset_sorted,12000,1024,31,chan_random,population_variance,0.00086800290961011552,0.00084991544732782575819227430555555555555555555555555555555555555555555555555559158,0.00001808746228228975765458777205354737007938739326265123155381944444444444444440842,0.021281484339598241135982043888054658239928299140566029456337961750267788275817832,166827393832136.81,3f4c71560e07a4fb
large_offset_shuffled,12000,31,,naive,sum,12000000000000000,12000000000000000.0009765625000,0.0009765625000,8.1380208333333333326710595024956597222761182045495068585387273596558018507048562E-20,0.00048828125,434550f7dca70000
large_offset_shuffled,12000,31,,naive,mean,1000000000000,1000000000000.0000000813802083333333333333333333333333333333333333333333333333333,8.13802083333333333333333333333333333333333333333333333333333E-8,8.1380208333333333326710595024956597222761182045495068585387240263224685173715234E-20,0.00066666666666666664,426d1a94a2000000
large_offset_shuffled,12000,31,,naive,population_variance,-83231768576,0.00084991544732782575819227430555555555555555555555555555555555555555555555555558683,83231768576.000849915447327825758192274305555555555555555555555555555555555555556,97929469146237.375590627577629275649050268407367131560146214972059320551266233032,7.6767756686185432e+29,c233610000000000
large_offset_shuffled,12000,31,,welford,sum,12000000000000000,12000000000000000.0009765625000,0.0009765625000,8.1380208333333333326710595024956597222761182045495068585387273596558018507048562E-20,0.00048828125,434550f7dca70000
large_offset_shuffled,12000,31,,welford,mean,999999999999.9989,1000000000000.0000000813802083333333333333333333333333333333333333333333333333333,0.0010987141927083333333333333333333333333333333333333333333333333333,1.0987141927083333332439197434319390191044987187962289209713135807937964745303293E-15,9.0006666666666675,426d1a94a1fffff7
large_offset_shuffled,12000,31,,welford,population_variance,0.00085114400461316106,0.00084991544732782575819227430555555555555555555555555555555555555555555555555558683,0.00000122855728533529935355941533872383944172826078202989366319444444444444444441317,0.0014455053019661442651381904776171754299855012992995330003321022610119043437821995,11331440911235.814,3f4be3e9d4fdf3b6
large_offset_shuffled,12000,31,,chan_left,sum,12000000000000000,12000000000000000.0009765625000,0.0009765625000,8.1380208333333333326710595024956597222761182045495068585387273596558018507048562E-20,0.00048828125,434550f7dca70000
large_offset_shuffled,12000,31,,chan_left,mean,999999999999.99988,1000000000000.0000000813802083333333333333333333333333333333333333333333333333333,0.0001221516927083333333333333333333333333333333333333333333333333333,1.2215169270833333332339260313245985243136453425028809794666629763510025244574656E-16,1.0006666666666666,426d1a94a1ffffff
large_offset_shuffled,12000,31,,chan_left,population_variance,0.00084992811296476668,0.00084991544732782575819227430555555555555555555555555555555555555555555555555558683,1.266563694091757088757945995085820969608094957139756944444444444444444441317E-8,0.000014902231722860115841941957658365609426537794639192696753502375786777661174996125,116819881589.81398,3f4bd9b6b97d3ea8
large_offset_shuffled,12000,31,,chan_balanced,sum,12000000000000000,12000000000000000.0009765625000,0.0009765625000,8.1380208333333333326710595024956597222761182045495068585387273596558018507048562E-20,0.00048828125,434550f7dca70000
large_offset_shuffled,12000,31,,chan_balanced,mean,1000000000000,1000000000000.0000000813802083333333333333333333333333333333333333333333333333333,8.13802083333333333333333333333333333333333333333333333333333E-8,8.1380208333333333326710595024956597222761182045495068585387240263224685173715234E-20,0.00066666666666666664,426d1a94a2000000
large_offset_shuffled,12000,31,,chan_balanced,population_variance,0.00084999551986011208,0.00084991544732782575819227430555555555555555555555555555555555555555555555555558683,8.007253228632204813644237775507564139035012986924913194444444444444444441317E-8,0.000094212350814512037924636563517700405058764131810919891317968849127308203631935979,738538755209.81396,3f4bda477ad264bc
large_offset_shuffled,12000,31,0,chan_random,sum,12000000000000000,12000000000000000.0009765625000,0.0009765625000,8.1380208333333333326710595024956597222761182045495068585387273596558018507048562E-20,0.00048828125,434550f7dca70000
large_offset_shuffled,12000,31,0,chan_random,mean,1000000000000,1000000000000.0000000813802083333333333333333333333333333333333333333333333333333,8.13802083333333333333333333333333333333333333333333333333333E-8,8.1380208333333333326710595024956597222761182045495068585387240263224685173715234E-20,0.00066666666666666664,426d1a94a2000000
large_offset_shuffled,12000,31,0,chan_random,population_variance,0.00084997818685431461,0.00084991544732782575819227430555555555555555555555555555555555555555555555555558683,6.273952648885492252819575911517959967669513490464952256944444444444444441317E-8,0.000073818550640667788916847448503636946063493226990043772518127393238690870149638384,578669994222.81396,3f4bda2241e6b121
large_offset_shuffled,12000,31,1,chan_random,sum,12000000000000000,12000000000000000.0009765625000,0.0009765625000,8.1380208333333333326710595024956597222761182045495068585387273596558018507048562E-20,0.00048828125,434550f7dca70000
large_offset_shuffled,12000,31,1,chan_random,mean,999999999999.99988,1000000000000.0000000813802083333333333333333333333333333333333333333333333333333,0.0001221516927083333333333333333333333333333333333333333333333333333,1.2215169270833333332339260313245985243136453425028809794666629763510025244574656E-16,1.0006666666666666,426d1a94a1ffffff
large_offset_shuffled,12000,31,1,chan_random,population_variance,0.0008500222786441662,0.00084991544732782575819227430555555555555555555555555555555555555555555555555558683,1.0683131634044141064190627490562393278297450807359483506944444444444444441317E-7,0.00012569640506749713345145355026579625266278840660908391075293818674373120316403309,985344975794.81396,3f4bda80f19e73e5
large_offset_shuffled,12000,31,2,chan_random,sum,12000000000000000,12000000000000000.0009765625000,0.0009765625000,8.1380208333333333326710595024956597222761182045495068585387273596558018507048562E-20,0.00048828125,434550f7dca70000
large_offset_shuffled,12000,31,2,chan_random,mean,1000000000000,1000000000000.0000000813802083333333333333333333333333333333333333333333333333333,8.13802083333333333333333333333333333333333333333333333333333E-8,8.1380208333333333326710595024956597222761182045495068585387240263224685173715234E-20,0.00066666666666666664,426d1a94a2000000
large_offset_shuffled,12000,31,2,chan_random,population_variance,0.00084995042049639522,0.00084991544732782575819227430555555555555555555555555555555555555555555555555558683,3.497316856946523469209766845880140964355733659532335069444444444444444441317E-8,0.000041148997443713402006517908602570239189875385792326854471689254419282305375981158,322570545023.81396,3f4bd9e6a12f37b2
large_offset_shuffled,12000,31,3,chan_random,sum,12000000000000000,12000000000000000.0009765625000,0.0009765625000,8.1380208333333333326710595024956597222761182045495068585387273596558018507048562E-20,0.00048828125,434550f7dca70000
large_offset_shuffled,12000,31,3,chan_random,mean,1000000000000,1000000000000.0000000813802083333333333333333333333333333333333333333333333333333,8.13802083333333333333333333333333333333333333333333333333333E-8,8.1380208333333333326710595024956597222761182045495068585387240263224685173715234E-20,0.00066666666666666664,426d1a94a2000000
large_offset_shuffled,12000,31,3,chan_random,population_variance,0.0008499419977336946,0.00084991544732782575819227430555555555555555555555555555555555555555555555555558683,2.655040586884110622969659390138177615072992112901475694444444444444444441317E-8,0.000031238879058283778924349817257924095307540409287607167454207443881232950712897246,244884271057.814,3f4bd9d48ab8c004
large_offset_shuffled,12000,31,4,chan_random,sum,12000000000000000,12000000000000000.0009765625000,0.0009765625000,8.1380208333333333326710595024956597222761182045495068585387273596558018507048562E-20,0.00048828125,434550f7dca70000
large_offset_shuffled,12000,31,4,chan_random,mean,999999999999.99988,1000000000000.0000000813802083333333333333333333333333333333333333333333333333333,0.0001221516927083333333333333333333333333333333333333333333333333333,1.2215169270833333332339260313245985243136453425028809794666629763510025244574656E-16,1.0006666666666666,426d1a94a1ffffff
large_offset_shuffled,12000,31,4,chan_random,population_variance,0.00085003739784869972,0.00084991544732782575819227430555555555555555555555555555555555555555555555555558683,1.2195052087396614612060632667736273207184341218736436631944444444444444441317E-7,0.00014348547406378403167917527713897089743096644957756594484487038832251810310934811,1124795024108.814,3f4bdaa1697d531f
large_offset_shuffled,12000,31,5,chan_random,sum,12000000000000000,12000000000000000.0009765625000,0.0009765625000,8.1380208333333333326710595024956597222761182045495068585387273596558018507048562E-20,0.00048828125,434550f7dca70000
large_offset_shuffled,12000,31,5,chan_random,mean,1000000000000,1000000000000.0000000813802083333333333333333333333333333333333333333333333333333,8.13802083333333333333333333333333333333333333333333333333333E-8,8.1380208333333333326710595024956597222761182045495068585387240263224685173715234E-20,0.00066666666666666664,426d1a94a2000000
large_offset_shuffled,12000,31,5,chan_random,population_variance,0.00084997859171904533,0.00084991544732782575819227430555555555555555555555555555555555555555555555555558683,6.314439121957149788879861931592232495960262086656358506944444444444444441317E-8,0.000074294909473760526746534930785156169396239497256151961506990909203357656810557652,582404212258.81396,3f4bda23207a5655
large_offset_shuffled,12000,31,6,chan_random,sum,12000000000000000,12000000000000000.0009765625000,0.0009765625000,8.1380208333333333326710595024956597222761182045495068585387273596558018507048562E-20,0.00048828125,434550f7dca70000
large_offset_shuffled,12000,31,6,chan_random,mean,1000000000000,1000000000000.0000000813802083333333333333333333333333333333333333333333333333333,8.13802083333333333333333333333333333333333333333333333333333E-8,8.1380208333333333326710595024956597222761182045495068585387240263224685173715234E-20,0.00066666666666666664,426d1a94a2000000
large_offset_shuffled,12000,31,6,chan_random,population_variance,0.00085007741972793521,0.00084991544732782575819227430555555555555555555555555555555555555555555555555558683,1.6197240010945644330922179834588961158361699846055772569444444444444444441317E-7,0.00019057472201347240671209179478747652175751907226845444602040806740972130641320600,1493931705911.814,3f4bdaf75bc0166a
large_offset_shuffled,12000,31,7,chan_random,sum,12000000000000000,12000000000000000.0009765625000,0.0009765625000,8.1380208333333333326710595024956597222761182045495068585387273596558018507048562E-20,0.00048828125,434550f7dca70000
large_offset_shuffled,12000,31,7,chan_random,mean,1000000000000,1000000000000.0000000813802083333333333333333333333333333333333333333333333333333,8.13802083333333333333333333333333333333333333333333333333333E-8,8.1380208333333333326710595024956597222761182045495068585387240263224685173715234E-20,0.00066666666666666664,426d1a94a2000000
large_offset_shuffled,12000,31,7,chan_random,population_variance,0.00084998118933527259,0.00084991544732782575819227430555555555555555555555555555555555555555555555555558683,6.574200744683257293912406440641562868323591020372178819444444444444444441317E-8,0.000077351232588522239752497173439266998977808326306101282274251114333433449757642039,606362993131.81396,3f4bda28b488521e
large_offset_shuffled,12000,31,8,chan_random,sum,12000000000000000,12000000000000000.0009765625000,0.0009765625000,8.1380208333333333326710595024956597222761182045495068585387273596558018507048562E-20,0.00048828125,434550f7dca70000
large_offset_shuffled,12000,31,8,chan_random,mean,1000000000000.0001,1000000000000.0000000813802083333333333333333333333333333333333333333333333333333,0.0001219889322916666666666666666666666666666666666666666666666666667,1.2198893229166666665673918194240993923691901188619710780949552315457380307539913E-16,0.9993333333333333,426d1a94a2000001
large_offset_shuffled,12000,31,8,chan_random,population_variance,0.00084998047571886574,0.00084991544732782575819227430555555555555555555555555555555555555555555555555558683,6.502839103998052064062010104963620607223775651719835069444444444444444441317E-8,0.000076511600353226721909808127500519803985279330746277487543569541666798093660796184,599781043519.81396,3f4bda272c37bd72
large_offset_shuffled,12000,31,9,chan_random,sum,12000000000000000,12000000000000000.0009765625000,0.0009765625000,8.1380208333333333326710595024956597222761182045495068585387273596558018507048562E-20,0.00048828125,434550f7dca70000
large_offset_shuffled,12000,31,9,chan_random,mean,999999999999.99988,1000000000000.0000000813802083333333333333333333333333333333333333333333333333333,0.0001221516927083333333333333333333333333333333333333333333333333333,1.2215169270833333332339260313245985243136453425028809794666629763510025244574656E-16,1.0006666666666666,426d1a94a1ffffff
large_offset_shuffled,12000,31,9,chan_random,population_variance,0.00085008369290074509,0.00084991544732782575819227430555555555555555555555555555555555555555555555555558683,1.6824557291933591282287155068944331206795242097642686631944444444444444441317E-7,0.00019795565952861302525479605270659422372447696553535236211794124842457606914768475,1551791512588.814,3f4bdb04d476ac3f
large_offset_shuffled,12000,31,10,chan_random,sum,12000000000000000,12000000000000000.0009765625000,0.0009765625000,8.1380208333333333326710595024956597222761182045495068585387273596558018507048562E-20,0.00048828125,434550f7dca70000
large_offset_shuffled,12000,31,10,chan_random,mean,1000000000000,1000000000000.0000000813802083333333333333333333333333333333333333333333333333333,8.13802083333333333333333333333333333333333333333333333333333E-8,8.1380208333333333326710595024956597222761182045495068585387240263224685173715234E-20,0.00066666666666666664,426d1a94a2000000
large_offset_shuffled,12000,31,10,chan_random,population_variance,0.00085003850925429955,0.00084991544732782575819227430555555555555555555555555555555555555555555555555558683,1.2306192647378792450998632703987014893856313493516710069444444444444444441317E-7,0.00014479314014199932944846826481778623596817097456630330719236307585466045505492431,1135045931439.814,3f4bdaa3cc7dc1e2
large_offset_shuffled,12000,31,11,chan_random,sum,12000000000000000,12000000000000000.0009765625000,0.0009765625000,8.1380208333333333326710595024956597222761182045495068585387273596558018507048562E-20,0.00048828125,434550f7dca70000
large_offset_shuffled,12000,31,11,chan_random,mean,999999999999.99988,1000000000000.0000000813802083333333333333333333333333333333333333333333333333333,0.0001221516927083333333333333333333333333333333333333333333333333333,1.2215169270833333332339260313245985243136453425028809794666629763510025244574656E-16,1.0006666666666666,426d1a94a1ffffff
large_offset_shuffled,12000,31,11,chan_random,population_variance,0.00084997477526875141,0.00084991544732782575819227430555555555555555555555555555555555555555555555555558683,5.932794092565018797793799068232248019840982225206163194444444444444444441317E-8,0.000069804521275828121130078594679537332153691005154051561840962461206704572789283415,547203671337.81396,3f4bda1aee5cb55c
large_offset_shuffled,12000,31,12,chan_random,sum,12000000000000000,12000000000000000.0009765625000,0.0009765625000,8.1380208333333333326710595024956597222761182045495068585387273596558018507048562E-20,0.00048828125,434550f7dca70000
large_offset_shuffled,12000,31,12,chan_random,mean,1000000000000,1000000000000.0000000813802083333333333333333333333333333333333333333333333333333,8.13802083333333333333333333333333333333333333333333333333333E-8,8.1380208333333333326710595024956597222761182045495068585387240263224685173715234E-20,0.00066666666666666664,426d1a94a2000000
large_offset_shuffled,12000,31,12,chan_random,population_variance,0.0008500166334579998,0.00084991544732782575819227430555555555555555555555555555555555555555555555555558683,1.0118613017404283868330397113924037613388564851548936631944444444444444441317E-7,0.00011905434886749829421529364087735852927187327284550451492269939450002001787202691,933277323564.81396,3f4bda74d225215f
large_offset_shuffled,12000,31,13,chan_random,sum,12000000000000000,12000000000000000.0009765625000,0.0009765625000,8.1380208333333333326710595024956597222761182045495068585387273596558018507048562E-20,0.00048828125,434550f7dca70000
large_offset_shuffled,12000,31,13,chan_random,mean,1000000000000,1000000000000.0000000813802083333333333333333333333333333333333333333333333333333,8.13802083333333333333333333333333333333333333333333333333333E-8,8.1380208333333333326710595024956597222761182045495068585387240263224685173715234E-20,0.00066666666666666664,426d1a94a2000000
large_offset_shuffled,12000,31,13,chan_random,population_variance,0.00085006220725581316,0.00084991544732782575819227430555555555555555555555555555555555555555555555555558683,1.4675992798740089242650854986196564924385812547471788194444444444444444441317E-7,0.00017267591552644563182942879236512702365096296718016969123800165154009282433447178,1353621415929.814,3f4bdad6b09af82c
large_offset_shuffled,12000,31,14,chan_random,sum,12000000000000000,12000000000000000.0009765625000,0.0009765625000,8.1380208333333333326710595024956597222761182045495068585387273596558018507048562E-20,0.00048828125,434550f7dca70000
large_offset_shuffled,12000,31,14,chan_random,mean,1000000000000,1000000000000.0000000813802083333333333333333333333333333333333333333333333333333,8.13802083333333333333333333333333333333333333333333333333333E-8,8.1380208333333333326710595024956597222761182045495068585387240263224685173715234E-20,0.00066666666666666664,426d1a94a2000000
large_offset_shuffled,12000,31,14,chan_random,population_variance,0.00084996841611065114,0.00084991544732782575819227430555555555555555555555555555555555555555555555555558683,5.296878282537681139865684245806834143069055345323350694444444444444444441317E-8,0.000062322414531837445945824794067355964244945145004207343722221060773598946100246339,488550790337.81396,3f4bda0d4660c4f4
large_offset_shuffled,12000,31,15,chan_random,sum,12000000000000000,12000000000000000.0009765625000,0.0009765625000,8.1380208333333333326710595024956597222761182045495068585387273596558018507048562E-20,0.00048828125,434550f7dca70000
large_offset_shuffled,12000,31,15,chan_random,mean,1000000000000,1000000000000.0000000813802083333333333333333333333333333333333333333333333333333,8.13802083333333333333333333333333333333333333333333333333333E-8,8.1380208333333333326710595024956597222761182045495068585387240263224685173715234E-20,0.00066666666666666664,426d1a94a2000000
large_offset_shuffled,12000,31,15,chan_random,population_variance,0.0008500598596412588,0.00084991544732782575819227430555555555555555555555555555555555555555555555555558683,1.4441231343304060077661590513445035968389776017930772569444444444444444441317E-7,0.00016991374128694768823508197412741309319854254984307096505422757665223573611357637,1331968493495.814,3f4bdad1a5fd97ea
large_offset_shuffled,12000,31,16,chan_random,sum,12000000000000000,12000000000000000.0009765625000,0.0009765625000,8.1380208333333333326710595024956597222761182045495068585387273596558018507048562E-20,0.00048828125,434550f7dca70000
large_offset_shuffled,12000,31,16,chan_random,mean,1000000000000,1000000000000.0000000813802083333333333333333333333333333333333333333333333333333,8.13802083333333333333333333333333333333333333333333333333333E-8,8.1380208333333333326710595024956597222761182045495068585387240263224685173715234E-20,0.00066666666666666664,426d1a94a2000000
large_offset_shuffled,12000,31,16,chan_random,population_variance,0.00085001751689992727,0.00084991544732782575819227430555555555555555555555555555555555555555555555555558683,1.0206957210151155032409578085308668151911762025621202256944444444444444441317E-7,0.00012009379570923566317006531686463546708217446527866560509801372261409643391702281,941425637134.81396,3f4bda76b7d28741
large_offset_shuffled,12000,31,17,chan_random,sum,12000000000000000,12000000000000000.0009765625000,0.0009765625000,8.1380208333333333326710595024956597222761182045495068585387273596558018507048562E-20,0.00048828125,434550f7dca70000
large_offset_shuffled,12000,31,17,chan_random,mean,1000000000000,1000000000000.0000000813802083333333333333333333333333333333333333333333333333333,8.13802083333333333333333333333333333333333333333333333333333E-8,8.1380208333333333326710595024956597222761182045495068585387240263224685173715234E-20,0.00066666666666666664,426d1a94a2000000
large_offset_shuffled,12000,31,17,chan_random,population_variance,0.00085000928635775531,0.00084991544732782575819227430555555555555555555555555555555555555555555555555558683,9.383902992955261670695834810531879257824685838487413194444444444444444441317E-8,0.00011040984161964222620619132244875068579758768481140251238339916692943016976639950,865512284617.81396,3f4bda650b08b1fc
large_offset_shuffled,12000,31,18,chan_random,sum,12000000000000000,12000000000000000.0009765625000,0.0009765625000,8.1380208333333333326710595024956597222761182045495068585387273596558018507048562E-20,0.00048828125,434550f7dca70000
large_offset_shuffled,12000,31,18,chan_random,mean,1000000000000,1000000000000.0000000813802083333333333333333333333333333333333333333333333333333,8.13802083333333333333333333333333333333333333333333333333333E-8,8.1380208333333333326710595024956597222761182045495068585387240263224685173715234E-20,0.00066666666666666664,426d1a94a2000000
large_offset_shuffled,12000,31,18,chan_random,population_variance,0.0008499773311776835,0.00084991544732782575819227430555555555555555555555555555555555555555555555555558683,6.188384985774167787145019461705588683899905946519639756944444444444444441317E-8,0.000072811772103104396779397408307515326218591260257913283628559043887829087531032423,570777770310.81396,3f4bda206b7ce979
large_offset_shuffled,12000,31,19,chan_random,sum,12000000000000000,12000000000000000.0009765625000,0.0009765625000,8.1380208333333333326710595024956597222761182045495068585387273596558018507048562E-20,0.00048828125,434550f7dca70000
large_offset_shuffled,12000,31,19,chan_random,mean,999999999999.99988,1000000000000.0000000813802083333333333333333333333333333333333333333333333333333,0.0001221516927083333333333333333333333333333333333333333333333333333,1.2215169270833333332339260313245985243136453425028809794666629763510025244574656E-16,1.0006666666666666,426d1a94a1ffffff
large_offset_shuffled,12000,31,19,chan_random,population_variance,0.00085004706501498541,0.00084991544732782575819227430555555555555555555555555555555555555555555555555558683,1.3161768715964981515645051659804367874231603410508897569444444444444444441317E-7,0.00015485974231138171409156843426238230557977200251178912927216123945276944254365580,1213958895303.814,3f4bdab62c1206fa
large_offset_shuffled,12000,31,20,chan_random,sum,12000000000000000,12000000000000000.0009765625000,0.0009765625000,8.1380208333333333326710595024956597222761182045495068585387273596558018507048562E-20,0.00048828125,434550f7dca70000
large_offset_shuffled,12000,31,20,chan_random,mean,1000000000000,1000000000000.0000000813802083333333333333333333333333333333333333333333333333333,8.13802083333333333333333333333333333333333333333333333333333E-8,8.1380208333333333326710595024956597222761182045495068585387240263224685173715234E-20,0.00066666666666666664,426d1a94a2000000
large_offset_shuffled,12000,31,20,chan_random,population_variance,0.00085005778337649007,0.00084991544732782575819227430555555555555555555555555555555555555555555555555558683,1.4233604866431179666566267074914422765788104799058702256944444444444444441317E-7,0.00016747083384802928941746845773085659976361198073128397793208572883804097061950312,1312818331086.814,3f4bdacd308d4e01
large_offset_shuffled,12000,31,21,chan_random,sum,12000000000000000,12000000000000000.0009765625000,0.0009765625000,8.1380208333333333326710595024956597222761182045495068585387273596558018507048562E-20,0.00048828125,434550f7dca70000
large_offset_shuffled,12000,31,21,chan_random,mean,999999999999.99988,1000000000000.0000000813802083333333333333333333333333333333333333333333333333333,0.0001221516927083333333333333333333333333333333333333333333333333333,1.2215169270833333332339260313245985243136453425028809794666629763510025244574656E-16,1.0006666666666666,426d1a94a1ffffff
large_offset_shuffled,12000,31,21,chan_random,population_variance,0.00085011434051331981,0.00084991544732782575819227430555555555555555555555555555555555555555555555555558683,1.9889318549405252508879529374199693039473560121324327256944444444444444441317E-7,0.00023401526130555936892242070540232741604993719186211622327166858995624114224179806,1834465845406.814,3f4bdb46a52ab0d1
large_offset_shuffled,12000,31,22,chan_random,sum,12000000000000000,12000000000000000.0009765625000,0.0009765625000,8.1380208333333333326710595024956597222761182045495068585387273596558018507048562E-20,0.00048828125,434550f7dca70000
large_offset_shuffled,12000,31,22,chan_random,mean,1000000000000,1000000000000.0000000813802083333333333333333333333333333333333333333333333333333,8.13802083333333333333333333333333333333333333333333333333333E-8,8.1380208333333333326710595024956597222761182045495068585387240263224685173715234E-20,0.00066666666666666664,426d1a94a2000000
large_offset_shuffled,12000,31,22,chan_random,population_variance,0.0008500279854486161,0.00084991544732782575819227430555555555555555555555555555555555555555555555555558683,1.1253812079034075346564394395601185452606942918565538194444444444444444441317E-7,0.00013241096057750910593975200224408410513024224593078464247612309119190614544508152,1037980956377.814,3f4bda8d32f7c70c
large_offset_shuffled,12000,31,23,chan_random,sum,12000000000000000,12000000000000000.0009765625000,0.0009765625000,8.1380208333333333326710595024956597222761182045495068585387273596558018507048562E-20,0.00048828125,434550f7dca70000
large_offset_shuffled,12000,31,23,chan_random,mean,1000000000000,1000000000000.0000000813802083333333333333333333333333333333333333333333333333333,8.13802083333333333333333333333333333333333333333333333333333E-8,8.1380208333333333326710595024956597222761182045495068585387240263224685173715234E-20,0.00066666666666666664,426d1a94a2000000
large_offset_shuffled,12000,31,23,chan_random,population_variance,0.00085001395339746226,0.00084991544732782575819227430555555555555555555555555555555555555555555555555558683,9.850606963650548577840184963052807789709832933213975694444444444444444441317E-8,0.00011590102279728320446048136611414658977299300000347235881966961794681593531051098,908558128145.81396,3f4bda6f10c42444
large_offset_shuffled,12000,31,24,chan_random,sum,12000000000000000,12000000000000000.0009765625000,0.0009765625000,8.1380208333333333326710595024956597222761182045495068585387273596558018507048562E-20,0.00048828125,434550f7dca70000
large_offset_shuffled,12000,31,24,chan_random,mean,1000000000000,1000000000000.0000000813802083333333333333333333333333333333333333333333333333333,8.13802083333333333333333333333333333333333333333333333333333E-8,8.1380208333333333326710595024956597222761182045495068585387240263224685173715234E-20,0.00066666666666666664,426d1a94a2000000
large_offset_shuffled,12000,31,24,chan_random,population_variance,0.00085004557313721131,0.00084991544732782575819227430555555555555555555555555555555555555555555555555558683,1.3012580938555405287962132534731709812250402238633897569444444444444444441317E-7,0.00015310441738019438675924274710982912034368970826904293202191583496320315372697597,1200198751559.814,3f4bdab2f7e6e57a
large_offset_shuffled,12000,31,25,chan_random,sum,12000000000000000,12000000000000000.0009765625000,0.0009765625000,8.1380208333333333326710595024956597222761182045495068585387273596558018507048562E-20,0.00048828125,434550f7dca70000
large_offset_shuffled,12000,31,25,chan_random,mean,1000000000000,1000000000000.0000000813802083333333333333333333333333333333333333333333333333333,8.13802083333333333333333333333333333333333333333333333333333E-8,8.1380208333333333326710595024956597222761182045495068585387240263224685173715234E-20,0.00066666666666666664,426d1a94a2000000
large_offset_shuffled,12000,31,25,chan_random,population_variance,0.00084998699675722434,0.00084991544732782575819227430555555555555555555555555555555555555555555555555558683,7.154942939858392439125525344125991169777181413438585069444444444444444441317E-8,0.000084184173406353189762095974132010253882825675636758384056691015153651401550285554,659927006367.81396,3f4bda352d324cd2
large_offset_shuffled,12000,31,26,chan_random,sum,12000000000000000,12000000000000000.0009765625000,0.0009765625000,8.1380208333333333326710595024956597222761182045495068585387273596558018507048562E-20,0.00048828125,434550f7dca70000
large_offset_shuffled,12000,31,26,chan_random,mean,1000000000000,1000000000000.0000000813802083333333333333333333333333333333333333333333333333333,8.13802083333333333333333333333333333333333333333333333333333E-8,8.1380208333333333326710595024956597222761182045495068585387240263224685173715234E-20,0.00066666666666666664,426d1a94a2000000
large_offset_shuffled,12000,31,26,chan_random,population_variance,0.00085006069449179125,0.00084991544732782575819227430555555555555555555555555555555555555555555555555558683,1.4524716396549573440813121452366532240476873185899522569444444444444444441317E-7,0.00017089601609449465431343594821101681653528543250260152036596865319980193469861019,1339668630551.814,3f4bdad370f45c4a
large_offset_shuffled,12000,31,27,chan_random,sum,12000000000000000,12000000000000000.0009765625000,0.0009765625000,8.1380208333333333326710595024956597222761182045495068585387273596558018507048562E-20,0.00048828125,434550f7dca70000
large_offset_shuffled,12000,31,27,chan_random,mean,1000000000000.0001,1000000000000.0000000813802083333333333333333333333333333333333333333333333333333,0.0001219889322916666666666666666666666666666666666666666666666666667,1.2198893229166666665673918194240993923691901188619710780949552315457380307539913E-16,0.9993333333333333,426d1a94a2000001
large_offset_shuffled,12000,31,27,chan_random,population_variance,0.00085002407703428195,0.00084991544732782575819227430555555555555555555555555555555555555555555555555558683,1.0862970645619525158734022498821205873456266191270616319444444444444444441317E-7,0.00012781236862764663334284770710509689513018432268623064932902638867368014790062066,1001932196899.814,3f4bda84ce4b5c56
large_offset_shuffled,12000,31,28,chan_random,sum,12000000000000000,12000000000000000.0009765625000,0.0009765625000,8.1380208333333333326710595024956597222761182045495068585387273596558018507048562E-20,0.00048828125,434550f7dca70000
large_offset_shuffled,12000,31,28,chan_random,mean,1000000000000,1000000000000.0000000813802083333333333333333333333333333333333333333333333333333,8.13802083333333333333333333333333333333333333333333333333333E-8,8.1380208333333333326710595024956597222761182045495068585387240263224685173715234E-20,0.00066666666666666664,426d1a94a2000000
large_offset_shuffled,12000,31,28,chan_random,population_variance,0.00085005617060216268,0.00084991544732782575819227430555555555555555555555555555555555555555555555555558683,1.4072327433692246836629793607345264818933275010850694444444444444444444441317E-7,0.00016557326352799337663275140932510844088783166307192271423622396601193790749671671,1297943113453.814,3f4bdac9b9eb7f20
large_offset_shuffled,12000,31,29,chan_random,sum,12000000000000000,12000000000000000.0009765625000,0.0009765625000,8.1380208333333333326710595024956597222761182045495068585387273596558018507048562E-20,0.00048828125,434550f7dca70000
large_offset_shuffled,12000,31,29,chan_random,mean,1000000000000.0001,1000000000000.0000000813802083333333333333333333333333333333333333333333333333333,0.0001219889322916666666666666666666666666666666666666666666666666667,1.2198893229166666665673918194240993923691901188619710780949552315457380307539913E-16,0.9993333333333333,426d1a94a2000001
large_offset_shuffled,12000,31,29,chan_random,population_variance,0.00084998272411383096,0.00084991544732782575819227430555555555555555555555555555555555555555555555555558683,6.727678600519887111255614955654083233740594651963975694444444444444444441317E-8,0.000079157034051705094387235265821042107354828687190034818349061976471206092146542622,620518826769.81396,3f4bda2c00493344
large_offset_shuffled,12000,31,30,chan_random,sum,12000000000000000,12000000000000000.0009765625000,0.0009765625000,8.1380208333333333326710595024956597222761182045495068585387273596558018507048562E-20,0.00048828125,434550f7dca70000
large_offset_shuffled,12000,31,30,chan_random,mean,1000000000000,1000000000000.0000000813802083333333333333333333333333333333333333333333333333333,8.13802083333333333333333333333333333333333333333333333333333E-8,8.1380208333333333326710595024956597222761182045495068585387240263224685173715234E-20,0.00066666666666666664,426d1a94a2000000
large_offset_shuffled,12000,31,30,chan_random,population_variance,0.000850027124756509,0.00084991544732782575819227430555555555555555555555555555555555555555555555555558683,1.1167742868323725754755828789812868409272697236802842881944444444444444441317E-7,0.00013139828089294806814902630825187609925054187282709103132931506851952045177628368,1030042472864.814,3f4bda8b59cc21d3
large_offset_shuffled,12000,31,31,chan_random,sum,12000000000000000,12000000000000000.0009765625000,0.0009765625000,8.1380208333333333326710595024956597222761182045495068585387273596558018507048562E-20,0.00048828125,434550f7dca70000
large_offset_shuffled,12000,31,31,chan_random,mean,1000000000000,1000000000000.0000000813802083333333333333333333333333333333333333333333333333333,8.13802083333333333333333333333333333333333333333333333333333E-8,8.1380208333333333326710595024956597222761182045495068585387240263224685173715234E-20,0.00066666666666666664,426d1a94a2000000
large_offset_shuffled,12000,31,31,chan_random,population_variance,0.00084996519891276955,0.00084991544732782575819227430555555555555555555555555555555555555555555555555558683,4.975158494379609521976151300906268362369802263047960069444444444444444441317E-8,0.000058537099308192861044301895842947738715611434588956634271087299473150442575938710,458877377359.81396,3f4bda065db46b82
large_offset_shuffled,12000,257,,naive,sum,12000000000000000,12000000000000000.0009765625000,0.0009765625000,8.1380208333333333326710595024956597222761182045495068585387273596558018507048562E-20,0.00048828125,434550f7dca70000
large_offset_shuffled,12000,257,,naive,mean,1000000000000,1000000000000.0000000813802083333333333333333333333333333333333333333333333333333,8.13802083333333333333333333333333333333333333333333333333333E-8,8.1380208333333333326710595024956597222761182045495068585387240263224685173715234E-20,0.00066666666666666664,426d1a94a2000000
large_offset_shuffled,12000,257,,naive,population_variance,-83231768576,0.00084991544732782575819227430555555555555555555555555555555555555555555555555558683,83231768576.000849915447327825758192274305555555555555555555555555555555555555556,97929469146237.375590627577629275649050268407367131560146214972059320551266233032,7.6767756686185432e+29,c233610000000000
large_offset_shuffled,12000,257,,welford,sum,12000000000000000,12000000000000000.0009765625000,0.0009765625000,8.1380208333333333326710595024956597222761182045495068585387273596558018507048562E-20,0.00048828125,434550f7dca70000
large_offset_shuffled,12000,257,,welford,mean,999999999999.9989,1000000000000.0000000813802083333333333333333333333333333333333333333333333333333,0.0010987141927083333333333333333333333333333333333333333333333333333,1.0987141927083333332439197434319390191044987187962289209713135807937964745303293E-15,9.0006666666666675,426d1a94a1fffff7
large_offset_shuffled,12000,257,,welford,population_variance,0.00085114400461316106,0.00084991544732782575819227430555555555555555555555555555555555555555555555555558683,0.00000122855728533529935355941533872383944172826078202989366319444444444444444441317,0.0014455053019661442651381904776171754299855012992995330003321022610119043437821995,11331440911235.814,3f4be3e9d4fdf3b6
large_offset_shuffled,12000,257,,chan_left,sum,12000000000000000,12000000000000000.0009765625000,0.0009765625000,8.1380208333333333326710595024956597222761182045495068585387273596558018507048562E-20,0.00048828125,434550f7dca70000
large_offset_shuffled,12000,257,,chan_left,mean,1000000000000,1000000000000.0000000813802083333333333333333333333333333333333333333333333333333,8.13802083333333333333333333333333333333333333333333333333333E-8,8.1380208333333333326710595024956597222761182045495068585387240263224685173715234E-20,0.00066666666666666664,426d1a94a2000000
large_offset_shuffled,12000,257,,chan_left,population_variance,0.00084980223738464068,0.00084991544732782575819227430555555555555555555555555555555555555555555555555558683,1.1320994318508013523924857521605089358571502897474500868055555555555555558683E-7,0.00013320141849523683175128964471859905217136157984628629538854484645491998940553785,1044177424267.186,3f4bd8a868a840a7
large_offset_shuffled,12000,257,,chan_balanced,sum,12000000000000000,12000000000000000.0009765625000,0.0009765625000,8.1380208333333333326710595024956597222761182045495068585387273596558018507048562E-20,0.00048828125,434550f7dca70000
large_offset_shuffled,12000,257,,chan_balanced,mean,1000000000000,1000000000000.0000000813802083333333333333333333333333333333333333333333333333333,8.13802083333333333333333333333333333333333333333333333333333E-8,8.1380208333333333326710595024956597222761182045495068585387240263224685173715234E-20,0.00066666666666666664,426d1a94a2000000
large_offset_shuffled,12000,257,,chan_balanced,population_variance,0.00084977028527574803,0.00084991544732782575819227430555555555555555555555555555555555555555555555555558683,1.4516205207772939520280728073784201923343870374891493055555555555555555558683E-7,0.00017079587450037027994928401892133544127562067339080079600642268715819454302636122,1338883611946.186,3f4bd863caccb308
large_offset_shuffled,12000,257,0,chan_random,sum,12000000000000000,12000000000000000.0009765625000,0.0009765625000,8.1380208333333333326710595024956597222761182045495068585387273596558018507048562E-20,0.00048828125,434550f7dca70000
large_offset_shuffled,12000,257,0,chan_random,mean,999999999999.99988,1000000000000.0000000813802083333333333333333333333333333333333333333333333333333,0.0001221516927083333333333333333333333333333333333333333333333333333,1.2215169270833333332339260313245985243136453425028809794666629763510025244574656E-16,1.0006666666666666,426d1a94a1ffffff
large_offset_shuffled,12000,257,0,chan_random,population_variance,0.00084977792253453598,0.00084991544732782575819227430555555555555555555555555555555555555555555555555558683,1.3752479328977955000709896024899434350017044279310438368055555555555555558683E-7,0.00016180997030017984107820682619006394545594304688408552695652143324128746819731042,1268442332803.186,3f4bd874316d51af
large_offset_shuffled,12000,257,1,chan_random,sum,12000000000000000,12000000000000000.0009765625000,0.0009765625000,8.1380208333333333326710595024956597222761182045495068585387273596558018507048562E-20,0.00048828125,434550f7dca70000
large_offset_shuffled,12000,257,1,chan_random,mean,1000000000000,1000000000000.0000000813802083333333333333333333333333333333333333333333333333333,8.13802083333333333333333333333333333333333333333333333333333E-8,8.1380208333333333326710595024956597222761182045495068585387240263224685173715234E-20,0.00066666666666666664,426d1a94a2000000
large_offset_shuffled,12000,257,1,chan_random,population_variance,0.0008497509222573352,0.00084991544732782575819227430555555555555555555555555555555555555555555555555558683,1.6452507049055935559353811312474944214853975507948133680555555555555555558683E-7,0.00019357816240172353019338156538547568928492200546523127485554275840435667088492891,1517475934524.186,3f4bd83a35de1ef6
large_offset_shuffled,12000,257,2,chan_random,sum,12000000000000000,12000000000000000.0009765625000,0.0009765625000,8.1380208333333333326710595024956597222761182045495068585387273596558018507048562E-20,0.00048828125,434550f7dca70000
large_offset_shuffled,12000,257,2,chan_random,mean,999999999999.99988,1000000000000.0000000813802083333333333333333333333333333333333333333333333333333,0.0001221516927083333333333333333333333333333333333333333333333333333,1.2215169270833333332339260313245985243136453425028809794666629763510025244574656E-16,1.0006666666666666,426d1a94a1ffffff
large_offset_shuffled,12000,257,2,chan_random,population_variance,0.00084974365364638813,0.00084991544732782575819227430555555555555555555555555555555555555555555555555558683,1.7179368143763131291132692821419267501268121931287977430555555555555555558683E-7,0.00020213032011332274028728152772279969752443449630339630573032387716262290694045423,1584517037480.186,3f4bd82a99e8128a
large_offset_shuffled,12000,257,3,chan_random,sum,12000000000000000,12000000000000000.0009765625000,0.0009765625000,8.1380208333333333326710595024956597222761182045495068585387273596558018507048562E-20,0.00048828125,434550f7dca70000
large_offset_shuffled,12000,257,3,chan_random,mean,999999999999.99988,1000000000000.0000000813802083333333333333333333333333333333333333333333333333333,0.0001221516927083333333333333333333333333333333333333333333333333333,1.2215169270833333332339260313245985243136453425028809794666629763510025244574656E-16,1.0006666666666666,426d1a94a1ffffff
large_offset_shuffled,12000,257,3,chan_random,population_variance,0.00084979607694870966,0.00084991544732782575819227430555555555555555555555555555555555555555555555555558683,1.1937037911609956228639914696840504701766702863905164930555555555555555558683E-7,0.00014044971119351420521540350033747128683323371918806804366831126918473099153878331,1100997416768.186,3f4bd89b2debf8f2
large_offset_shuffled,12000,257,4,chan_random,sum,12000000000000000,12000000000000000.0009765625000,0.0009765625000,8.1380208333333333326710595024956597222761182045495068585387273596558018507048562E-20,0.00048828125,434550f7dca70000
large_offset_shuffled,12000,257,4,chan_random,mean,1000000000000,1000000000000.0000000813802083333333333333333333333333333333333333333333333333333,8.13802083333333333333333333333333333333333333333333333333333E-8,8.1380208333333333326710595024956597222761182045495068585387240263224685173715234E-20,0.00066666666666666664,426d1a94a2000000
large_offset_shuffled,12000,257,4,chan_random,population_variance,0.00084982080514464393,0.00084991544732782575819227430555555555555555555555555555555555555555555555555558683,9.464218318183084985603967551368340435955259535047743055555555555555555558683E-8,0.00011135482179949821640464145802190911923588429895863655101061882455995072207535959,872920065866.18604,3f4bd8d0486428e8
large_offset_shuffled,12000,257,5,chan_random,sum,12000000000000000,12000000000000000.0009765625000,0.0009765625000,8.1380208333333333326710595024956597222761182045495068585387273596558018507048562E-20,0.00048828125,434550f7dca70000
large_offset_shuffled,12000,257,5,chan_random,mean,1000000000000,1000000000000.0000000813802083333333333333333333333333333333333333333333333333333,8.13802083333333333333333333333333333333333333333333333333333E-8,8.1380208333333333326710595024956597222761182045495068585387240263224685173715234E-20,0.00066666666666666664,426d1a94a2000000
large_offset_shuffled,12000,257,5,chan_random,population_variance,0.00084972737855975504,0.00084991544732782575819227430555555555555555555555555555555555555555555555555558683,1.8806876807071792493150949907329858332458469602796766493055555555555555558683E-7,0.00022127938568714687985462615331294799846455976849788907720211873223664364995795127,1734628216429.186,3f4bd807a69541c5
large_offset_shuffled,12000,257,6,chan_random,sum,12000000000000000,12000000000000000.0009765625000,0.0009765625000,8.1380208333333333326710595024956597222761182045495068585387273596558018507048562E-20,0.00048828125,434550f7dca70000
large_offset_shuffled,12000,257,6,chan_random,mean,1000000000000,1000000000000.0000000813802083333333333333333333333333333333333333333333333333333,8.13802083333333333333333333333333333333333333333333333333333E-8,8.1380208333333333326710595024956597222761182045495068585387240263224685173715234E-20,0.00066666666666666664,426d1a94a2000000
large_offset_shuffled,12000,257,6,chan_random,population_variance,0.0008497483202721365,0.00084991544732782575819227430555555555555555555555555555555555555555555555555558683,1.6712705568925939922684007241413281816575262281629774305555555555555555558683E-7,0.00019663962599422653480098180576607816482173314556136196495506492629351707393699029,1541475012046.186,3f4bd8349f694264
large_offset_shuffled,12000,257,7,chan_random,sum,12000000000000000,12000000000000000.0009765625000,0.0009765625000,8.1380208333333333326710595024956597222761182045495068585387273596558018507048562E-20,0.00048828125,434550f7dca70000
large_offset_shuffled,12000,257,7,chan_random,mean,1000000000000,1000000000000.0000000813802083333333333333333333333333333333333333333333333333333,8.13802083333333333333333333333333333333333333333333333333333E-8,8.1380208333333333326710595024956597222761182045495068585387240263224685173715234E-20,0.00066666666666666664,426d1a94a2000000
large_offset_shuffled,12000,257,7,chan_random,population_variance,0.000849775532349866,0.00084991544732782575819227430555555555555555555555555555555555555555555555555558683,1.3991497795975819554456817981089342437270614835951063368055555555555555558683E-7,0.00016462223201102825410849175060285084633698109896706616260523656834967207320509073,1290487895251.186,3f4bd86f0f68bb5f
large_offset_shuffled,12000,257,8,chan_random,sum,12000000000000000,12000000000000000.0009765625000,0.0009765625000,8.1380208333333333326710595024956597222761182045495068585387273596558018507048562E-20,0.00048828125,434550f7dca70000
large_offset_shuffled,12000,257,8,chan_random,mean,999999999999.99976,1000000000000.0000000813802083333333333333333333333333333333333333333333333333333,0.0002442220052083333333333333333333333333333333333333333333333333333,2.4422200520833333331345849566989474826550630731853070082474720802993728020631941E-16,2.0006666666666666,426d1a94a1fffffe
large_offset_shuffled,12000,257,8,chan_random,population_variance,0.00084973931956214299,0.00084991544732782575819227430555555555555555555555555555555555555555555555555558683,1.7612776568277162567463831363865109677943918440077039930555555555555555558683E-7,0.00020722975001398742168796870948850551298502553645796731263662149606337266795168307,1624491908912.186,3f4bd8214b37f102
large_offset_shuffled,12000,257,9,chan_random,sum,12000000000000000,12000000000000000.0009765625000,0.0009765625000,8.1380208333333333326710595024956597222761182045495068585387273596558018507048562E-20,0.00048828125,434550f7dca70000
large_offset_shuffled,12000,257,9,chan_random,mean,999999999999.99988,1000000000000.0000000813802083333333333333333333333333333333333333333333333333333,0.0001221516927083333333333333333333333333333333333333333333333333333,1.2215169270833333332339260313245985243136453425028809794666629763510025244574656E-16,1.0006666666666666,426d1a94a1ffffff
large_offset_shuffled,12000,257,9,chan_random,population_variance,0.00084977191940698233,0.00084991544732782575819227430555555555555555555555555555555555555555555555555558683,1.4352792084342870130051237096166813797834846708509657118055555555555555558683E-7,0.00016887317590789442890331368338786133936362367990730316979556817972297992552205709,1323811411615.186,3f4bd8674d2c3993
large_offset_shuffled,12000,257,10,chan_random,sum,12000000000000000,12000000000000000.0009765625000,0.0009765625000,8.1380208333333333326710595024956597222761182045495068585387273596558018507048562E-20,0.00048828125,434550f7dca70000
large_offset_shuffled,12000,257,10,chan_random,mean,999999999999.99988,1000000000000.0000000813802083333333333333333333333333333333333333333333333333333,0.0001221516927083333333333333333333333333333333333333333333333333333,1.2215169270833333332339260313245985243136453425028809794666629763510025244574656E-16,1.0006666666666666,426d1a94a1ffffff
large_offset_shuffled,12000,257,10,chan_random,population_variance,0.00084982340399456186,0.00084991544732782575819227430555555555555555555555555555555555555555555555555558683,9.204333326390278960691146734360599010768863889906141493055555555555555558683E-8,0.00010829704713956119921938581484523299090960447058900295547446876869564839698047326,848949906205.18604,3f4bd8d5dd1fc515
large_offset_shuffled,12000,257,11,chan_random,sum,12000000000000000,12000000000000000.0009765625000,0.0009765625000,8.1380208333333333326710595024956597222761182045495068585387273596558018507048562E-20,0.00048828125,434550f7dca70000
large_offset_shuffled,12000,257,11,chan_random,mean,999999999999.99988,1000000000000.0000000813802083333333333333333333333333333333333333333333333333333,0.0001221516927083333333333333333333333333333333333333333333333333333,1.2215169270833333332339260313245985243136453425028809794666629763510025244574656E-16,1.0006666666666666,426d1a94a1ffffff
large_offset_shuffled,12000,257,11,chan_random,population_variance,0.00084983089576456266,0.00084991544732782575819227430555555555555555555555555555555555555555555555555558683,8.455156326309478834499542030142846569004986021253797743055555555555555558683E-8,0.000099482323246305135456664460357570300431013345395716297005146067298120866909376061,779850524273.18604,3f4bd8e5f3c4a9c1
large_offset_shuffled,12000,257,12,chan_random,sum,12000000000000000,12000000000000000.0009765625000,0.0009765625000,8.1380208333333333326710595024956597222761182045495068585387273596558018507048562E-20,0.00048828125,434550f7dca70000
large_offset_shuffled,12000,257,12,chan_random,mean,1000000000000,1000000000000.0000000813802083333333333333333333333333333333333333333333333333333,8.13802083333333333333333333333333333333333333333333333333333E-8,8.1380208333333333326710595024956597222761182045495068585387240263224685173715234E-20,0.00066666666666666664,426d1a94a2000000
large_offset_shuffled,12000,257,12,chan_random,population_variance,0.0008498099179685603,0.00084991544732782575819227430555555555555555555555555555555555555555555555555558683,1.0552935926545358200387722844324242841038439008924696180555555555555555558683E-7,0.00012416453848114287542264512600442996593659447389490209012446117821159096340769169,973336541316.18604,3f4bd8b8e71a57ae
large_offset_shuffled,12000,257,13,chan_random,sum,12000000000000000,12000000000000000.0009765625000,0.0009765625000,8.1380208333333333326710595024956597222761182045495068585387273596558018507048562E-20,0.00048828125,434550f7dca70000
large_offset_shuffled,12000,257,13,chan_random,mean,999999999999.99988,1000000000000.0000000813802083333333333333333333333333333333333333333333333333333,0.0001221516927083333333333333333333333333333333333333333333333333333,1.2215169270833333332339260313245985243136453425028809794666629763510025244574656E-16,1.0006666666666666,426d1a94a1ffffff
large_offset_shuffled,12000,257,13,chan_random,population_variance,0.00084977870264871193,0.00084991544732782575819227430555555555555555555555555555555555555555555555555558683,1.3674467911383076826645519316924845851543876859876844618055555555555555558683E-7,0.00016089209761248896842263838804148830842299658033847101644961084890519758247699725,1261247049527.186,3f4bd875de4ca0fb
large_offset_shuffled,12000,257,14,chan_random,sum,12000000000000000,12000000000000000.0009765625000,0.0009765625000,8.1380208333333333326710595024956597222761182045495068585387273596558018507048562E-20,0.00048828125,434550f7dca70000
large_offset_shuffled,12000,257,14,chan_random,mean,1000000000000,1000000000000.0000000813802083333333333333333333333333333333333333333333333333333,8.13802083333333333333333333333333333333333333333333333333333E-8,8.1380208333333333326710595024956597222761182045495068585387240263224685173715234E-20,0.00066666666666666664,426d1a94a2000000
large_offset_shuffled,12000,257,14,chan_random,population_variance,0.00084980777466193036,0.00084991544732782575819227430555555555555555555555555555555555555555555555555558683,1.0767266589539422786156761288920178129855129453870985243055555555555555558683E-7,0.00012668632654450765242947790021161727885932116885360630806699185040025031730964515,993105055753.18604,3f4bd8b44ccec029
large_offset_shuffled,12000,257,15,chan_random,sum,12000000000000000,12000000000000000.0009765625000,0.0009765625000,8.1380208333333333326710595024956597222761182045495068585387273596558018507048562E-20,0.00048828125,434550f7dca70000
large_offset_shuffled,12000,257,15,chan_random,mean,999999999999.99988,1000000000000.0000000813802083333333333333333333333333333333333333333333333333333,0.0001221516927083333333333333333333333333333333333333333333333333333,1.2215169270833333332339260313245985243136453425028809794666629763510025244574656E-16,1.0006666666666666,426d1a94a1ffffff
large_offset_shuffled,12000,257,15,chan_random,population_variance,0.00084978734922844235,0.00084991544732782575819227430555555555555555555555555555555555555555555555555558683,1.2809809938340980698143509483897004328254196378919813368055555555555555558683E-7,0.00015071863887890998046214924089440605880803033146398978588363010695206448761301573,1181496427827.186,3f4bd8886fce8aff
large_offset_shuffled,12000,257,16,chan_random,sum,12000000000000000,12000000000000000.0009765625000,0.0009765625000,8.1380208333333333326710595024956597222761182045495068585387273596558018507048562E-20,0.00048828125,434550f7dca70000
large_offset_shuffled,12000,257,16,chan_random,mean,999999999999.99988,1000000000000.0000000813802083333333333333333333333333333333333333333333333333333,0.0001221516927083333333333333333333333333333333333333333333333333333,1.2215169270833333332339260313245985243136453425028809794666629763510025244574656E-16,1.0006666666666666,426d1a94a1ffffff
large_offset_shuffled,12000,257,16,chan_random,population_variance,0.00084977857681391904,0.00084991544732782575819227430555555555555555555555555555555555555555555555555558683,1.3687051390672022202796595833105028658691379759046766493055555555555555558683E-7,0.00016104015327294917571001781106741313245241752214890002099859550587326067784643146,1262407670637.186,3f4bd875991ef4c5
large_offset_shuffled,12000,257,17,chan_random,sum,12000000000000000,12000000000000000.0009765625000,0.0009765625000,8.1380208333333333326710595024956597222761182045495068585387273596558018507048562E-20,0.00048828125,434550f7dca70000
large_offset_shuffled,12000,257,17,chan_random,mean,999999999999.99988,1000000000000.0000000813802083333333333333333333333333333333333333333333333333333,0.0001221516927083333333333333333333333333333333333333333333333333333,1.2215169270833333332339260313245985243136453425028809794666629763510025244574656E-16,1.0006666666666666,426d1a94a1ffffff
large_offset_shuffled,12000,257,17,chan_random,population_variance,0.00084972411127770791,0.00084991544732782575819227430555555555555555555555555555555555555555555555555558683,1.9133605011784613928213813791343353740457031461927625868055555555555555558683E-7,0.00022512362932032321894392709439298992519065170588279822322955104636349124770485062,1764763574299.186,3f4bd800a2603017
large_offset_shuffled,12000,257,18,chan_random,sum,12000000000000000,12000000000000000.0009765625000,0.0009765625000,8.1380208333333333326710595024956597222761182045495068585387273596558018507048562E-20,0.00048828125,434550f7dca70000
large_offset_shuffled,12000,257,18,chan_random,mean,1000000000000,1000000000000.0000000813802083333333333333333333333333333333333333333333333333333,8.13802083333333333333333333333333333333333333333333333333333E-8,8.1380208333333333326710595024956597222761182045495068585387240263224685173715234E-20,0.00066666666666666664,426d1a94a2000000
large_offset_shuffled,12000,257,18,chan_random,population_variance,0.0008497656757950969,0.00084991544732782575819227430555555555555555555555555555555555555555555555555558683,1.4977153272885336851880408756995974625978204939100477430555555555555555558683E-7,0.00017621933240505526694466635795629508584912858022319766158643589478159270148700161,1381398566888.186,3f4bd859e4b5f84a
large_offset_shuffled,12000,257,19,chan_random,sum,12000000000000000,12000000000000000.0009765625000,0.0009765625000,8.1380208333333333326710595024956597222761182045495068585387273596558018507048562E-20,0.00048828125,434550f7dca70000
large_offset_shuffled,12000,257,19,chan_random,mean,999999999999.99988,1000000000000.0000000813802083333333333333333333333333333333333333333333333333333,0.0001221516927083333333333333333333333333333333333333333333333333333,1.2215169270833333332339260313245985243136453425028809794666629763510025244574656E-16,1.0006666666666666,426d1a94a1ffffff
large_offset_shuffled,12000,257,19,chan_random,population_variance,0.00084980482703193297,0.00084991544732782575819227430555555555555555555555555555555555555555555555555558683,1.1062029589279276684285788532078085053298208448621961805555555555555555558683E-7,0.00013015447153077190575072322972430451033953297439207376950713712114766732869854560,1020292143846.186,3f4bd8adf854b54c
large_offset_shuffled,12000,257,20,chan_random,sum,12000000000000000,12000000000000000.0009765625000,0.0009765625000,8.1380208333333333326710595024956597222761182045495068585387273596558018507048562E-20,0.00048828125,434550f7dca70000
large_offset_shuffled,12000,257,20,chan_random,mean,1000000000000,1000000000000.0000000813802083333333333333333333333333333333333333333333333333333,8.13802083333333333333333333333333333333333333333333333333333E-8,8.1380208333333333326710595024956597222761182045495068585387240263224685173715234E-20,0.00066666666666666664,426d1a94a2000000
large_offset_shuffled,12000,257,20,chan_random,population_variance,0.00084970464079628741,0.00084991544732782575819227430555555555555555555555555555555555555555555555555558683,2.1080653153835262783897006342057365044537517759535047743055555555555555558683E-7,0.00024803235686695459294651920788586174739604222777169560419845337465225460545087580,1944347068177.186,3f4bd7d6d25d8921
large_offset_shuffled,12000,257,21,chan_random,sum,12000000000000000,12000000000000000.0009765625000,0.0009765625000,8.1380208333333333326710595024956597222761182045495068585387273596558018507048562E-20,0.00048828125,434550f7dca70000
large_offset_shuffled,12000,257,21,chan_random,mean,999999999999.99988,1000000000000.0000000813802083333333333333333333333333333333333333333333333333333,0.0001221516927083333333333333333333333333333333333333333333333333333,1.2215169270833333332339260313245985243136453425028809794666629763510025244574656E-16,1.0006666666666666,426d1a94a1ffffff
large_offset_shuffled,12000,257,21,chan_random,population_variance,0.00084983561211185064,0.00084991544732782575819227430555555555555555555555555555555555555555555555555558683,7.983521597512027337703896831852843105379078123304578993055555555555555558683E-8,0.000093933127378877459883002908885633190623655468541671354788347303902603866615752171,736349898581.18604,3f4bd8f0149b88dd
large_offset_shuffled,12000,257,22,chan_random,sum,12000000000000000,12000000000000000.0009765625000,0.0009765625000,8.1380208333333333326710595024956597222761182045495068585387273596558018507048562E-20,0.00048828125,434550f7dca70000
large_offset_shuffled,12000,257,22,chan_random,mean,1000000000000,1000000000000.0000000813802083333333333333333333333333333333333333333333333333333,8.13802083333333333333333333333333333333333333333333333333333E-8,8.1380208333333333326710595024956597222761182045495068585387240263224685173715234E-20,0.00066666666666666664,426d1a94a2000000
large_offset_shuffled,12000,257,22,chan_random,population_variance,0.00084979547368590818,0.00084991544732782575819227430555555555555555555555555555555555555555555555555558683,1.1997364191757465021501458421779615390631887647840711805555555555555555558683E-7,0.00014115950274204032580968114888301015152699658376007123715929474614154008826951260,1106561534022.186,3f4bd899e24647ec
large_offset_shuffled,12000,257,23,chan_random,sum,12000000000000000,12000000000000000.0009765625000,0.0009765625000,8.1380208333333333326710595024956597222761182045495068585387273596558018507048562E-20,0.00048828125,434550f7dca70000
large_offset_shuffled,12000,257,23,chan_random,mean,999999999999.99988,1000000000000.0000000813802083333333333333333333333333333333333333333333333333333,0.0001221516927083333333333333333333333333333333333333333333333333333,1.2215169270833333332339260313245985243136453425028809794666629763510025244574656E-16,1.0006666666666666,426d1a94a1ffffff
large_offset_shuffled,12000,257,23,chan_random,population_variance,0.00084978670552261998,0.00084991544732782575819227430555555555555555555555555555555555555555555555555558683,1.2874180520577893252795773390870534866634342405531141493055555555555555558683E-7,0.00015147601518545078637903950657834709207011580905382306898747521202319786972880784,1187433566109.186,3f4bd8870ded0095
large_offset_shuffled,12000,257,24,chan_random,sum,12000000000000000,12000000000000000.0009765625000,0.0009765625000,8.1380208333333333326710595024956597222761182045495068585387273596558018507048562E-20,0.00048828125,434550f7dca70000
large_offset_shuffled,12000,257,24,chan_random,mean,1000000000000,1000000000000.0000000813802083333333333333333333333333333333333333333333333333333,8.13802083333333333333333333333333333333333333333333333333333E-8,8.1380208333333333326710595024956597222761182045495068585387240263224685173715234E-20,0.00066666666666666664,426d1a94a2000000
large_offset_shuffled,12000,257,24,chan_random,population_variance,0.00084978426779874045,0.00084991544732782575819227430555555555555555555555555555555555555555555555555558683,1.3117952908530566450171248346931760251108143064710828993055555555555555558683E-7,0.00015434421094208875642077124975114213434336120930751648217964340693067890804996895,1209917600373.186,3f4bd881d1c5ddbd
large_offset_shuffled,12000,257,25,chan_random,sum,12000000000000000,12000000000000000.0009765625000,0.0009765625000,8.1380208333333333326710595024956597222761182045495068585387273596558018507048562E-20,0.00048828125,434550f7dca70000
large_offset_shuffled,12000,257,25,chan_random,mean,1000000000000,1000000000000.0000000813802083333333333333333333333333333333333333333333333333333,8.13802083333333333333333333333333333333333333333333333333333E-8,8.1380208333333333326710595024956597222761182045495068585387240263224685173715234E-20,0.00066666666666666664,426d1a94a2000000
large_offset_shuffled,12000,257,25,chan_random,population_variance,0.00084972780092110233,0.00084991544732782575819227430555555555555555555555555555555555555555555555555558683,1.8764640672343257557816740030729205399337742063734266493055555555555555558683E-7,0.00022078244055147100369013612017767876607764905779610863247423875604991583214435732,1730732620589.186,3f4bd8088ec75505
large_offset_shuffled,12000,257,26,chan_random,sum,12000000000000000,12000000000000000.0009765625000,0.0009765625000,8.1380208333333333326710595024956597222761182045495068585387273596558018507048562E-20,0.00048828125,434550f7dca70000
large_offset_shuffled,12000,257,26,chan_random,mean,999999999999.99988,1000000000000.0000000813802083333333333333333333333333333333333333333333333333333,0.0001221516927083333333333333333333333333333333333333333333333333333,1.2215169270833333332339260313245985243136453425028809794666629763510025244574656E-16,1.0006666666666666,426d1a94a1ffffff
large_offset_shuffled,12000,257,26,chan_random,population_variance,0.0008497195618284622,0.00084991544732782575819227430555555555555555555555555555555555555555555555555558683,1.9588549936355921124750720549753977037552330229017469618055555555555555558683E-7,0.00023047645501612243627851049666661628219062012772253726007101033521474541694543500,1806724837255.186,3f4bd7f6dd4a20ab
large_offset_shuffled,12000,257,27,chan_random,sum,12000000000000000,12000000000000000.0009765625000,0.0009765625000,8.1380208333333333326710595024956597222761182045495068585387273596558018507048562E-20,0.00048828125,434550f7dca70000
large_offset_shuffled,12000,257,27,chan_random,mean,1000000000000,1000000000000.0000000813802083333333333333333333333333333333333333333333333333333,8.13802083333333333333333333333333333333333333333333333333333E-8,8.1380208333333333326710595024956597222761182045495068585387240263224685173715234E-20,0.00066666666666666664,426d1a94a2000000
large_offset_shuffled,12000,257,27,chan_random,population_variance,0.00084980136020078713,0.00084991544732782575819227430555555555555555555555555555555555555555555555555558683,1.1408712703862866236523585270232514530006382200453016493055555555555555558683E-7,0.00013423350216462586865221792246589179139502630418497139674099012555794576852816412,1052268017293.186,3f4bd8a6866b99a5
large_offset_shuffled,12000,257,28,chan_random,sum,12000000000000000,12000000000000000.0009765625000,0.0009765625000,8.1380208333333333326710595024956597222761182045495068585387273596558018507048562E-20,0.00048828125,434550f7dca70000
large_offset_shuffled,12000,257,28,chan_random,mean,999999999999.99988,1000000000000.0000000813802083333333333333333333333333333333333333333333333333333,0.0001221516927083333333333333333333333333333333333333333333333333333,1.2215169270833333332339260313245985243136453425028809794666629763510025244574656E-16,1.0006666666666666,426d1a94a1ffffff
large_offset_shuffled,12000,257,28,chan_random,population_variance,0.00084972014231618801,0.00084991544732782575819227430555555555555555555555555555555555555555555555555558683,1.9530501163774632470168965723031659662309620115492078993055555555555555558683E-7,0.00022979346033984261653048227967723544240680651883987818056125312235780575144565849,1801370782997.186,3f4bd7f81c6a831d
large_offset_shuffled,12000,257,29,chan_random,sum,12000000000000000,12000000000000000.0009765625000,0.0009765625000,8.1380208333333333326710595024956597222761182045495068585387273596558018507048562E-20,0.00048828125,434550f7dca70000
large_offset_shuffled,12000,257,29,chan_random,mean,1000000000000,1000000000000.0000000813802083333333333333333333333333333333333333333333333333333,8.13802083333333333333333333333333333333333333333333333333333E-8,8.1380208333333333326710595024956597222761182045495068585387240263224685173715234E-20,0.00066666666666666664,426d1a94a2000000
large_offset_shuffled,12000,257,29,chan_random,population_variance,0.00084976395921445224,0.00084991544732782575819227430555555555555555555555555555555555555555555555555558683,1.5148811337351735964748853133541059732023212644788953993055555555555555558683E-7,0.00017823903995368378242360510108495734593462662270172222827722195104724278543970524,1397231228805.186,3f4bd8563502b8ad
large_offset_shuffled,12000,257,30,chan_random,sum,12000000000000000,12000000000000000.0009765625000,0.0009765625000,8.1380208333333333326710595024956597222761182045495068585387273596558018507048562E-20,0.00048828125,434550f7dca70000
large_offset_shuffled,12000,257,30,chan_random,mean,1000000000000,1000000000000.0000000813802083333333333333333333333333333333333333333333333333333,8.13802083333333333333333333333333333333333333333333333333333E-8,8.1380208333333333326710595024956597222761182045495068585387240263224685173715234E-20,0.00066666666666666664,426d1a94a2000000
large_offset_shuffled,12000,257,30,chan_random,population_variance,0.00084974953435835304,0.00084991544732782575819227430555555555555555555555555555555555555555555555555558683,1.6591296947271569648149933426692667934629652235243055555555555555555555558683E-7,0.00019521114717276159136804713335686000732808267230307699702067285466718541393286156,1530277043186.186,3f4bd8373adcb440
large_offset_shuffled,12000,257,31,chan_random,sum,12000000000000000,12000000000000000.0009765625000,0.0009765625000,8.1380208333333333326710595024956597222761182045495068585387273596558018507048562E-20,0.00048828125,434550f7dca70000
large_offset_shuffled,12000,257,31,chan_random,mean,1000000000000,1000000000000.0000000813802083333333333333333333333333333333333333333333333333333,8.13802083333333333333333333333333333333333333333333333333333E-8,8.1380208333333333326710595024956597222761182045495068585387240263224685173715234E-20,0.00066666666666666664,426d1a94a2000000
large_offset_shuffled,12000,257,31,chan_random,population_variance,0.00084979187186249834,0.00084991544732782575819227430555555555555555555555555555555555555555555555555558683,1.2357546532741387232709781882375763315293524000379774305555555555555555558683E-7,0.00014539736360356899286312185959907995712436636811498917503128911170229117122634730,1139782491342.186,3f4bd8922626b364
large_offset_shuffled,12000,1024,,naive,sum,12000000000000000,12000000000000000.0009765625000,0.0009765625000,8.1380208333333333326710595024956597222761182045495068585387273596558018507048562E-20,0.00048828125,434550f7dca70000
large_offset_shuffled,12000,1024,,naive,mean,1000000000000,1000000000000.0000000813802083333333333333333333333333333333333333333333333333333,8.13802083333333333333333333333333333333333333333333333333333E-8,8.1380208333333333326710595024956597222761182045495068585387240263224685173715234E-20,0.00066666666666666664,426d1a94a2000000
large_offset_shuffled,12000,1024,,naive,population_variance,-83231768576,0.00084991544732782575819227430555555555555555555555555555555555555555555555555558683,83231768576.000849915447327825758192274305555555555555555555555555555555555555556,97929469146237.375590627577629275649050268407367131560146214972059320551266233032,7.6767756686185432e+29,c233610000000000
large_offset_shuffled,12000,1024,,welford,sum,12000000000000000,12000000000000000.0009765625000,0.0009765625000,8.1380208333333333326710595024956597222761182045495068585387273596558018507048562E-20,0.00048828125,434550f7dca70000
large_offset_shuffled,12000,1024,,welford,mean,999999999999.9989,1000000000000.0000000813802083333333333333333333333333333333333333333333333333333,0.0010987141927083333333333333333333333333333333333333333333333333333,1.0987141927083333332439197434319390191044987187962289209713135807937964745303293E-15,9.0006666666666675,426d1a94a1fffff7
large_offset_shuffled,12000,1024,,welford,population_variance,0.00085114400461316106,0.00084991544732782575819227430555555555555555555555555555555555555555555555555558683,0.00000122855728533529935355941533872383944172826078202989366319444444444444444441317,0.0014455053019661442651381904776171754299855012992995330003321022610119043437821995,11331440911235.814,3f4be3e9d4fdf3b6
large_offset_shuffled,12000,1024,,chan_left,sum,12000000000000000,12000000000000000.0009765625000,0.0009765625000,8.1380208333333333326710595024956597222761182045495068585387273596558018507048562E-20,0.00048828125,434550f7dca70000
large_offset_shuffled,12000,1024,,chan_left,mean,1000000000000.0001,1000000000000.0000000813802083333333333333333333333333333333333333333333333333333,0.0001219889322916666666666666666666666666666666666666666666666666667,1.2198893229166666665673918194240993923691901188619710780949552315457380307539913E-16,0.9993333333333333,426d1a94a2000001
large_offset_shuffled,12000,1024,,chan_left,population_variance,0.00085017319452735361,0.00084991544732782575819227430555555555555555555555555555555555555555555555555558683,2.5774719952785149875953665501684655383643176820543077256944444444444444441317E-7,0.00030326216606395477036033830735227506098394872050579361043081567252299605297483270,2377298312702.814,3f4bdbc50880ce31
large_offset_shuffled,12000,1024,,chan_balanced,sum,12000000000000000,12000000000000000.0009765625000,0.0009765625000,8.1380208333333333326710595024956597222761182045495068585387273596558018507048562E-20,0.00048828125,434550f7dca70000
large_offset_shuffled,12000,1024,,chan_balanced,mean,1000000000000.0001,1000000000000.0000000813802083333333333333333333333333333333333333333333333333333,0.0001219889322916666666666666666666666666666666666666666666666666667,1.2198893229166666665673918194240993923691901188619710780949552315457380307539913E-16,0.9993333333333333,426d1a94a2000001
large_offset_shuffled,12000,1024,,chan_balanced,population_variance,0.00085016429646292565,0.00084991544732782575819227430555555555555555555555555555555555555555555555555558683,2.4884913509988916238382630455008539785113599565294053819444444444444444441317E-7,0.00029279281354666817379263446567961528877660190657644420694040751584375117010854148,2295228154075.814,3f4bdbb1ecbd910e
large_offset_shuffled,12000,1024,0,chan_random,sum,12000000000000000,12000000000000000.0009765625000,0.0009765625000,8.1380208333333333326710595024956597222761182045495068585387273596558018507048562E-20,0.00048828125,434550f7dca70000
large_offset_shuffled,12000,1024,0,chan_random,mean,1000000000000.0001,1000000000000.0000000813802083333333333333333333333333333333333333333333333333333,0.0001219889322916666666666666666666666666666666666666666666666666667,1.2198893229166666665673918194240993923691901188619710780949552315457380307539913E-16,0.9993333333333333,426d1a94a2000001
large_offset_shuffled,12000,1024,0,chan_random,population_variance,0.00085013780327191182,0.00084991544732782575819227430555555555555555555555555555555555555555555555555558683,2.2235594408606044716483454395630461577739980485704210069444444444444444441317E-7,0.00026162125277891820880550842728476210804147019307623680382192954108466662614403047,2050871596911.814,3f4bdb7907f467a2
large_offset_shuffled,12000,1024,1,chan_random,sum,12000000000000000,12000000000000000.0009765625000,0.0009765625000,8.1380208333333333326710595024956597222761182045495068585387273596558018507048562E-20,0.00048828125,434550f7dca70000
large_offset_shuffled,12000,1024,1,chan_random,mean,1000000000000.0001,1000000000000.0000000813802083333333333333333333333333333333333333333333333333333,0.0001219889322916666666666666666666666666666666666666666666666666667,1.2198893229166666665673918194240993923691901188619710780949552315457380307539913E-16,0.9993333333333333,426d1a94a2000001
large_offset_shuffled,12000,1024,1,chan_random,population_variance,0.00085018633830300611,0.00084991544732782575819227430555555555555555555555555555555555555555555555555558683,2.7089097518035571251740181411251897871908214357164171006944444444444444441317E-7,0.00031872696987923882498915703440799107432582554277388923585800812386239714435534167,2498528245514.814,3f4bdbe1425ec73d
large_offset_shuffled,12000,1024,2,chan_random,sum,12000000000000000,12000000000000000.0009765625000,0.0009765625000,8.1380208333333333326710595024956597222761182045495068585387273596558018507048562E-20,0.00048828125,434550f7dca70000
large_offset_shuffled,12000,1024,2,chan_random,mean,1000000000000.0002,1000000000000.0000000813802083333333333333333333333333333333333333333333333333333,0.0002440592447916666666666666666666666666666666666666666666666666667,2.4405924479166666664680507447984483507106078495443971068757643354941083083597198E-16,1.9993333333333334,426d1a94a2000002
large_offset_shuffled,12000,1024,2,chan_random,population_variance,0.0008502092671140313,0.00084991544732782575819227430555555555555555555555555555555555555555555555555558683,2.9381978620553867273226502889984759450372722413804796006944444444444444441317E-7,0.00034570472525157877153633418013311926335073997572659932602844197450453931822394913,2710009199962.814,3f4bdc127f9e0d8d
large_offset_shuffled,12000,1024,3,chan_random,sum,12000000000000000,12000000000000000.0009765625000,0.0009765625000,8.1380208333333333326710595024956597222761182045495068585387273596558018507048562E-20,0.00048828125,434550f7dca70000
large_offset_shuffled,12000,1024,3,chan_random,mean,1000000000000.0002,1000000000000.0000000813802083333333333333333333333333333333333333333333333333333,0.0002440592447916666666666666666666666666666666666666666666666666667,2.4405924479166666664680507447984483507106078495443971068757643354941083083597198E-16,1.9993333333333334,426d1a94a2000002
large_offset_shuffled,12000,1024,3,chan_random,population_variance,0.00085014453891713276,0.00084991544732782575819227430555555555555555555555555555555555555555555555555558683,2.2909158930700125985893380844673730381247070100572374131944444444444444441317E-7,0.00026954632961111133915680738901105832794784273692101576568431247702756220440971119,2112996958692.814,3f4bdb877eea3217
large_offset_shuffled,12000,1024,4,chan_random,sum,12000000000000000,12000000000000000.0009765625000,0.0009765625000,8.1380208333333333326710595024956597222761182045495068585387273596558018507048562E-20,0.00048828125,434550f7dca70000
large_offset_shuffled,12000,1024,4,chan_random,mean,1000000000000.0002,1000000000000.0000000813802083333333333333333333333333333333333333333333333333333,0.0002440592447916666666666666666666666666666666666666666666666666667,2.4405924479166666664680507447984483507106078495443971068757643354941083083597198E-16,1.9993333333333334,426d1a94a2000002
large_offset_shuffled,12000,1024,4,chan_random,population_variance,0.00085016834974439447,0.00084991544732782575819227430555555555555555555555555555555555555555555555555558683,2.5290241656870742323029135592251906119700935151841905381944444444444444441317E-7,0.00029756185437486110628455656095436982086820259347526205989329231502348694960099052,2332613077032.814,3f4bdbbaa10e385b
large_offset_shuffled,12000,1024,5,chan_random,sum,12000000000000000,12000000000000000.0009765625000,0.0009765625000,8.1380208333333333326710595024956597222761182045495068585387273596558018507048562E-20,0.00048828125,434550f7dca70000
large_offset_shuffled,12000,1024,5,chan_random,mean,1000000000000.0001,1000000000000.0000000813802083333333333333333333333333333333333333333333333333333,0.0001219889322916666666666666666666666666666666666666666666666666667,1.2198893229166666665673918194240993923691901188619710780949552315457380307539913E-16,0.9993333333333333,426d1a94a2000001
large_offset_shuffled,12000,1024,5,chan_random,population_variance,0.00085013397308889645,0.00084991544732782575819227430555555555555555555555555555555555555555555555555558683,2.1852576107069042157496044056743913744058873918321397569444444444444444441317E-7,0.00025711470683083325330567641727646001955658500825089994952709075715339991888991655,2015544393991.814,3f4bdb70ce4a113a
large_offset_shuffled,12000,1024,6,chan_random,sum,12000000000000000,12000000000000000.0009765625000,0.0009765625000,8.1380208333333333326710595024956597222761182045495068585387273596558018507048562E-20,0.00048828125,434550f7dca70000
large_offset_shuffled,12000,1024,6,chan_random,mean,1000000000000.0002,1000000000000.0000000813802083333333333333333333333333333333333333333333333333333,0.0002440592447916666666666666666666666666666666666666666666666666667,2.4405924479166666664680507447984483507106078495443971068757643354941083083597198E-16,1.9993333333333334,426d1a94a2000002
large_offset_shuffled,12000,1024,6,chan_random,population_variance,0.00085015408712631549,0.00084991544732782575819227430555555555555555555555555555555555555555555555555558683,2.3863979848972780403417972807902616396960284974839952256944444444444444441317E-7,0.00028078063440313102072054177189779973872917266105765776154372217219724545062034615,2201063644270.814,3f4bdb9c00192ca1
large_offset_shuffled,12000,1024,7,chan_random,sum,12000000000000000,12000000000000000.0009765625000,0.0009765625000,8.1380208333333333326710595024956597222761182045495068585387273596558018507048562E-20,0.00048828125,434550f7dca70000
large_offset_shuffled,12000,1024,7,chan_random,mean,1000000000000.0002,1000000000000.0000000813802083333333333333333333333333333333333333333333333333333,0.0002440592447916666666666666666666666666666666666666666666666666667,2.4405924479166666664680507447984483507106078495443971068757643354941083083597198E-16,1.9993333333333334,426d1a94a2000002
large_offset_shuffled,12000,1024,7,chan_random,population_variance,0.0008501772599972526,0.00084991544732782575819227430555555555555555555555555555555555555555555555555558683,2.6181266942683941969763042026089452621009614732530381944444444444444444441317E-7,0.00030804554764828760016886265226331496609596127977678123985463136407164590938780207,2414795654085.814,3f4bdbcdc384d3f8
large_offset_shuffled,12000,1024,8,chan_random,sum,12000000000000000,12000000000000000.0009765625000,0.0009765625000,8.1380208333333333326710595024956597222761182045495068585387273596558018507048562E-20,0.00048828125,434550f7dca70000
large_offset_shuffled,12000,1024,8,chan_random,mean,1000000000000.0001,1000000000000.0000000813802083333333333333333333333333333333333333333333333333333,0.0001219889322916666666666666666666666666666666666666666666666666667,1.2198893229166666665673918194240993923691901188619710780949552315457380307539913E-16,0.9993333333333333,426d1a94a2000001
large_offset_shuffled,12000,1024,8,chan_random,population_variance,0.00085018524571893017,0.00084991544732782575819227430555555555555555555555555555555555555555555555555558683,2.6979839110440896995626560952688224561926391389634874131944444444444444441317E-7,0.00031744144897315119190319665320396438274860869387909150904418866144901494392958931,2488450936100.814,3f4bdbdee9b73d57
large_offset_shuffled,12000,1024,9,chan_random,sum,12000000000000000,12000000000000000.0009765625000,0.0009765625000,8.1380208333333333326710595024956597222761182045495068585387273596558018507048562E-20,0.00048828125,434550f7dca70000
large_offset_shuffled,12000,1024,9,chan_random,mean,1000000000000.0001,1000000000000.0000000813802083333333333333333333333333333333333333333333333333333,0.0001219889322916666666666666666666666666666666666666666666666666667,1.2198893229166666665673918194240993923691901188619710780949552315457380307539913E-16,0.9993333333333333,426d1a94a2000001
large_offset_shuffled,12000,1024,9,chan_random,population_variance,0.00085017712807263261,0.00084991544732782575819227430555555555555555555555555555555555555555555555555558683,2.6168074480684816837363884347824851930555370118882921006944444444444444441317E-7,0.00030789032677260399122895674074307643125838596856967112732941858127687526664706074,2413578864234.814,3f4bdbcd7afe169d
large_offset_shuffled,12000,1024,10,chan_random,sum,12000000000000000,12000000000000000.0009765625000,0.0009765625000,8.1380208333333333326710595024956597222761182045495068585387273596558018507048562E-20,0.00048828125,434550f7dca70000
large_offset_shuffled,12000,1024,10,chan_random,mean,1000000000000.0002,1000000000000.0000000813802083333333333333333333333333333333333333333333333333333,0.0002440592447916666666666666666666666666666666666666666666666666667,2.4405924479166666664680507447984483507106078495443971068757643354941083083597198E-16,1.9993333333333334,426d1a94a2000002
large_offset_shuffled,12000,1024,10,chan_random,population_variance,0.00085014176319328375,0.00084991544732782575819227430555555555555555555555555555555555555555555555555558683,2.2631586545799014767135462180805107992556360032823350694444444444444444441317E-7,0.00026628044727218207407468570573964818630440874996080411871402504431893989972249086,2087395424961.814,3f4bdb8188f1caf4
large_offset_shuffled,12000,1024,11,chan_random,sum,12000000000000000,12000000000000000.0009765625000,0.0009765625000,8.1380208333333333326710595024956597222761182045495068585387273596558018507048562E-20,0.00048828125,434550f7dca70000
large_offset_shuffled,12000,1024,11,chan_random,mean,1000000000000.0002,1000000000000.0000000813802083333333333333333333333333333333333333333333333333333,0.0002440592447916666666666666666666666666666666666666666666666666667,2.4405924479166666664680507447984483507106078495443971068757643354941083083597198E-16,1.9993333333333334,426d1a94a2000002
large_offset_shuffled,12000,1024,11,chan_random,population_variance,0.000850121186573005,0.00084991544732782575819227430555555555555555555555555555555555555555555555555558683,2.0573924517924032897811217581976153370406892564561631944444444444444444441317E-7,0.00024207025043031541182825485281588652142848942857688833900856207497161803363954412,1897609600869.814,3f4bdb5558d3ef98
large_offset_shuffled,12000,1024,12,chan_random,sum,12000000000000000,12000000000000000.0009765625000,0.0009765625000,8.1380208333333333326710595024956597222761182045495068585387273596558018507048562E-20,0.00048828125,434550f7dca70000
large_offset_shuffled,12000,1024,12,chan_random,mean,1000000000000.0001,1000000000000.0000000813802083333333333333333333333333333333333333333333333333333,0.0001219889322916666666666666666666666666666666666666666666666666667,1.2198893229166666665673918194240993923691901188619710780949552315457380307539913E-16,0.9993333333333333,426d1a94a2000001
large_offset_shuffled,12000,1024,12,chan_random,population_variance,0.00085016990635094429,0.00084991544732782575819227430555555555555555555555555555555555555555555555555558683,2.5445902311852798935134758709055960126635101106431749131944444444444444441317E-7,0.00029939333838272872477668170038186389159616667804748377655541866605227581596045589,2346970238356.814,3f4bdbbdf8cf1dc7
large_offset_shuffled,12000,1024,13,chan_random,sum,12000000000000000,12000000000000000.0009765625000,0.0009765625000,8.1380208333333333326710595024956597222761182045495068585387273596558018507048562E-20,0.00048828125,434550f7dca70000
large_offset_shuffled,12000,1024,13,chan_random,mean,1000000000000.0001,1000000000000.0000000813802083333333333333333333333333333333333333333333333333333,0.0001219889322916666666666666666666666666666666666666666666666666667,1.2198893229166666665673918194240993923691901188619710780949552315457380307539913E-16,0.9993333333333333,426d1a94a2000001
large_offset_shuffled,12000,1024,13,chan_random,population_variance,0.0008501569979508871,0.00084991544732782575819227430555555555555555555555555555555555555555555555555558683,2.4155062306134024826789443965127348848101165559556749131944444444444444441317E-7,0.00028420547458077953145032701972126730013710844958639370208971497003825714109139797,2227911262228.814,3f4bdba240575047
large_offset_shuffled,12000,1024,14,chan_random,sum,12000000000000000,12000000000000000.0009765625000,0.0009765625000,8.1380208333333333326710595024956597222761182045495068585387273596558018507048562E-20,0.00048828125,434550f7dca70000
large_offset_shuffled,12000,1024,14,chan_random,mean,1000000000000.0001,1000000000000.0000000813802083333333333333333333333333333333333333333333333333333,0.0001219889322916666666666666666666666666666666666666666666666666667,1.2198893229166666665673918194240993923691901188619710780949552315457380307539913E-16,0.9993333333333333,426d1a94a2000001
large_offset_shuffled,12000,1024,14,chan_random,population_variance,0.0008501130814559494,0.00084991544732782575819227430555555555555555555555555555555555555555555555555558683,1.9763412812364637396702862462108088139858510759141710069444444444444444441317E-7,0.00023253386998085208555477878709444198819990126784863858856348269348984711235719653,1822853090863.814,3f4bdb43f0fe1e62
large_offset_shuffled,12000,1024,15,chan_random,sum,12000000000000000,12000000000000000.0009765625000,0.0009765625000,8.1380208333333333326710595024956597222761182045495068585387273596558018507048562E-20,0.00048828125,434550f7dca70000
large_offset_shuffled,12000,1024,15,chan_random,mean,1000000000000.0001,1000000000000.0000000813802083333333333333333333333333333333333333333333333333333,0.0001219889322916666666666666666666666666666666666666666666666666667,1.2198893229166666665673918194240993923691901188619710780949552315457380307539913E-16,0.9993333333333333,426d1a94a2000001
large_offset_shuffled,12000,1024,15,chan_random,population_variance,0.00085015310371072477,0.00084991544732782575819227430555555555555555555555555555555555555555555555555558683,2.3765638289901364451875112296066719055589702394273546006944444444444444441317E-7,0.00027962355978611345208724714104569201888460031664638139519098007225170571352660531,2191993236410.814,3f4bdb99e375bbed
large_offset_shuffled,12000,1024,16,chan_random,sum,12000000000000000,12000000000000000.0009765625000,0.0009765625000,8.1380208333333333326710595024956597222761182045495068585387273596558018507048562E-20,0.00048828125,434550f7dca70000
large_offset_shuffled,12000,1024,16,chan_random,mean,1000000000000.0001,1000000000000.0000000813802083333333333333333333333333333333333333333333333333333,0.0001219889322916666666666666666666666666666666666666666666666666667,1.2198893229166666665673918194240993923691901188619710780949552315457380307539913E-16,0.9993333333333333,426d1a94a2000001
large_offset_shuffled,12000,1024,16,chan_random,population_variance,0.00085018886557590412,0.00084991544732782575819227430555555555555555555555555555555555555555555555555558683,2.7341824807836502233795686025688256550994184282090928819444444444444444441317E-7,0.00032170052790310481657508529505556705488710221949045091122221555365262536019451525,2521838223691.814,3f4bdbe6afc0d17e
large_offset_shuffled,12000,1024,17,chan_random,sum,12000000000000000,12000000000000000.0009765625000,0.0009765625000,8.1380208333333333326710595024956597222761182045495068585387273596558018507048562E-20,0.00048828125,434550f7dca70000
large_offset_shuffled,12000,1024,17,chan_random,mean,1000000000000.0001,1000000000000.0000000813802083333333333333333333333333333333333333333333333333333,0.0001219889322916666666666666666666666666666666666666666666666666667,1.2198893229166666665673918194240993923691901188619710780949552315457380307539913E-16,0.9993333333333333,426d1a94a2000001
large_offset_shuffled,12000,1024,17,chan_random,population_variance,0.00085016267532758607,0.00084991544732782575819227430555555555555555555555555555555555555555555555555558683,2.4722799976031341714602065609243355639692809846666124131944444444444444441317E-7,0.00029088540576313785770580615184674739092651060924839778768481549499260657342592130,2280275819716.814,3f4bdbae71830cf7
large_offset_shuffled,12000,1024,18,chan_random,sum,12000000000000000,12000000000000000.0009765625000,0.0009765625000,8.1380208333333333326710595024956597222761182045495068585387273596558018507048562E-20,0.00048828125,434550f7dca70000
large_offset_shuffled,12000,1024,18,chan_random,mean,1000000000000.0001,1000000000000.0000000813802083333333333333333333333333333333333333333333333333333,0.0001219889322916666666666666666666666666666666666666666666666666667,1.2198893229166666665673918194240993923691901188619710780949552315457380307539913E-16,0.9993333333333333,426d1a94a2000001
large_offset_shuffled,12000,1024,18,chan_random,population_variance,0.00085016010373594863,0.00084991544732782575819227430555555555555555555555555555555555555555555555555558683,2.4465640812287056362863937566645391699340608384874131944444444444444444441317E-7,0.00028785970285877477208148535344006314270312904967871057745357607563765722109287500,2256557073317.814,3f4bdba8ebc3b3d8
large_offset_shuffled,12000,1024,19,chan_random,sum,12000000000000000,12000000000000000.0009765625000,0.0009765625000,8.1380208333333333326710595024956597222761182045495068585387273596558018507048562E-20,0.00048828125,434550f7dca70000
large_offset_shuffled,12000,1024,19,chan_random,mean,1000000000000.0001,1000000000000.0000000813802083333333333333333333333333333333333333333333333333333,0.0001219889322916666666666666666666666666666666666666666666666666667,1.2198893229166666665673918194240993923691901188619710780949552315457380307539913E-16,0.9993333333333333,426d1a94a2000001
large_offset_shuffled,12000,1024,19,chan_random,population_variance,0.00085012064321124783,0.00084991544732782575819227430555555555555555555555555555555555555555555555555558683,2.0519588342206794947777639650768024795171287324693467881944444444444444441317E-7,0.00024143093770940801511531765857353897737062915660258760099761013980467140183717822,1892597973232.814,3f4bdb542e1c9123
large_offset_shuffled,12000,1024,20,chan_random,sum,12000000000000000,12000000000000000.0009765625000,0.0009765625000,8.1380208333333333326710595024956597222761182045495068585387273596558018507048562E-20,0.00048828125,434550f7dca70000
large_offset_shuffled,12000,1024,20,chan_random,mean,1000000000000.0001,1000000000000.0000000813802083333333333333333333333333333333333333333333333333333,0.0001219889322916666666666666666666666666666666666666666666666666667,1.2198893229166666665673918194240993923691901188619710780949552315457380307539913E-16,0.9993333333333333,426d1a94a2000001
large_offset_shuffled,12000,1024,20,chan_random,population_variance,0.0008501715265780387,0.00084991544732782575819227430555555555555555555555555555555555555555555555555558683,2.5607925021294496545045918070273829572316673066880967881944444444444444441317E-7,0.00030129967753624222600939833751157387135302696937436920190429618466836457008723400,2361914195632.814,3f4bdbc17389cee3
large_offset_shuffled,12000,1024,21,chan_random,sum,12000000000000000,12000000000000000.0009765625000,0.0009765625000,8.1380208333333333326710595024956597222761182045495068585387273596558018507048562E-20,0.00048828125,434550f7dca70000
large_offset_shuffled,12000,1024,21,chan_random,mean,1000000000000.0002,1000000000000.0000000813802083333333333333333333333333333333333333333333333333333,0.0002440592447916666666666666666666666666666666666666666666666666667,2.4405924479166666664680507447984483507106078495443971068757643354941083083597198E-16,1.9993333333333334,426d1a94a2000002
large_offset_shuffled,12000,1024,21,chan_random,population_variance,0.0008501283344330982,0.00084991544732782575819227430555555555555555555555555555555555555555555555555558683,2.1288710527244346756539330714177695982572105195787217881944444444444444441317E-7,0.00025048033418120657136401595630697174073489061062268163372961951649529640092806792,1963536973776.814,3f4bdb64b267d003
large_offset_shuffled,12000,1024,22,chan_random,sum,12000000000000000,12000000000000000.0009765625000,0.0009765625000,8.1380208333333333326710595024956597222761182045495068585387273596558018507048562E-20,0.00048828125,434550f7dca70000
large_offset_shuffled,12000,1024,22,chan_random,mean,1000000000000.0001,1000000000000.0000000813802083333333333333333333333333333333333333333333333333333,0.0001219889322916666666666666666666666666666666666666666666666666667,1.2198893229166666665673918194240993923691901188619710780949552315457380307539913E-16,0.9993333333333333,426d1a94a2000001
large_offset_shuffled,12000,1024,22,chan_random,population_variance,0.00085015607637162422,0.00084991544732782575819227430555555555555555555555555555555555555555555555555558683,2.4062904379845944904639212482935464423563745286729600694444444444444444441317E-7,0.00028312115582203913218059102953663741124441366664441430155859095108427921709852543,2219411193825.814,3f4bdba045b29014
large_offset_shuffled,12000,1024,23,chan_random,sum,12000000000000000,12000000000000000.0009765625000,0.0009765625000,8.1380208333333333326710595024956597222761182045495068585387273596558018507048562E-20,0.00048828125,434550f7dca70000
large_offset_shuffled,12000,1024,23,chan_random,mean,1000000000000.0001,1000000000000.0000000813802083333333333333333333333333333333333333333333333333333,0.0001219889322916666666666666666666666666666666666666666666666666667,1.2198893229166666665673918194240993923691901188619710780949552315457380307539913E-16,0.9993333333333333,426d1a94a2000001
large_offset_shuffled,12000,1024,23,chan_random,population_variance,0.00085014594524739648,0.00084991544732782575819227430555555555555555555555555555555555555555555555555558683,2.3049791957072368300510037089326134365465905931260850694444444444444444441317E-7,0.00027120100040000450706770788476149538434308173701230654747666568401733377462919869,2125968065921.814,3f4bdb8a840d95b4
large_offset_shuffled,12000,1024,24,chan_random,sum,12000000000000000,12000000000000000.0009765625000,0.0009765625000,8.1380208333333333326710595024956597222761182045495068585387273596558018507048562E-20,0.00048828125,434550f7dca70000
large_offset_shuffled,12000,1024,24,chan_random,mean,1000000000000.0001,1000000000000.0000000813802083333333333333333333333333333333333333333333333333333,0.0001219889322916666666666666666666666666666666666666666666666666667,1.2198893229166666665673918194240993923691901188619710780949552315457380307539913E-16,0.9993333333333333,426d1a94a2000001
large_offset_shuffled,12000,1024,24,chan_random,population_variance,0.00085015664076693682,0.00084991544732782575819227430555555555555555555555555555555555555555555555555558683,2.4119343911106305402805263484980160784390237596299913194444444444444444441317E-7,0.00028378521636403550423969890069568543201566806234222060520948495140123327009715109,2224616821769.814,3f4bdba17bfa243c
large_offset_shuffled,12000,1024,25,chan_random,sum,12000000000000000,12000000000000000.0009765625000,0.0009765625000,8.1380208333333333326710595024956597222761182045495068585387273596558018507048562E-20,0.00048828125,434550f7dca70000
large_offset_shuffled,12000,1024,25,chan_random,mean,1000000000000.0001,1000000000000.0000000813802083333333333333333333333333333333333333333333333333333,0.0001219889322916666666666666666666666666666666666666666666666666667,1.2198893229166666665673918194240993923691901188619710780949552315457380307539913E-16,0.9993333333333333,426d1a94a2000001
large_offset_shuffled,12000,1024,25,chan_random,population_variance,0.00085012217942123387,0.00084991544732782575819227430555555555555555555555555555555555555555555555555558683,2.0673209340811029119080701990343287535425689485337999131944444444444444441317E-7,0.00024323842337268458967914637614362196067720563475560730066216337647347422697218923,1906767009460.814,3f4bdb577aa6e6e7
large_offset_shuffled,12000,1024,26,chan_random,sum,12000000000000000,12000000000000000.0009765625000,0.0009765625000,8.1380208333333333326710595024956597222761182045495068585387273596558018507048562E-20,0.00048828125,434550f7dca70000
large_offset_shuffled,12000,1024,26,chan_random,mean,1000000000000.0001,1000000000000.0000000813802083333333333333333333333333333333333333333333333333333,0.0001219889322916666666666666666666666666666666666666666666666666667,1.2198893229166666665673918194240993923691901188619710780949552315457380307539913E-16,0.9993333333333333,426d1a94a2000001
large_offset_shuffled,12000,1024,26,chan_random,population_variance,0.00085012277221203697,0.00084991544732782575819227430555555555555555555555555555555555555555555555555558683,2.0732488421120842361469429862255411636498239305284288194444444444444444441317E-7,0.00024393589369748206766385222851289968918481850543570813655158090890470743200033558,1912234539577.814,3f4bdb58c08aca6c
large_offset_shuffled,12000,1024,27,chan_random,sum,12000000000000000,12000000000000000.0009765625000,0.0009765625000,8.1380208333333333326710595024956597222761182045495068585387273596558018507048562E-20,0.00048828125,434550f7dca70000
large_offset_shuffled,12000,1024,27,chan_random,mean,1000000000000.0001,1000000000000.0000000813802083333333333333333333333333333333333333333333333333333,0.0001219889322916666666666666666666666666666666666666666666666666667,1.2198893229166666665673918194240993923691901188619710780949552315457380307539913E-16,0.9993333333333333,426d1a94a2000001
large_offset_shuffled,12000,1024,27,chan_random,population_variance,0.00085023839220679689,0.00084991544732782575819227430555555555555555555555555555555555555555555555555558683,3.2294487897113472976398343108586333174672391679551866319444444444444444441317E-7,0.00037997294905803707512387171147772606366464269043191160381756296754400146878756707,2978640766147.814,3f4bdc510b4e74f6
large_offset_shuffled,12000,1024,28,chan_random,sum,12000000000000000,12000000000000000.0009765625000,0.0009765625000,8.1380208333333333326710595024956597222761182045495068585387273596558018507048562E-20,0.00048828125,434550f7dca70000
large_offset_shuffled,12000,1024,28,chan_random,mean,1000000000000.0001,1000000000000.0000000813802083333333333333333333333333333333333333333333333333333,0.0001219889322916666666666666666666666666666666666666666666666666667,1.2198893229166666665673918194240993923691901188619710780949552315457380307539913E-16,0.9993333333333333,426d1a94a2000001
large_offset_shuffled,12000,1024,28,chan_random,population_variance,0.00085020761243798895,0.00084991544732782575819227430555555555555555555555555555555555555555555555555558683,2.9216511016319566787194064419155539427366521623399522569444444444444444441317E-7,0.00034375785389214486036420891460803649482375160309328934496128982777864158102566689,2694747507223.814,3f4bdc0ef1f31a4a
large_offset_shuffled,12000,1024,29,chan_random,sum,12000000000000000,12000000000000000.0009765625000,0.0009765625000,8.1380208333333333326710595024956597222761182045495068585387273596558018507048562E-20,0.00048828125,434550f7dca70000
large_offset_shuffled,12000,1024,29,chan_random,mean,1000000000000.0002,1000000000000.0000000813802083333333333333333333333333333333333333333333333333333,0.0002440592447916666666666666666666666666666666666666666666666666667,2.4405924479166666664680507447984483507106078495443971068757643354941083083597198E-16,1.9993333333333334,426d1a94a2000002
large_offset_shuffled,12000,1024,29,chan_random,population_variance,0.00085014372821380732,0.00084991544732782575819227430555555555555555555555555555555555555555555555555558683,2.2828088598156651531059482509691507503804233339097764756944444444444444441317E-7,0.00026859246610859043071823758362245537401078444999303269813478333443859156587701515,2105519540310.814,3f4bdb85c139d889
large_offset_shuffled,12000,1024,30,chan_random,sum,12000000000000000,12000000000000000.0009765625000,0.0009765625000,8.1380208333333333326710595024956597222761182045495068585387273596558018507048562E-20,0.00048828125,434550f7dca70000
large_offset_shuffled,12000,1024,30,chan_random,mean,1000000000000.0001,1000000000000.0000000813802083333333333333333333333333333333333333333333333333333,0.0001219889322916666666666666666666666666666666666666666666666666667,1.2198893229166666665673918194240993923691901188619710780949552315457380307539913E-16,0.9993333333333333,426d1a94a2000001
large_offset_shuffled,12000,1024,30,chan_random,population_variance,0.00085014347333985227,0.00084991544732782575819227430555555555555555555555555555555555555555555555555558683,2.2802601202650900732684904584049137257453468110826280381944444444444444441317E-7,0.00026829258456642192005482741645886127344286861149374585176703900241296135783716707,2103168743000.814,3f4bdb85351b868b
large_offset_shuffled,12000,1024,31,chan_random,sum,12000000000000000,12000000000000000.0009765625000,0.0009765625000,8.1380208333333333326710595024956597222761182045495068585387273596558018507048562E-20,0.00048828125,434550f7dca70000
large_offset_shuffled,12000,1024,31,chan_random,mean,1000000000000.0002,1000000000000.0000000813802083333333333333333333333333333333333333333333333333333,0.0002440592447916666666666666666666666666666666666666666666666666667,2.4405924479166666664680507447984483507106078495443971068757643354941083083597198E-16,1.9993333333333334,426d1a94a2000002
large_offset_shuffled,12000,1024,31,chan_random,population_variance,0.00085013847375747971,0.00084991544732782575819227430555555555555555555555555555555555555555555555555558683,2.2302642965395138821252077024029050436284806993272569444444444444444444441317E-7,0.00026241013780271555157416307444797815468380092879710459851855550684678286547860599,2057055734749.814,3f4bdb7a788edc10
paired_centered,12000,31,,welford,population_covariance,-637.52702414381974,-637.5270241438194599619779326035734130401932757061016301015743947249177210258019402970101433917686005,2.8453299854323127308354183797429389836989842560527508227897419805970298985660823E-13,4.4630735289276708466784016076909138463870903641924571807047299001344240161679947E-16,2.5027787230740355,c083ec37586f2f44
paired_centered,12000,31,,welford,correlation,-0.99967219833014953,-0.9996721983301500820538145787134929827923854014427769167765955439589471523740855438544673727729950836,5.5137763377631140642683459121198965191677659554395894715237408554385446737277300E-16,5.5155843555250532602258221216937960336073900334469994634068016925175966050478365E-16,4.9663682120308437,bfeffd508cd18ca4
paired_centered,12000,31,,welford,slope,-0.75001171927342769,-0.7500117192734286950571902978674646630919946575440495563617709768485004890055865914708300509622197963,1.0045330316914453309193290246868409245563617709768485004890055865914708300509622E-15,1.3393564472093626650951548734687677799403056004289670585517165080100748093662133E-15,9.0480291744138963,bfe8001893bcace4
paired_centered,12000,31,,welford,intercept,-0.00021166569006053146,-0.0002116656900605442174180839395126599350191977364454946596953201702228597569956916985470013521831251949,1.2754892935978516907152254585970703192718777351420222859756995691698547001352183E-17,6.0259614736474984164968532250430790404629922526487225344918018860444852092626585E-14,470.57249135512308,bf2bbe526ed8774f
paired_centered,12000,31,,chan_left,population_covariance,-637.52702414381997,-637.5270241438194599619779326035734130401932757061016301015743947249177210258019402970101433917686005,5.1190667398646333256230160359929389836989842560527508227897419805970298985660823E-13,8.0295682316202883955293038971952984000639326274585211194368306124518440048950667E-16,4.5027787230740355,c083ec37586f2f46
paired_centered,12000,31,,chan_left,correlation,-0.99967219833015086,-0.9996721983301500820538145787134929827923854014427769167765955439589471523740855438544673727729950836,7.8088999577387644208152341049699472308322340445604105284762591445614553262722700E-16,7.8114605675567763198674325878670934327746483287930598227172608843115544937621050E-16,7.0336317879691563,bfeffd508cd18cb0
paired_centered,12000,31,,chan_left,slope,-0.75001171927343002,-0.7500117192734286950571902978674646630919946575440495563617709768485004890055865914708300509622197963,1.3269353200213834039702974783038817316936382290231514995109944134085291699490378E-15,1.7692194480732214252426022323599692732005639254179055940943218400799044625968699E-15,11.951970825586104,bfe8001893bcacf9
paired_centered,12000,31,,chan_left,intercept,-0.00021166569006057535,-0.0002116656900605442174180839395126599350191977364454946596953201702228597569956916985470013521831251949,3.1128189995372275059299397529240187577239718742329777140243004308301452998647817E-17,1.4706299347082874512372450701775545740975384234622244688898256940528258085930504E-13,1148.427508644877,bf2bbe526ed87da2
paired_centered,12000,31,,chan_balanced,population_covariance,-637.52702414381952,-637.5270241438194599619779326035734130401932757061016301015743947249177210258019402970101433917686005,5.7159323099999213604782072349293898369898425605275082278974198059702989856608231E-14,8.9657882623505329782749931818652929271024810092639324197262918781700402744092270E-17,0.50277872307403559,c083ec37586f2f42
paired_centered,12000,31,,chan_balanced,correlation,-0.99967219833015009,-0.9996721983301500820538145787134929827923854014427769167765955439589471523740855438544673727729950836,3.7338785362668637849812428334205043332234044560410528476259144561455326272270049E-18,3.7351029092375731479700673956574577385125950819691905811557714494549686122972478E-18,0.033631787969156279,bfeffd508cd18ca9
paired_centered,12000,31,,chan_balanced,slope,-0.75001171927342869,-0.7500117192734286950571902978674646630919946575440495563617709768485004890055865914708300509622197963,5.3323095288044445380605234051026433063617709768485004890055865914708300509622198E-18,7.1096349453980549504018281135947571656472322088787788462715016857979785248919644E-18,0.048029174413895682,bfe8001893bcaced
paired_centered,12000,31,,chan_balanced,intercept,-0.00021166569006058453,-0.0002116656900605442174180839395126599350191977364454946596953201702228597569956916985470013521831251949,4.0316803407186925137512560016612943581573214836079777140243004308301452998647817E-17,1.9047396578847912451153608225673948335729930021641922198922487911626565669050012E-13,1487.427508644877,bf2bbe526ed87ef5
paired_centered,12000,31,0,chan_random,population_covariance,-637.52702414381952,-637.5270241438194599619779326035734130401932757061016301015743947249177210258019402970101433917686005,5.7159323099999213604782072349293898369898425605275082278974198059702989856608231E-14,8.9657882623505329782749931818652929271024810092639324197262918781700402744092270E-17,0.50277872307403559,c083ec37586f2f42
paired_centered,12000,31,0,chan_random,correlation,-0.99967219833015009,-0.9996721983301500820538145787134929827923854014427769167765955439589471523740855438544673727729950836,3.7338785362668637849812428334205043332234044560410528476259144561455326272270049E-18,3.7351029092375731479700673956574577385125950819691905811557714494549686122972478E-18,0.033631787969156279,bfeffd508cd18ca9
paired_centered,12000,31,0,chan_random,slope,-0.7500117192734288,-0.7500117192734286950571902978674646630919946575440495563617709768485004890055865914708300509622197963,1.0568999293371120950430264340397938794363822902315149951099441340852916994903778E-16,1.4091778863948690173234851025920224536487036426001991889877794346134389156858819E-16,0.95197082558610435,bfe8001893bcacee
paired_centered,12000,31,0,chan_random,intercept,-0.00021166569006059492,-0.0002116656900605442174180839395126599350191977364454946596953201702228597569956916985470013521831251949,5.0698039208735630093133920584942635468475070304829777140243004308301452998647817E-17,2.3951940058983633780219045782172733568151732488982737792843669215256806979772051E-13,1870.427508644877,bf2bbe526ed88074
paired_centered,12000,31,1,chan_random,population_covariance,-637.52702414381952,-637.5270241438194599619779326035734130401932757061016301015743947249177210258019402970101433917686005,5.7159323099999213604782072349293898369898425605275082278974198059702989856608231E-14,8.9657882623505329782749931818652929271024810092639324197262918781700402744092270E-17,0.50277872307403559,c083ec37586f2f42
paired_centered,12000,31,1,chan_random,correlation,-0.99967219833015009,-0.9996721983301500820538145787134929827923854014427769167765955439589471523740855438544673727729950836,3.7338785362668637849812428334205043332234044560410528476259144561455326272270049E-18,3.7351029092375731479700673956574577385125950819691905811557714494549686122972478E-18,0.033631787969156279,bfeffd508cd18ca9
paired_centered,12000,31,1,chan_random,slope,-0.75001171927342869,-0.7500117192734286950571902978674646630919946575440495563617709768485004890055865914708300509622197963,5.3323095288044445380605234051026433063617709768485004890055865914708300509622198E-18,7.1096349453980549504018281135947571656472322088787788462715016857979785248919644E-18,0.048029174413895682,bfe8001893bcaced
paired_centered,12000,31,1,chan_random,intercept,-0.00021166569006058218,-0.0002116656900605442174180839395126599350191977364454946596953201702228597569956916985470013521831251949,3.7958663682030952993546350174720820359222140617329777140243004308301452998647817E-17,1.7933309678660424838546054524850464483978763403734217351217154299574787616745005E-13,1400.427508644877,bf2bbe526ed87e9e
paired_centered,12000,31,2,chan_random,population_covariance,-637.52702414381952,-637.5270241438194599619779326035734130401932757061016301015743947249177210258019402970101433917686005,5.7159323099999213604782072349293898369898425605275082278974198059702989856608231E-14,8.9657882623505329782749931818652929271024810092639324197262918781700402744092270E-17,0.50277872307403559,c083ec37586f2f42
paired_centered,12000,31,2,chan_random,correlation,-0.99967219833015009,-0.9996721983301500820538145787134929827923854014427769167765955439589471523740855438544673727729950836,3.7338785362668637849812428334205043332234044560410528476259144561455326272270049E-18,3.7351029092375731479700673956574577385125950819691905811557714494549686122972478E-18,0.033631787969156279,bfeffd508cd18ca9
paired_centered,12000,31,2,chan_random,slope,-0.7500117192734288,-0.7500117192734286950571902978674646630919946575440495563617709768485004890055865914708300509622197963,1.0568999293371120950430264340397938794363822902315149951099441340852916994903778E-16,1.4091778863948690173234851025920224536487036426001991889877794346134389156858819E-16,0.95197082558610435,bfe8001893bcacee
paired_centered,12000,31,2,chan_random,intercept,-0.00021166569006057385,-0.0002116656900605442174180839395126599350191977364454946596953201702228597569956916985470013521831251949,2.9637412008204706462539149928044017724029269523579777140243004308301452998647817E-17,1.4001991536619520274517100661025067443891313384220822084027069024863340926427339E-13,1093.427508644877,bf2bbe526ed87d6b
paired_centered,12000,31,3,chan_random,population_covariance,-637.52702414381929,-637.5270241438194599619779326035734130401932757061016301015743947249177210258019402970101433917686005,1.7021435234323284587397769327570610163010157439472491772102580194029701014339177E-13,2.6699158764575642510234029713178552609665941623396706967594715245004159612861493E-16,1.4972212769259643,c083ec37586f2f40
paired_centered,12000,31,3,chan_random,correlation,-0.99967219833014975,-0.9996721983301500820538145787134929827923854014427769167765955439589471523740855438544673727729950836,3.2933302885128009834210825759382558941677659554395894715237408554385446737277300E-16,3.2944102016780816635436130034336477892103836397403229157194579297127380885795129E-16,2.9663682120308437,bfeffd508cd18ca6
paired_centered,12000,31,3,chan_random,slope,-0.75001171927342847,-0.7500117192734286950571902978674646630919946575440495563617709768485004890055865914708300509622197963,2.2737691445383575262278685702326670580636177097684850048900558659147083005096222E-16,3.0316448211516796831590250485918876222668242514667617433637039198008171871185227E-16,2.0480291744138959,bfe8001893bcaceb
paired_centered,12000,31,3,chan_random,intercept,-0.00021166569006055035,-0.0002116656900605442174180839395126599350191977364454946596953201702228597569956916985470013521831251949,6.1373299195813978554276104691880311288754609298297771402430043083014529986478169E-18,2.8995393244062816523245827459220731971296874333474875672394340633818286120774492E-14,226.42750864487695,bf2bbe526ed87a08
paired_centered,12000,31,4,chan_random,population_covariance,-637.52702414381952,-637.5270241438194599619779326035734130401932757061016301015743947249177210258019402970101433917686005,5.7159323099999213604782072349293898369898425605275082278974198059702989856608231E-14,8.9657882623505329782749931818652929271024810092639324197262918781700402744092270E-17,0.50277872307403559,c083ec37586f2f42
paired_centered,12000,31,4,chan_random,correlation,-0.99967219833015009,-0.9996721983301500820538145787134929827923854014427769167765955439589471523740855438544673727729950836,3.7338785362668637849812428334205043332234044560410528476259144561455326272270049E-18,3.7351029092375731479700673956574577385125950819691905811557714494549686122972478E-18,0.033631787969156279,bfeffd508cd18ca9
paired_centered,12000,31,4,chan_random,slope,-0.7500117192734288,-0.7500117192734286950571902978674646630919946575440495563617709768485004890055865914708300509622197963,1.0568999293371120950430264340397938794363822902315149951099441340852916994903778E-16,1.4091778863948690173234851025920224536487036426001991889877794346134389156858819E-16,0.95197082558610435,bfe8001893bcacee
paired_centered,12000,31,4,chan_random,intercept,-0.00021166569006055835,-0.0002116656900605442174180839395126599350191977364454946596953201702228597569956916985470013521831251949,1.4133320941661993056232574875603851250640597648579777140243004308301452998647817E-17,6.6771903078006362008214602372200931542169765400460269933667147019482024675944246E-14,521.42750864487698,bf2bbe526ed87b2f
paired_centered,12000,31,5,chan_random,population_covariance,-637.52702414381952,-637.5270241438194599619779326035734130401932757061016301015743947249177210258019402970101433917686005,5.7159323099999213604782072349293898369898425605275082278974198059702989856608231E-14,8.9657882623505329782749931818652929271024810092639324197262918781700402744092270E-17,0.50277872307403559,c083ec37586f2f42
paired_centered,12000,31,5,chan_random,correlation,-0.99967219833015009,-0.9996721983301500820538145787134929827923854014427769167765955439589471523740855438544673727729950836,3.7338785362668637849812428334205043332234044560410528476259144561455326272270049E-18,3.7351029092375731479700673956574577385125950819691905811557714494549686122972478E-18,0.033631787969156279,bfeffd508cd18ca9
paired_centered,12000,31,5,chan_random,slope,-0.75001171927342858,-0.7500117192734286950571902978674646630919946575440495563617709768485004890055865914708300509622197963,1.1635461199132009858042369021418467455636177097684850048900558659147083005096222E-16,1.5513705853028301163315216648639175969616482867777747659132094683293984861837212E-16,1.0480291744138956,bfe8001893bcacec
paired_centered,12000,31,5,chan_random,intercept,-0.00021166569006058123,-0.0002116656900605442174180839395126599350191977364454946596953201702228597569956916985470013521831251949,3.7009986781106136613789828973959621361724582023579777140243004308301452998647817E-17,1.7485113799274653959910831771645614658561627408024221148117307444151658515242991E-13,1365.427508644877,bf2bbe526ed87e7b
paired_centered,12000,31,6,chan_random,population_covariance,-637.52702414381952,-637.5270241438194599619779326035734130401932757061016301015743947249177210258019402970101433917686005,5.7159323099999213604782072349293898369898425605275082278974198059702989856608231E-14,8.9657882623505329782749931818652929271024810092639324197262918781700402744092270E-17,0.50277872307403559,c083ec37586f2f42
paired_centered,12000,31,6,chan_random,correlation,-0.99967219833015031,-0.9996721983301500820538145787134929827923854014427769167765955439589471523740855438544673727729950836,2.2577848346129817186970757645158456683322340445604105284762591445614553262722700E-16,2.2585251829393473281619097922167228217821323445263684534989014772994082025912960E-16,2.0336317879691563,bfeffd508cd18cab
paired_centered,12000,31,6,chan_random,slope,-0.75001171927342869,-0.7500117192734286950571902978674646630919946575440495563617709768485004890055865914708300509622197963,5.3323095288044445380605234051026433063617709768485004890055865914708300509622198E-18,7.1096349453980549504018281135947571656472322088787788462715016857979785248919644E-18,0.048029174413895682,bfe8001893bcaced
paired_centered,12000,31,6,chan_random,intercept,-0.00021166569006056637,-0.0002116656900605442174180839395126599350191977364454946596953201702228597569956916985470013521831251949,2.2156417018054725867887725602041419915191378898579777140243004308301452998647817E-17,1.0467646887748869917279344092895394534887612389479137739582562393526665726011457E-13,817.42750864487698,bf2bbe526ed87c57
paired_centered,12000,31,7,chan_random,population_covariance,-637.52702414381952,-637.5270241438194599619779326035734130401932757061016301015743947249177210258019402970101433917686005,5.7159323099999213604782072349293898369898425605275082278974198059702989856608231E-14,8.9657882623505329782749931818652929271024810092639324197262918781700402744092270E-17,0.50277872307403559,c083ec37586f2f42
paired_centered,12000,31,7,chan_random,correlation,-0.99967219833014986,-0.9996721983301500820538145787134929827923854014427769167765955439589471523740855438544673727729950836,2.1831072638876444429974509078474355816677659554395894715237408554385446737277300E-16,2.1838231247545958652025084443035736670118804428869846418757860483103088303453511E-16,1.9663682120308437,bfeffd508cd18ca7
paired_centered,12000,31,7,chan_random,slope,-0.75001171927342869,-0.7500117192734286950571902978674646630919946575440495563617709768485004890055865914708300509622197963,5.3323095288044445380605234051026433063617709768485004890055865914708300509622198E-18,7.1096349453980549504018281135947571656472322088787788462715016857979785248919644E-18,0.048029174413895682,bfe8001893bcaced
paired_centered,12000,31,7,chan_random,intercept,-0.00021166569006056312,-0.0002116656900605442174180839395126599350191977364454946596953201702228597569956916985470013521831251949,1.8903810500598212565865367199431594780914035148579777140243004308301452998647817E-17,8.9309753012833697619585803676216237048860032613305793289545160320759373780045523E-14,697.42750864487698,bf2bbe526ed87bdf
paired_centered,12000,31,8,chan_random,population_covariance,-637.5270241438194,-637.5270241438194599619779326035734130401932757061016301015743947249177210258019402970101433917686005,5.6527514621616816134597810463206101630101574394724917721025801940297010143391769E-14,8.8666852511125547659795182656566298412817303070663872739342116834170596692261331E-17,0.49722127692596435,c083ec37586f2f41
paired_centered,12000,31,8,chan_random,correlation,-0.99967219833014986,-0.9996721983301500820538145787134929827923854014427769167765955439589471523740855438544673727729950836,2.1831072638876444429974509078474355816677659554395894715237408554385446737277300E-16,2.1838231247545958652025084443035736670118804428869846418757860483103088303453511E-16,1.9663682120308437,bfeffd508cd18ca7
paired_centered,12000,31,8,chan_random,slope,-0.75001171927342858,-0.7500117192734286950571902978674646630919946575440495563617709768485004890055865914708300509622197963,1.1635461199132009858042369021418467455636177097684850048900558659147083005096222E-16,1.5513705853028301163315216648639175969616482867777747659132094683293984861837212E-16,1.0480291744138956,bfe8001893bcacec
paired_centered,12000,31,8,chan_random,intercept,-0.0002116656900605393,-0.0002116656900605442174180839395126599350191977364454946596953201702228597569956916985470013521831251949,4.9215322397707473714484080996853743276675078201702228597569956916985470013521831E-18,2.3251440695764188757660139200087476248757836023576110288959235655506477711460285E-14,181.57249135512305,bf2bbe526ed87870
paired_centered,12000,31,9,chan_random,population_covariance,-637.52702414381952,-637.5270241438194599619779326035734130401932757061016301015743947249177210258019402970101433917686005,5.7159323099999213604782072349293898369898425605275082278974198059702989856608231E-14,8.9657882623505329782749931818652929271024810092639324197262918781700402744092270E-17,0.50277872307403559,c083ec37586f2f42
paired_centered,12000,31,9,chan_random,correlation,-0.99967219833015009,-0.9996721983301500820538145787134929827923854014427769167765955439589471523740855438544673727729950836,3.7338785362668637849812428334205043332234044560410528476259144561455326272270049E-18,3.7351029092375731479700673956574577385125950819691905811557714494549686122972478E-18,0.033631787969156279,bfeffd508cd18ca9
paired_centered,12000,31,9,chan_random,slope,-0.75001171927342869,-0.7500117192734286950571902978674646630919946575440495563617709768485004890055865914708300509622197963,5.3323095288044445380605234051026433063617709768485004890055865914708300509622198E-18,7.1096349453980549504018281135947571656472322088787788462715016857979785248919644E-18,0.048029174413895682,bfe8001893bcaced
paired_centered,12000,31,9,chan_random,intercept,-0.00021166569006054927,-0.0002116656900605442174180839395126599350191977364454946596953201702228597569956916985470013521831251949,5.0531277470958934214201576683180894174496796798297771402430043083014529986478169E-18,2.3873154622511149338843281708308162537958177239646347636967519428982524960751475E-14,186.42750864487695,bf2bbe526ed879e0
paired_centered,12000,31,10,chan_random,population_covariance,-637.5270241438194,-637.5270241438194599619779326035734130401932757061016301015743947249177210258019402970101433917686005,5.6527514621616816134597810463206101630101574394724917721025801940297010143391769E-14,8.8666852511125547659795182656566298412817303070663872739342116834170596692261331E-17,0.49722127692596435,c083ec37586f2f41
paired_centered,12000,31,10,chan_random,correlation,-0.99967219833014986,-0.9996721983301500820538145787134929827923854014427769167765955439589471523740855438544673727729950836,2.1831072638876444429974509078474355816677659554395894715237408554385446737277300E-16,2.1838231247545958652025084443035736670118804428869846418757860483103088303453511E-16,1.9663682120308437,bfeffd508cd18ca7
paired_centered,12000,31,10,chan_random,slope,-0.75001171927342858,-0.7500117192734286950571902978674646630919946575440495563617709768485004890055865914708300509622197963,1.1635461199132009858042369021418467455636177097684850048900558659147083005096222E-16,1.5513705853028301163315216648639175969616482867777747659132094683293984861837212E-16,1.0480291744138956,bfe8001893bcacec
paired_centered,12000,31,10,chan_random,intercept,-0.00021166569006058668,-0.0002116656900605442174180839395126599350191977364454946596953201702228597569956916985470013521831251949,4.2458102697845796394677279298331078461639132804829777140243004308301452998647817E-17,2.0059038706604366720073111011479180798814322697673056485919285099581628498154558E-13,1566.427508644877,bf2bbe526ed87f44
paired_centered,12000,31,11,chan_random,population_covariance,-637.5270241438194,-637.5270241438194599619779326035734130401932757061016301015743947249177210258019402970101433917686005,5.6527514621616816134597810463206101630101574394724917721025801940297010143391769E-14,8.8666852511125547659795182656566298412817303070663872739342116834170596692261331E-17,0.49722127692596435,c083ec37586f2f41
paired_centered,12000,31,11,chan_random,correlation,-0.99967219833014986,-0.9996721983301500820538145787134929827923854014427769167765955439589471523740855438544673727729950836,2.1831072638876444429974509078474355816677659554395894715237408554385446737277300E-16,2.1838231247545958652025084443035736670118804428869846418757860483103088303453511E-16,1.9663682120308437,bfeffd508cd18ca7
paired_centered,12000,31,11,chan_random,slope,-0.75001171927342858,-0.7500117192734286950571902978674646630919946575440495563617709768485004890055865914708300509622197963,1.1635461199132009858042369021418467455636177097684850048900558659147083005096222E-16,1.5513705853028301163315216648639175969616482867777747659132094683293984861837212E-16,1.0480291744138956,bfe8001893bcacec
paired_centered,12000,31,11,chan_random,intercept,-0.00021166569006054989,-0.0002116656900605442174180839395126599350191977364454946596953201702228597569956916985470013521831251949,5.6765439962750584709744430288183059015195038985797771402430043083014529986478169E-18,2.6818441829903357969874745515082889962127928068597751257337941621763087627764710E-14,209.42750864487695,bf2bbe526ed879f7
paired_centered,12000,31,12,chan_random,population_covariance,-637.5270241438194,-637.5270241438194599619779326035734130401932757061016301015743947249177210258019402970101433917686005,5.6527514621616816134597810463206101630101574394724917721025801940297010143391769E-14,8.8666852511125547659795182656566298412817303070663872739342116834170596692261331E-17,0.49722127692596435,c083ec37586f2f41
paired_centered,12000,31,12,chan_random,correlation,-0.99967219833015009,-0.9996721983301500820538145787134929827923854014427769167765955439589471523740855438544673727729950836,3.7338785362668637849812428334205043332234044560410528476259144561455326272270049E-18,3.7351029092375731479700673956574577385125950819691905811557714494549686122972478E-18,0.033631787969156279,bfeffd508cd18ca9
paired_centered,12000,31,12,chan_random,slope,-0.75001171927342869,-0.7500117192734286950571902978674646630919946575440495563617709768485004890055865914708300509622197963,5.3323095288044445380605234051026433063617709768485004890055865914708300509622198E-18,7.1096349453980549504018281135947571656472322088787788462715016857979785248919644E-18,0.048029174413895682,bfe8001893bcaced
paired_centered,12000,31,12,chan_random,intercept,-0.00021166569006060096,-0.0002116656900605442174180839395126599350191977364454946596953201702228597569956916985470013521831251949,5.6742466320342317312725469949792560509673800773579777140243004308301452998647817E-17,2.6807588090498688235523465038306491027238056118792142172594122036952743826484883E-13,2093.427508644877,bf2bbe526ed88153
paired_centered,12000,31,13,chan_random,population_covariance,-637.52702414381952,-637.5270241438194599619779326035734130401932757061016301015743947249177210258019402970101433917686005,5.7159323099999213604782072349293898369898425605275082278974198059702989856608231E-14,8.9657882623505329782749931818652929271024810092639324197262918781700402744092270E-17,0.50277872307403559,c083ec37586f2f42
paired_centered,12000,31,13,chan_random,correlation,-0.99967219833015009,-0.9996721983301500820538145787134929827923854014427769167765955439589471523740855438544673727729950836,3.7338785362668637849812428334205043332234044560410528476259144561455326272270049E-18,3.7351029092375731479700673956574577385125950819691905811557714494549686122972478E-18,0.033631787969156279,bfeffd508cd18ca9
paired_centered,12000,31,13,chan_random,slope,-0.7500117192734288,-0.7500117192734286950571902978674646630919946575440495563617709768485004890055865914708300509622197963,1.0568999293371120950430264340397938794363822902315149951099441340852916994903778E-16,1.4091778863948690173234851025920224536487036426001991889877794346134389156858819E-16,0.95197082558610435,bfe8001893bcacee
paired_centered,12000,31,13,chan_random,intercept,-0.00021166569006057651,-0.0002116656900605442174180839395126599350191977364454946596953201702228597569956916985470013521831251949,3.2293707330794192325857409290175374917022433586079777140243004308301452998647817E-17,1.5256939998899678734695724369998646955059294172208811452706640220048102410632979E-13,1191.427508644877,bf2bbe526ed87dcd
paired_centered,12000,31,14,chan_random,population_covariance,-637.52702414381929,-637.5270241438194599619779326035734130401932757061016301015743947249177210258019402970101433917686005,1.7021435234323284587397769327570610163010157439472491772102580194029701014339177E-13,2.6699158764575642510234029713178552609665941623396706967594715245004159612861493E-16,1.4972212769259643,c083ec37586f2f40
paired_centered,12000,31,14,chan_random,correlation,-0.99967219833014975,-0.9996721983301500820538145787134929827923854014427769167765955439589471523740855438544673727729950836,3.2933302885128009834210825759382558941677659554395894715237408554385446737277300E-16,3.2944102016780816635436130034336477892103836397403229157194579297127380885795129E-16,2.9663682120308437,bfeffd508cd18ca6
paired_centered,12000,31,14,chan_random,slope,-0.75001171927342847,-0.7500117192734286950571902978674646630919946575440495563617709768485004890055865914708300509622197963,2.2737691445383575262278685702326670580636177097684850048900558659147083005096222E-16,3.0316448211516796831590250485918876222668242514667617433637039198008171871185227E-16,2.0480291744138959,bfe8001893bcaceb
paired_centered,12000,31,14,chan_random,intercept,-0.00021166569006058836,-0.0002116656900605442174180839395126599350191977364454946596953201702228597569956916985470013521831251949,4.4138616065198328267388831139679488114349093742329777140243004308301452998647817E-17,2.0852985692944875133655505602870629060981820747216478331410442386331171477958125E-13,1628.427508644877,bf2bbe526ed87f82
paired_centered,12000,31,15,chan_random,population_covariance,-637.52702414381952,-637.5270241438194599619779326035734130401932757061016301015743947249177210258019402970101433917686005,5.7159323099999213604782072349293898369898425605275082278974198059702989856608231E-14,8.9657882623505329782749931818652929271024810092639324197262918781700402744092270E-17,0.50277872307403559,c083ec37586f2f42
paired_centered,12000,31,15,chan_random,correlation,-0.99967219833015009,-0.9996721983301500820538145787134929827923854014427769167765955439589471523740855438544673727729950836,3.7338785362668637849812428334205043332234044560410528476259144561455326272270049E-18,3.7351029092375731479700673956574577385125950819691905811557714494549686122972478E-18,0.033631787969156279,bfeffd508cd18ca9
paired_centered,12000,31,15,chan_random,slope,-0.75001171927342869,-0.7500117192734286950571902978674646630919946575440495563617709768485004890055865914708300509622197963,5.3323095288044445380605234051026433063617709768485004890055865914708300509622198E-18,7.1096349453980549504018281135947571656472322088787788462715016857979785248919644E-18,0.048029174413895682,bfe8001893bcaced
paired_centered,12000,31,15,chan_random,intercept,-0.00021166569006058063,-0.0002116656900605442174180839395126599350191977364454946596953201702228597569956916985470013521831251949,3.6413675586239109175085729933481153420440402336079777140243004308301452998647817E-17,1.7203390675089312264768691755345423339727999067863652106168832277885691651441725E-13,1343.427508644877,bf2bbe526ed87e65
paired_centered,12000,31,16,chan_random,population_covariance,-637.5270241438194,-637.5270241438194599619779326035734130401932757061016301015743947249177210258019402970101433917686005,5.6527514621616816134597810463206101630101574394724917721025801940297010143391769E-14,8.8666852511125547659795182656566298412817303070663872739342116834170596692261331E-17,0.49722127692596435,c083ec37586f2f41
paired_centered,12000,31,16,chan_random,correlation,-0.99967219833015009,-0.9996721983301500820538145787134929827923854014427769167765955439589471523740855438544673727729950836,3.7338785362668637849812428334205043332234044560410528476259144561455326272270049E-18,3.7351029092375731479700673956574577385125950819691905811557714494549686122972478E-18,0.033631787969156279,bfeffd508cd18ca9
paired_centered,12000,31,16,chan_random,slope,-0.75001171927342869,-0.7500117192734286950571902978674646630919946575440495563617709768485004890055865914708300509622197963,5.3323095288044445380605234051026433063617709768485004890055865914708300509622198E-18,7.1096349453980549504018281135947571656472322088787788462715016857979785248919644E-18,0.048029174413895682,bfe8001893bcaced
paired_centered,12000,31,16,chan_random,intercept,-0.0002116656900605648,-0.0002116656900605442174180839395126599350191977364454946596953201702228597569956916985470013521831251949,2.0584323867950744438576919040780004433623996086079777140243004308301452998647817E-17,9.7249222876238781755409749590130719670535013108740011744456733188254803578081200E-14,759.42750864487698,bf2bbe526ed87c1d
paired_centered,12000,31,17,chan_random,population_covariance,-637.5270241438194,-637.5270241438194599619779326035734130401932757061016301015743947249177210258019402970101433917686005,5.6527514621616816134597810463206101630101574394724917721025801940297010143391769E-14,8.8666852511125547659795182656566298412817303070663872739342116834170596692261331E-17,0.49722127692596435,c083ec37586f2f41
paired_centered,12000,31,17,chan_random,correlation,-0.99967219833014986,-0.9996721983301500820538145787134929827923854014427769167765955439589471523740855438544673727729950836,2.1831072638876444429974509078474355816677659554395894715237408554385446737277300E-16,2.1838231247545958652025084443035736670118804428869846418757860483103088303453511E-16,1.9663682120308437,bfeffd508cd18ca7
paired_centered,12000,31,17,chan_random,slope,-0.75001171927342858,-0.7500117192734286950571902978674646630919946575440495563617709768485004890055865914708300509622197963,1.1635461199132009858042369021418467455636177097684850048900558659147083005096222E-16,1.5513705853028301163315216648639175969616482867777747659132094683293984861837212E-16,1.0480291744138956,bfe8001893bcacec
paired_centered,12000,31,17,chan_random,intercept,-0.00021166569006054778,-0.0002116656900605442174180839395126599350191977364454946596953201702228597569956916985470013521831251949,3.5623497599283248246599100671219195642392304610797771402430043083014529986478169E-18,1.6830076517877606960289781300803379567117468735632121588255640272333353365719826E-14,131.42750864487695,bf2bbe526ed879a9
paired_centered,12000,31,18,chan_random,population_covariance,-637.5270241438194,-637.5270241438194599619779326035734130401932757061016301015743947249177210258019402970101433917686005,5.6527514621616816134597810463206101630101574394724917721025801940297010143391769E-14,8.8666852511125547659795182656566298412817303070663872739342116834170596692261331E-17,0.49722127692596435,c083ec37586f2f41
paired_centered,12000,31,18,chan_random,correlation,-0.99967219833015009,-0.9996721983301500820538145787134929827923854014427769167765955439589471523740855438544673727729950836,3.7338785362668637849812428334205043332234044560410528476259144561455326272270049E-18,3.7351029092375731479700673956574577385125950819691905811557714494549686122972478E-18,0.033631787969156279,bfeffd508cd18ca9
paired_centered,12000,31,18,chan_random,slope,-0.75001171927342858,-0.7500117192734286950571902978674646630919946575440495563617709768485004890055865914708300509622197963,1.1635461199132009858042369021418467455636177097684850048900558659147083005096222E-16,1.5513705853028301163315216648639175969616482867777747659132094683293984861837212E-16,1.0480291744138956,bfe8001893bcacec
paired_centered,12000,31,18,chan_random,intercept,-0.00021166569006057204,-0.0002116656900605442174180839395126599350191977364454946596953201702228597569956916985470013521831251949,2.7821373369291486535576666486586865357391085929829777140243004308301452998647817E-17,1.3144016567509616021129674247747212063807081621004543638093076473053350932123484E-13,1026.427508644877,bf2bbe526ed87d28
paired_centered,12000,31,19,chan_random,population_covariance,-637.5270241438194,-637.5270241438194599619779326035734130401932757061016301015743947249177210258019402970101433917686005,5.6527514621616816134597810463206101630101574394724917721025801940297010143391769E-14,8.8666852511125547659795182656566298412817303070663872739342116834170596692261331E-17,0.49722127692596435,c083ec37586f2f41
paired_centered,12000,31,19,chan_random,correlation,-0.99967219833014986,-0.9996721983301500820538145787134929827923854014427769167765955439589471523740855438544673727729950836,2.1831072638876444429974509078474355816677659554395894715237408554385446737277300E-16,2.1838231247545958652025084443035736670118804428869846418757860483103088303453511E-16,1.9663682120308437,bfeffd508cd18ca7
paired_centered,12000,31,19,chan_random,slope,-0.75001171927342847,-0.7500117192734286950571902978674646630919946575440495563617709768485004890055865914708300509622197963,2.2737691445383575262278685702326670580636177097684850048900558659147083005096222E-16,3.0316448211516796831590250485918876222668242514667617433637039198008171871185227E-16,2.0480291744138959,bfe8001893bcaceb
paired_centered,12000,31,19,chan_random,intercept,-0.00021166569006057478,-0.0002116656900605442174180839395126599350191977364454946596953201702228597569956916985470013521831251949,3.0558983854817385231445484808783468178741183586079777140243004308301452998647817E-17,1.4437381819451411985191317049852635845725102637196246967038348827274380625029296E-13,1127.427508644877,bf2bbe526ed87d8d
paired_centered,12000,31,20,chan_random,population_covariance,-637.52702414381952,-637.5270241438194599619779326035734130401932757061016301015743947249177210258019402970101433917686005,5.7159323099999213604782072349293898369898425605275082278974198059702989856608231E-14,8.9657882623505329782749931818652929271024810092639324197262918781700402744092270E-17,0.50277872307403559,c083ec37586f2f42
paired_centered,12000,31,20,chan_random,correlation,-0.99967219833015009,-0.9996721983301500820538145787134929827923854014427769167765955439589471523740855438544673727729950836,3.7338785362668637849812428334205043332234044560410528476259144561455326272270049E-18,3.7351029092375731479700673956574577385125950819691905811557714494549686122972478E-18,0.033631787969156279,bfeffd508cd18ca9
paired_centered,12000,31,20,chan_random,slope,-0.75001171927342869,-0.7500117192734286950571902978674646630919946575440495563617709768485004890055865914708300509622197963,5.3323095288044445380605234051026433063617709768485004890055865914708300509622198E-18,7.1096349453980549504018281135947571656472322088787788462715016857979785248919644E-18,0.048029174413895682,bfe8001893bcaced
paired_centered,12000,31,20,chan_random,intercept,-0.00021166569006056318,-0.0002116656900605442174180839395126599350191977364454946596953201702228597569956916985470013521831251949,1.8958020609222487787565739839475091866485324211079777140243004308301452998647817E-17,8.9565864943911280978805930963761865520526967467997219691316501381001161838046674E-14,699.42750864487698,bf2bbe526ed87be1
paired_centered,12000,31,21,chan_random,population_covariance,-637.5270241438194,-637.5270241438194599619779326035734130401932757061016301015743947249177210258019402970101433917686005,5.6527514621616816134597810463206101630101574394724917721025801940297010143391769E-14,8.8666852511125547659795182656566298412817303070663872739342116834170596692261331E-17,0.49722127692596435,c083ec37586f2f41
paired_centered,12000,31,21,chan_random,correlation,-0.99967219833014986,-0.9996721983301500820538145787134929827923854014427769167765955439589471523740855438544673727729950836,2.1831072638876444429974509078474355816677659554395894715237408554385446737277300E-16,2.1838231247545958652025084443035736670118804428869846418757860483103088303453511E-16,1.9663682120308437,bfeffd508cd18ca7
paired_centered,12000,31,21,chan_random,slope,-0.75001171927342858,-0.7500117192734286950571902978674646630919946575440495563617709768485004890055865914708300509622197963,1.1635461199132009858042369021418467455636177097684850048900558659147083005096222E-16,1.5513705853028301163315216648639175969616482867777747659132094683293984861837212E-16,1.0480291744138956,bfe8001893bcacec
paired_centered,12000,31,21,chan_random,intercept,-0.00021166569006054361,-0.0002116656900605442174180839395126599350191977364454946596953201702228597569956916985470013521831251949,6.1182860414086724626878321622735602475002735142022285975699569169854700135218313E-19,2.8905421750963116996600198402100127512365150756077113481376213662843271003687910E-15,22.572491355123059,bf2bbe526ed8790f
paired_centered,12000,31,22,chan_random,population_covariance,-637.52702414381952,-637.5270241438194599619779326035734130401932757061016301015743947249177210258019402970101433917686005,5.7159323099999213604782072349293898369898425605275082278974198059702989856608231E-14,8.9657882623505329782749931818652929271024810092639324197262918781700402744092270E-17,0.50277872307403559,c083ec37586f2f42
paired_centered,12000,31,22,chan_random,correlation,-0.99967219833015009,-0.9996721983301500820538145787134929827923854014427769167765955439589471523740855438544673727729950836,3.7338785362668637849812428334205043332234044560410528476259144561455326272270049E-18,3.7351029092375731479700673956574577385125950819691905811557714494549686122972478E-18,0.033631787969156279,bfeffd508cd18ca9
paired_centered,12000,31,22,chan_random,slope,-0.75001171927342869,-0.7500117192734286950571902978674646630919946575440495563617709768485004890055865914708300509622197963,5.3323095288044445380605234051026433063617709768485004890055865914708300509622198E-18,7.1096349453980549504018281135947571656472322088787788462715016857979785248919644E-18,0.048029174413895682,bfe8001893bcaced
paired_centered,12000,31,22,chan_random,intercept,-0.00021166569006058163,-0.0002116656900605442174180839395126599350191977364454946596953201702228597569956916985470013521831251949,3.7416562595788200776542623774285849503509249992329777140243004308301452998647817E-17,1.7677197747582841479325927237304836012311828549042790949445813239332999558743854E-13,1380.427508644877,bf2bbe526ed87e8a
paired_centered,12000,31,23,chan_random,population_covariance,-637.52702414381952,-637.5270241438194599619779326035734130401932757061016301015743947249177210258019402970101433917686005,5.7159323099999213604782072349293898369898425605275082278974198059702989856608231E-14,8.9657882623505329782749931818652929271024810092639324197262918781700402744092270E-17,0.50277872307403559,c083ec37586f2f42
paired_centered,12000,31,23,chan_random,correlation,-0.99967219833015009,-0.9996721983301500820538145787134929827923854014427769167765955439589471523740855438544673727729950836,3.7338785362668637849812428334205043332234044560410528476259144561455326272270049E-18,3.7351029092375731479700673956574577385125950819691905811557714494549686122972478E-18,0.033631787969156279,bfeffd508cd18ca9
paired_centered,12000,31,23,chan_random,slope,-0.75001171927342858,-0.7500117192734286950571902978674646630919946575440495563617709768485004890055865914708300509622197963,1.1635461199132009858042369021418467455636177097684850048900558659147083005096222E-16,1.5513705853028301163315216648639175969616482867777747659132094683293984861837212E-16,1.0480291744138956,bfe8001893bcacec
paired_centered,12000,31,23,chan_random,intercept,-0.00021166569006057518,-0.0002116656900605442174180839395126599350191977364454946596953201702228597569956916985470013521831251949,3.0965559669499449394198279609109696320525851554829777140243004308301452998647817E-17,1.4629465767759599504606412515511857199475303778214816768366854622455721668530159E-13,1142.427508644877,bf2bbe526ed87d9c
paired_centered,12000,31,24,chan_random,population_covariance,-637.52702414381952,-637.5270241438194599619779326035734130401932757061016301015743947249177210258019402970101433917686005,5.7159323099999213604782072349293898369898425605275082278974198059702989856608231E-14,8.9657882623505329782749931818652929271024810092639324197262918781700402744092270E-17,0.50277872307403559,c083ec37586f2f42
paired_centered,12000,31,24,chan_random,correlation,-0.99967219833015009,-0.9996721983301500820538145787134929827923854014427769167765955439589471523740855438544673727729950836,3.7338785362668637849812428334205043332234044560410528476259144561455326272270049E-18,3.7351029092375731479700673956574577385125950819691905811557714494549686122972478E-18,0.033631787969156279,bfeffd508cd18ca9
paired_centered,12000,31,24,chan_random,slope,-0.75001171927342869,-0.7500117192734286950571902978674646630919946575440495563617709768485004890055865914708300509622197963,5.3323095288044445380605234051026433063617709768485004890055865914708300509622198E-18,7.1096349453980549504018281135947571656472322088787788462715016857979785248919644E-18,0.048029174413895682,bfe8001893bcaced
paired_centered,12000,31,24,chan_random,intercept,-0.00021166569006058936,-0.0002116656900605442174180839395126599350191977364454946596953201702228597569956916985470013521831251949,4.5141503074747419868845724980484184197417941398579777140243004308301452998647817E-17,2.1326792765438404348212741084830041733565650228395617174687423347778479385260254E-13,1665.427508644877,bf2bbe526ed87fa7
paired_centered,12000,31,25,chan_random,population_covariance,-637.52702414381952,-637.5270241438194599619779326035734130401932757061016301015743947249177210258019402970101433917686005,5.7159323099999213604782072349293898369898425605275082278974198059702989856608231E-14,8.9657882623505329782749931818652929271024810092639324197262918781700402744092270E-17,0.50277872307403559,c083ec37586f2f42
paired_centered,12000,31,25,chan_random,correlation,-0.99967219833015009,-0.9996721983301500820538145787134929827923854014427769167765955439589471523740855438544673727729950836,3.7338785362668637849812428334205043332234044560410528476259144561455326272270049E-18,3.7351029092375731479700673956574577385125950819691905811557714494549686122972478E-18,0.033631787969156279,bfeffd508cd18ca9
paired_centered,12000,31,25,chan_random,slope,-0.75001171927342869,-0.7500117192734286950571902978674646630919946575440495563617709768485004890055865914708300509622197963,5.3323095288044445380605234051026433063617709768485004890055865914708300509622198E-18,7.1096349453980549504018281135947571656472322088787788462715016857979785248919644E-18,0.048029174413895682,bfe8001893bcaced
paired_centered,12000,31,25,chan_random,intercept,-0.00021166569006057486,-0.0002116656900605442174180839395126599350191977364454946596953201702228597569956916985470013521831251949,3.0640299017753798063996043768848713807098117179829777140243004308301452998647817E-17,1.4475798609113049489074336142984480116475142865399960927304049986310648833729469E-13,1130.427508644877,bf2bbe526ed87d90
paired_centered,12000,31,26,chan_random,population_covariance,-637.5270241438194,-637.5270241438194599619779326035734130401932757061016301015743947249177210258019402970101433917686005,5.6527514621616816134597810463206101630101574394724917721025801940297010143391769E-14,8.8666852511125547659795182656566298412817303070663872739342116834170596692261331E-17,0.49722127692596435,c083ec37586f2f41
paired_centered,12000,31,26,chan_random,correlation,-0.99967219833014986,-0.9996721983301500820538145787134929827923854014427769167765955439589471523740855438544673727729950836,2.1831072638876444429974509078474355816677659554395894715237408554385446737277300E-16,2.1838231247545958652025084443035736670118804428869846418757860483103088303453511E-16,1.9663682120308437,bfeffd508cd18ca7
paired_centered,12000,31,26,chan_random,slope,-0.75001171927342858,-0.7500117192734286950571902978674646630919946575440495563617709768485004890055865914708300509622197963,1.1635461199132009858042369021418467455636177097684850048900558659147083005096222E-16,1.5513705853028301163315216648639175969616482867777747659132094683293984861837212E-16,1.0480291744138956,bfe8001893bcacec
paired_centered,12000,31,26,chan_random,intercept,-0.00021166569006055163,-0.0002116656900605442174180839395126599350191977364454946596953201702228597569956916985470013521831251949,7.4112674722518655653863675102102126398007538985797771402430043083014529986478169E-18,3.5014023624386025464918818716543001055469843418723396114020855549500305483801538E-14,273.42750864487692,bf2bbe526ed87a37
paired_centered,12000,31,27,chan_random,population_covariance,-637.52702414381963,-637.5270241438194599619779326035734130401932757061016301015743947249177210258019402970101433917686005,1.7084616082161524334416195516179389836989842560527508227897419805970298985660823E-13,2.6798261775813620722529504629387215695486692325594252113386795439757140218044587E-16,1.5027787230740357,c083ec37586f2f43
paired_centered,12000,31,27,chan_random,correlation,-0.99967219833015031,-0.9996721983301500820538145787134929827923854014427769167765955439589471523740855438544673727729950836,2.2577848346129817186970757645158456683322340445604105284762591445614553262722700E-16,2.2585251829393473281619097922167228217821323445263684534989014772994082025912960E-16,2.0336317879691563,bfeffd508cd18cab
paired_centered,12000,31,27,chan_random,slope,-0.75001171927342891,-0.7500117192734286950571902978674646630919946575440495563617709768485004890055865914708300509622197963,2.1671229539622686354666581021306141919363822902315149951099441340852916994903778E-16,2.8894521222437185841509884863199924789538796072891861664382738860848576166206834E-16,1.9519708255861044,bfe8001893bcacef
paired_centered,12000,31,27,chan_random,intercept,-0.0002116656900605606,-0.0002116656900605442174180839395126599350191977364454946596953201702228597569956916985470013521831251949,1.6383040449569414756798039437408980301849093742329777140243004308301452998647817E-17,7.7400548217726071415849884805344513116347561870154465607177801019516229082992007E-14,604.42750864487698,bf2bbe526ed87b82
paired_centered,12000,31,28,chan_random,population_covariance,-637.5270241438194,-637.5270241438194599619779326035734130401932757061016301015743947249177210258019402970101433917686005,5.6527514621616816134597810463206101630101574394724917721025801940297010143391769E-14,8.8666852511125547659795182656566298412817303070663872739342116834170596692261331E-17,0.49722127692596435,c083ec37586f2f41
paired_centered,12000,31,28,chan_random,correlation,-0.99967219833014986,-0.9996721983301500820538145787134929827923854014427769167765955439589471523740855438544673727729950836,2.1831072638876444429974509078474355816677659554395894715237408554385446737277300E-16,2.1838231247545958652025084443035736670118804428869846418757860483103088303453511E-16,1.9663682120308437,bfeffd508cd18ca7
paired_centered,12000,31,28,chan_random,slope,-0.75001171927342858,-0.7500117192734286950571902978674646630919946575440495563617709768485004890055865914708300509622197963,1.1635461199132009858042369021418467455636177097684850048900558659147083005096222E-16,1.5513705853028301163315216648639175969616482867777747659132094683293984861837212E-16,1.0480291744138956,bfe8001893bcacec
paired_centered,12000,31,28,chan_random,intercept,-0.00021166569006058827,-0.0002116656900605442174180839395126599350191977364454946596953201702228597569956916985470013521831251949,4.4057300902261915434838272179614242485992160148579777140243004308301452998647817E-17,2.0814568903283237629772486509738784790231780519012764371144741227294903269257953E-13,1625.427508644877,bf2bbe526ed87f7f
paired_centered,12000,31,29,chan_random,population_covariance,-637.52702414381952,-637.5270241438194599619779326035734130401932757061016301015743947249177210258019402970101433917686005,5.7159323099999213604782072349293898369898425605275082278974198059702989856608231E-14,8.9657882623505329782749931818652929271024810092639324197262918781700402744092270E-17,0.50277872307403559,c083ec37586f2f42
paired_centered,12000,31,29,chan_random,correlation,-0.99967219833015009,-0.9996721983301500820538145787134929827923854014427769167765955439589471523740855438544673727729950836,3.7338785362668637849812428334205043332234044560410528476259144561455326272270049E-18,3.7351029092375731479700673956574577385125950819691905811557714494549686122972478E-18,0.033631787969156279,bfeffd508cd18ca9
paired_centered,12000,31,29,chan_random,slope,-0.75001171927342869,-0.7500117192734286950571902978674646630919946575440495563617709768485004890055865914708300509622197963,5.3323095288044445380605234051026433063617709768485004890055865914708300509622198E-18,7.1096349453980549504018281135947571656472322088787788462715016857979785248919644E-18,0.048029174413895682,bfe8001893bcaced
paired_centered,12000,31,29,chan_random,intercept,-0.00021166569006054678,-0.0002116656900605442174180839395126599350191977364454946596953201702228597569956916985470013521831251949,2.5594627503792332232030162263172234811703828048297771402430043083014529986478169E-18,1.2092005792942314814717426481209252841279173923840733155485830657860274292698535E-14,94.427508644876937,bf2bbe526ed87984
paired_centered,12000,31,30,chan_random,population_covariance,-637.52702414381952,-637.5270241438194599619779326035734130401932757061016301015743947249177210258019402970101433917686005,5.7159323099999213604782072349293898369898425605275082278974198059702989856608231E-14,8.9657882623505329782749931818652929271024810092639324197262918781700402744092270E-17,0.50277872307403559,c083ec37586f2f42
paired_centered,12000,31,30,chan_random,correlation,-0.99967219833015009,-0.9996721983301500820538145787134929827923854014427769167765955439589471523740855438544673727729950836,3.7338785362668637849812428334205043332234044560410528476259144561455326272270049E-18,3.7351029092375731479700673956574577385125950819691905811557714494549686122972478E-18,0.033631787969156279,bfeffd508cd18ca9
paired_centered,12000,31,30,chan_random,slope,-0.7500117192734288,-0.7500117192734286950571902978674646630919946575440495563617709768485004890055865914708300509622197963,1.0568999293371120950430264340397938794363822902315149951099441340852916994903778E-16,1.4091778863948690173234851025920224536487036426001991889877794346134389156858819E-16,0.95197082558610435,bfe8001893bcacee
paired_centered,12000,31,30,chan_random,intercept,-0.00021166569006056749,-0.0002116656900605442174180839395126599350191977364454946596953201702228597569956916985470013521831251949,2.3267724244852367912745364722933110169402804679829777140243004308301452998647817E-17,1.0992676346457915803680605032363932901804828841596561863213811567022331244913817E-13,858.42750864487698,bf2bbe526ed87c80
paired_centered,12000,31,31,chan_random,population_covariance,-637.52702414381952,-637.5270241438194599619779326035734130401932757061016301015743947249177210258019402970101433917686005,5.7159323099999213604782072349293898369898425605275082278974198059702989856608231E-14,8.9657882623505329782749931818652929271024810092639324197262918781700402744092270E-17,0.50277872307403559,c083ec37586f2f42
paired_centered,12000,31,31,chan_random,correlation,-0.99967219833015009,-0.9996721983301500820538145787134929827923854014427769167765955439589471523740855438544673727729950836,3.7338785362668637849812428334205043332234044560410528476259144561455326272270049E-18,3.7351029092375731479700673956574577385125950819691905811557714494549686122972478E-18,0.033631787969156279,bfeffd508cd18ca9
paired_centered,12000,31,31,chan_random,slope,-0.75001171927342858,-0.7500117192734286950571902978674646630919946575440495563617709768485004890055865914708300509622197963,1.1635461199132009858042369021418467455636177097684850048900558659147083005096222E-16,1.5513705853028301163315216648639175969616482867777747659132094683293984861837212E-16,1.0480291744138956,bfe8001893bcacec
paired_centered,12000,31,31,chan_random,intercept,-0.00021166569006060036,-0.0002116656900605442174180839395126599350191977364454946596953201702228597569956916985470013521831251949,5.6146155125475289874021370909314092568389621086079777140243004308301452998647817E-17,2.6525864966313346540381325022006299708404427778631573130645646870686776962683617E-13,2071.427508644877,bf2bbe526ed8813d
paired_centered,12000,257,,welford,population_covariance,-637.52702414381974,-637.5270241438194599619779326035734130401932757061016301015743947249177210258019402970101433917686005,2.8453299854323127308354183797429389836989842560527508227897419805970298985660823E-13,4.4630735289276708466784016076909138463870903641924571807047299001344240161679947E-16,2.5027787230740355,c083ec37586f2f44
paired_centered,12000,257,,welford,correlation,-0.99967219833014953,-0.9996721983301500820538145787134929827923854014427769167765955439589471523740855438544673727729950836,5.5137763377631140642683459121198965191677659554395894715237408554385446737277300E-16,5.5155843555250532602258221216937960336073900334469994634068016925175966050478365E-16,4.9663682120308437,bfeffd508cd18ca4
paired_centered,12000,257,,welford,slope,-0.75001171927342769,-0.7500117192734286950571902978674646630919946575440495563617709768485004890055865914708300509622197963,1.0045330316914453309193290246868409245563617709768485004890055865914708300509622E-15,1.3393564472093626650951548734687677799403056004289670585517165080100748093662133E-15,9.0480291744138963,bfe8001893bcace4
paired_centered,12000,257,,welford,intercept,-0.00021166569006053146,-0.0002116656900605442174180839395126599350191977364454946596953201702228597569956916985470013521831251949,1.2754892935978516907152254585970703192718777351420222859756995691698547001352183E-17,6.0259614736474984164968532250430790404629922526487225344918018860444852092626585E-14,470.57249135512308,bf2bbe526ed8774f
paired_centered,12000,257,,chan_left,population_covariance,-637.52702414381963,-637.5270241438194599619779326035734130401932757061016301015743947249177210258019402970101433917686005,1.7084616082161524334416195516179389836989842560527508227897419805970298985660823E-13,2.6798261775813620722529504629387215695486692325594252113386795439757140218044587E-16,1.5027787230740357,c083ec37586f2f43
paired_centered,12000,257,,chan_left,correlation,-0.99967219833015031,-0.9996721983301500820538145787134929827923854014427769167765955439589471523740855438544673727729950836,2.2577848346129817186970757645158456683322340445604105284762591445614553262722700E-16,2.2585251829393473281619097922167228217821323445263684534989014772994082025912960E-16,2.0336317879691563,bfeffd508cd18cab
paired_centered,12000,257,,chan_left,slope,-0.75001171927342869,-0.7500117192734286950571902978674646630919946575440495563617709768485004890055865914708300509622197963,5.3323095288044445380605234051026433063617709768485004890055865914708300509622198E-18,7.1096349453980549504018281135947571656472322088787788462715016857979785248919644E-18,0.048029174413895682,bfe8001893bcaced
paired_centered,12000,257,,chan_left,intercept,-0.00021166569006059286,-0.0002116656900605442174180839395126599350191977364454946596953201702228597569956916985470013521831251949,4.8638055081013171668519760263289746216766085929829777140243004308301452998647817E-17,2.2978714720888817015182562089499345375817380041155317466112573186338012359367677E-13,1794.427508644877,bf2bbe526ed88028
paired_centered,12000,257,,chan_balanced,population_covariance,-637.5270241438194,-637.5270241438194599619779326035734130401932757061016301015743947249177210258019402970101433917686005,5.6527514621616816134597810463206101630101574394724917721025801940297010143391769E-14,8.8666852511125547659795182656566298412817303070663872739342116834170596692261331E-17,0.49722127692596435,c083ec37586f2f41
paired_centered,12000,257,,chan_balanced,correlation,-0.99967219833014986,-0.9996721983301500820538145787134929827923854014427769167765955439589471523740855438544673727729950836,2.1831072638876444429974509078474355816677659554395894715237408554385446737277300E-16,2.1838231247545958652025084443035736670118804428869846418757860483103088303453511E-16,1.9663682120308437,bfeffd508cd18ca7
paired_centered,12000,257,,chan_balanced,slope,-0.75001171927342847,-0.7500117192734286950571902978674646630919946575440495563617709768485004890055865914708300509622197963,2.2737691445383575262278685702326670580636177097684850048900558659147083005096222E-16,3.0316448211516796831590250485918876222668242514667617433637039198008171871185227E-16,2.0480291744138959,bfe8001893bcaceb
paired_centered,12000,257,,chan_balanced,intercept,-0.0002116656900605883,-0.0002116656900605442174180839395126599350191977364454946596953201702228597569956916985470013521831251949,4.4084405956574053045688458499635991028777804679829777140243004308301452998647817E-17,2.0827374499837116797733492874116066213815127261747335691233308280306992672158010E-13,1626.427508644877,bf2bbe526ed87f80
paired_centered,12000,257,0,chan_random,population_covariance,-637.52702414381963,-637.5270241438194599619779326035734130401932757061016301015743947249177210258019402970101433917686005,1.7084616082161524334416195516179389836989842560527508227897419805970298985660823E-13,2.6798261775813620722529504629387215695486692325594252113386795439757140218044587E-16,1.5027787230740357,c083ec37586f2f43
paired_centered,12000,257,0,chan_random,correlation,-0.99967219833015031,-0.9996721983301500820538145787134929827923854014427769167765955439589471523740855438544673727729950836,2.2577848346129817186970757645158456683322340445604105284762591445614553262722700E-16,2.2585251829393473281619097922167228217821323445263684534989014772994082025912960E-16,2.0336317879691563,bfeffd508cd18cab
paired_centered,12000,257,0,chan_random,slope,-0.75001171927342891,-0.7500117192734286950571902978674646630919946575440495563617709768485004890055865914708300509622197963,2.1671229539622686354666581021306141919363822902315149951099441340852916994903778E-16,2.8894521222437185841509884863199924789538796072891861664382738860848576166206834E-16,1.9519708255861044,bfe8001893bcacef
paired_centered,12000,257,0,chan_random,intercept,-0.00021166569006056629,-0.0002116656900605442174180839395126599350191977364454946596953201702228597569956916985470013521831251949,2.2075101855118313035337166641976174286834445304829777140243004308301452998647817E-17,1.0429230098087232413396324999763550264137572161275423779316861234490397517311285E-13,814.42750864487698,bf2bbe526ed87c54
paired_centered,12000,257,1,chan_random,population_covariance,-637.52702414381952,-637.5270241438194599619779326035734130401932757061016301015743947249177210258019402970101433917686005,5.7159323099999213604782072349293898369898425605275082278974198059702989856608231E-14,8.9657882623505329782749931818652929271024810092639324197262918781700402744092270E-17,0.50277872307403559,c083ec37586f2f42
paired_centered,12000,257,1,chan_random,correlation,-0.99967219833015009,-0.9996721983301500820538145787134929827923854014427769167765955439589471523740855438544673727729950836,3.7338785362668637849812428334205043332234044560410528476259144561455326272270049E-18,3.7351029092375731479700673956574577385125950819691905811557714494549686122972478E-18,0.033631787969156279,bfeffd508cd18ca9
paired_centered,12000,257,1,chan_random,slope,-0.75001171927342858,-0.7500117192734286950571902978674646630919946575440495563617709768485004890055865914708300509622197963,1.1635461199132009858042369021418467455636177097684850048900558659147083005096222E-16,1.5513705853028301163315216648639175969616482867777747659132094683293984861837212E-16,1.0480291744138956,bfe8001893bcacec
paired_centered,12000,257,1,chan_random,intercept,-0.00021166569006059481,-0.0002116656900605442174180839395126599350191977364454946596953201702228597569956916985470013521831251949,5.0589618991487079649733175304855641297332492179829777140243004308301452998647817E-17,2.3900717672768117108375020324663607873818345518044452512489401003208449368171821E-13,1866.427508644877,bf2bbe526ed88070
paired_centered,12000,257,2,chan_random,population_covariance,-637.52702414381952,-637.5270241438194599619779326035734130401932757061016301015743947249177210258019402970101433917686005,5.7159323099999213604782072349293898369898425605275082278974198059702989856608231E-14,8.9657882623505329782749931818652929271024810092639324197262918781700402744092270E-17,0.50277872307403559,c083ec37586f2f42
paired_centered,12000,257,2,chan_random,correlation,-0.99967219833015009,-0.9996721983301500820538145787134929827923854014427769167765955439589471523740855438544673727729950836,3.7338785362668637849812428334205043332234044560410528476259144561455326272270049E-18,3.7351029092375731479700673956574577385125950819691905811557714494549686122972478E-18,0.033631787969156279,bfeffd508cd18ca9
paired_centered,12000,257,2,chan_random,slope,-0.75001171927342869,-0.7500117192734286950571902978674646630919946575440495563617709768485004890055865914708300509622197963,5.3323095288044445380605234051026433063617709768485004890055865914708300509622198E-18,7.1096349453980549504018281135947571656472322088787788462715016857979785248919644E-18,0.048029174413895682,bfe8001893bcaced
paired_centered,12000,257,2,chan_random,intercept,-0.00021166569006059489,-0.0002116656900605442174180839395126599350191977364454946596953201702228597569956916985470013521831251949,5.0670934154423492482283734264920886925689425773579777140243004308301452998647817E-17,2.3939134462429754612258039417795452144568385746248166472755102162244717576871993E-13,1869.427508644877,bf2bbe526ed88073
paired_centered,12000,257,3,chan_random,population_covariance,-637.52702414381963,-637.5270241438194599619779326035734130401932757061016301015743947249177210258019402970101433917686005,1.7084616082161524334416195516179389836989842560527508227897419805970298985660823E-13,2.6798261775813620722529504629387215695486692325594252113386795439757140218044587E-16,1.5027787230740357,c083ec37586f2f43
paired_centered,12000,257,3,chan_random,correlation,-0.99967219833015031,-0.9996721983301500820538145787134929827923854014427769167765955439589471523740855438544673727729950836,2.2577848346129817186970757645158456683322340445604105284762591445614553262722700E-16,2.2585251829393473281619097922167228217821323445263684534989014772994082025912960E-16,2.0336317879691563,bfeffd508cd18cab
paired_centered,12000,257,3,chan_random,slope,-0.75001171927342891,-0.7500117192734286950571902978674646630919946575440495563617709768485004890055865914708300509622197963,2.1671229539622686354666581021306141919363822902315149951099441340852916994903778E-16,2.8894521222437185841509884863199924789538796072891861664382738860848576166206834E-16,1.9519708255861044,bfe8001893bcacef
paired_centered,12000,257,3,chan_random,intercept,-0.00021166569006058592,-0.0002116656900605442174180839395126599350191977364454946596953201702228597569956916985470013521831251949,4.1699161177105943290872062337722119263641085929829777140243004308301452998647817E-17,1.9700482003095750017164932808915300938480613901105059523439407615243125216952946E-13,1538.427508644877,bf2bbe526ed87f28
paired_centered,12000,257,4,chan_random,population_covariance,-637.52702414381952,-637.5270241438194599619779326035734130401932757061016301015743947249177210258019402970101433917686005,5.7159323099999213604782072349293898369898425605275082278974198059702989856608231E-14,8.9657882623505329782749931818652929271024810092639324197262918781700402744092270E-17,0.50277872307403559,c083ec37586f2f42
paired_centered,12000,257,4,chan_random,correlation,-0.99967219833015009,-0.9996721983301500820538145787134929827923854014427769167765955439589471523740855438544673727729950836,3.7338785362668637849812428334205043332234044560410528476259144561455326272270049E-18,3.7351029092375731479700673956574577385125950819691905811557714494549686122972478E-18,0.033631787969156279,bfeffd508cd18ca9
paired_centered,12000,257,4,chan_random,slope,-0.7500117192734288,-0.7500117192734286950571902978674646630919946575440495563617709768485004890055865914708300509622197963,1.0568999293371120950430264340397938794363822902315149951099441340852916994903778E-16,1.4091778863948690173234851025920224536487036426001991889877794346134389156858819E-16,0.95197082558610435,bfe8001893bcacee
paired_centered,12000,257,4,chan_random,intercept,-0.00021166569006060223,-0.0002116656900605442174180839395126599350191977364454946596953201702228597569956916985470013521831251949,5.8016403873012785022684226990814742020599093742329777140243004308301452998647817E-17,2.7409451128531009129690764164038717935655353027316994216756773528520945762787588E-13,2140.427508644877,bf2bbe526ed88182
paired_centered,12000,257,5,chan_random,population_covariance,-637.52702414381952,-637.5270241438194599619779326035734130401932757061016301015743947249177210258019402970101433917686005,5.7159323099999213604782072349293898369898425605275082278974198059702989856608231E-14,8.9657882623505329782749931818652929271024810092639324197262918781700402744092270E-17,0.50277872307403559,c083ec37586f2f42
paired_centered,12000,257,5,chan_random,correlation,-0.99967219833015009,-0.9996721983301500820538145787134929827923854014427769167765955439589471523740855438544673727729950836,3.7338785362668637849812428334205043332234044560410528476259144561455326272270049E-18,3.7351029092375731479700673956574577385125950819691905811557714494549686122972478E-18,0.033631787969156279,bfeffd508cd18ca9
paired_centered,12000,257,5,chan_random,slope,-0.75001171927342858,-0.7500117192734286950571902978674646630919946575440495563617709768485004890055865914708300509622197963,1.1635461199132009858042369021418467455636177097684850048900558659147083005096222E-16,1.5513705853028301163315216648639175969616482867777747659132094683293984861837212E-16,1.0480291744138956,bfe8001893bcacec
paired_centered,12000,257,5,chan_random,intercept,-0.00021166569006058391,-0.0002116656900605442174180839395126599350191977364454946596953201702228597569956916985470013521831251949,3.9693387158007760087958274656112727097503390617329777140243004308301452998647817E-17,1.8752867858108691588050461844996475593312954938746781836885445692348509402348688E-13,1464.427508644877,bf2bbe526ed87ede
paired_centered,12000,257,6,chan_random,population_covariance,-637.52702414381952,-637.5270241438194599619779326035734130401932757061016301015743947249177210258019402970101433917686005,5.7159323099999213604782072349293898369898425605275082278974198059702989856608231E-14,8.9657882623505329782749931818652929271024810092639324197262918781700402744092270E-17,0.50277872307403559,c083ec37586f2f42
paired_centered,12000,257,6,chan_random,correlation,-0.99967219833015009,-0.9996721983301500820538145787134929827923854014427769167765955439589471523740855438544673727729950836,3.7338785362668637849812428334205043332234044560410528476259144561455326272270049E-18,3.7351029092375731479700673956574577385125950819691905811557714494549686122972478E-18,0.033631787969156279,bfeffd508cd18ca9
paired_centered,12000,257,6,chan_random,slope,-0.75001171927342869,-0.7500117192734286950571902978674646630919946575440495563617709768485004890055865914708300509622197963,5.3323095288044445380605234051026433063617709768485004890055865914708300509622198E-18,7.1096349453980549504018281135947571656472322088787788462715016857979785248919644E-18,0.048029174413895682,bfe8001893bcaced
paired_centered,12000,257,6,chan_random,intercept,-0.00021166569006057293,-0.0002116656900605442174180839395126599350191977364454946596953201702228597569956916985470013521831251949,2.8715840161592027693632815047304567269317355461079777140243004308301452998647817E-17,1.3566601253787628563842884272197499042057524131245397201015789222452301227825383E-13,1059.427508644877,bf2bbe526ed87d49
paired_centered,12000,257,7,chan_random,population_covariance,-637.52702414381963,-637.5270241438194599619779326035734130401932757061016301015743947249177210258019402970101433917686005,1.7084616082161524334416195516179389836989842560527508227897419805970298985660823E-13,2.6798261775813620722529504629387215695486692325594252113386795439757140218044587E-16,1.5027787230740357,c083ec37586f2f43
paired_centered,12000,257,7,chan_random,correlation,-0.99967219833015031,-0.9996721983301500820538145787134929827923854014427769167765955439589471523740855438544673727729950836,2.2577848346129817186970757645158456683322340445604105284762591445614553262722700E-16,2.2585251829393473281619097922167228217821323445263684534989014772994082025912960E-16,2.0336317879691563,bfeffd508cd18cab
paired_centered,12000,257,7,chan_random,slope,-0.75001171927342891,-0.7500117192734286950571902978674646630919946575440495563617709768485004890055865914708300509622197963,2.1671229539622686354666581021306141919363822902315149951099441340852916994903778E-16,2.8894521222437185841509884863199924789538796072891861664382738860848576166206834E-16,1.9519708255861044,bfe8001893bcacef
paired_centered,12000,257,7,chan_random,intercept,-0.00021166569006056076,-0.0002116656900605442174180839395126599350191977364454946596953201702228597569956916985470013521831251949,1.6545670775442240421899157357539471558562960929829777140243004308301452998647817E-17,7.8168884010958821493510266667981398531348366434228744812491824200241593256995460E-14,610.42750864487698,bf2bbe526ed87b88
paired_centered,12000,257,8,chan_random,population_covariance,-637.52702414381952,-637.5270241438194599619779326035734130401932757061016301015743947249177210258019402970101433917686005,5.7159323099999213604782072349293898369898425605275082278974198059702989856608231E-14,8.9657882623505329782749931818652929271024810092639324197262918781700402744092270E-17,0.50277872307403559,c083ec37586f2f42
paired_centered,12000,257,8,chan_random,correlation,-0.99967219833015009,-0.9996721983301500820538145787134929827923854014427769167765955439589471523740855438544673727729950836,3.7338785362668637849812428334205043332234044560410528476259144561455326272270049E-18,3.7351029092375731479700673956574577385125950819691905811557714494549686122972478E-18,0.033631787969156279,bfeffd508cd18ca9
paired_centered,12000,257,8,chan_random,slope,-0.75001171927342836,-0.7500117192734286950571902978674646630919946575440495563617709768485004890055865914708300509622197963,3.3839921691635140666515002383234873705636177097684850048900558659147083005096222E-16,4.5119190570005292499865284323198576475720002161557487208141983712722358880533242E-16,3.0480291744138959,bfe8001893bcacea
paired_centered,12000,257,8,chan_random,intercept,-0.00021166569006059822,-0.0002116656900605442174180839395126599350191977364454946596953201702228597569956916985470013521831251949,5.4004855834816418616856651627595957688323703117329777140243004308301452998647817E-17,2.5514222838556892271461822236201067245320035102600438843648849682731714133579071E-13,1992.427508644877,bf2bbe526ed880ee
paired_centered,12000,257,9,chan_random,population_covariance,-637.5270241438194,-637.5270241438194599619779326035734130401932757061016301015743947249177210258019402970101433917686005,5.6527514621616816134597810463206101630101574394724917721025801940297010143391769E-14,8.8666852511125547659795182656566298412817303070663872739342116834170596692261331E-17,0.49722127692596435,c083ec37586f2f41
paired_centered,12000,257,9,chan_random,correlation,-0.99967219833014986,-0.9996721983301500820538145787134929827923854014427769167765955439589471523740855438544673727729950836,2.1831072638876444429974509078474355816677659554395894715237408554385446737277300E-16,2.1838231247545958652025084443035736670118804428869846418757860483103088303453511E-16,1.9663682120308437,bfeffd508cd18ca7
paired_centered,12000,257,9,chan_random,slope,-0.75001171927342847,-0.7500117192734286950571902978674646630919946575440495563617709768485004890055865914708300509622197963,2.2737691445383575262278685702326670580636177097684850048900558659147083005096222E-16,3.0316448211516796831590250485918876222668242514667617433637039198008171871185227E-16,2.0480291744138959,bfe8001893bcaceb
paired_centered,12000,257,9,chan_random,intercept,-0.00021166569006057288,-0.0002116656900605442174180839395126599350191977364454946596953201702228597569956916985470013521831251949,2.8661630052967752471932442407261070183746066398579777140243004308301452998647817E-17,1.3540990060679870227920871543442936194890830645776254560838655116428122422025268E-13,1057.427508644877,bf2bbe526ed87d47
paired_centered,12000,257,10,chan_random,population_covariance,-637.52702414381963,-637.5270241438194599619779326035734130401932757061016301015743947249177210258019402970101433917686005,1.7084616082161524334416195516179389836989842560527508227897419805970298985660823E-13,2.6798261775813620722529504629387215695486692325594252113386795439757140218044587E-16,1.5027787230740357,c083ec37586f2f43
paired_centered,12000,257,10,chan_random,correlation,-0.99967219833015031,-0.9996721983301500820538145787134929827923854014427769167765955439589471523740855438544673727729950836,2.2577848346129817186970757645158456683322340445604105284762591445614553262722700E-16,2.2585251829393473281619097922167228217821323445263684534989014772994082025912960E-16,2.0336317879691563,bfeffd508cd18cab
paired_centered,12000,257,10,chan_random,slope,-0.75001171927342891,-0.7500117192734286950571902978674646630919946575440495563617709768485004890055865914708300509622197963,2.1671229539622686354666581021306141919363822902315149951099441340852916994903778E-16,2.8894521222437185841509884863199924789538796072891861664382738860848576166206834E-16,1.9519708255861044,bfe8001893bcacef
paired_centered,12000,257,10,chan_random,intercept,-0.0002116656900606002,-0.0002116656900605442174180839395126599350191977364454946596953201702228597569956916985470013521831251949,5.5983524799602464208920252989183601311675753898579777140243004308301452998647817E-17,2.6449031386990071532615286835742611166904347322224145210114244552614240545283272E-13,2065.427508644877,bf2bbe526ed88137
paired_centered,12000,257,11,chan_random,population_covariance,-637.52702414381952,-637.5270241438194599619779326035734130401932757061016301015743947249177210258019402970101433917686005,5.7159323099999213604782072349293898369898425605275082278974198059702989856608231E-14,8.9657882623505329782749931818652929271024810092639324197262918781700402744092270E-17,0.50277872307403559,c083ec37586f2f42
paired_centered,12000,257,11,chan_random,correlation,-0.99967219833015009,-0.9996721983301500820538145787134929827923854014427769167765955439589471523740855438544673727729950836,3.7338785362668637849812428334205043332234044560410528476259144561455326272270049E-18,3.7351029092375731479700673956574577385125950819691905811557714494549686122972478E-18,0.033631787969156279,bfeffd508cd18ca9
paired_centered,12000,257,11,chan_random,slope,-0.7500117192734288,-0.7500117192734286950571902978674646630919946575440495563617709768485004890055865914708300509622197963,1.0568999293371120950430264340397938794363822902315149951099441340852916994903778E-16,1.4091778863948690173234851025920224536487036426001991889877794346134389156858819E-16,0.95197082558610435,bfe8001893bcacee
paired_centered,12000,257,11,chan_random,intercept,-0.00021166569006059323,-0.0002116656900605442174180839395126599350191977364454946596953201702228597569956916985470013521831251949,4.9017525841383098220422368743594225815765109367329777140243004308301452998647817E-17,2.3157993072643125366636651190781285305984234439439315947352511928507263999968483E-13,1808.427508644877,bf2bbe526ed88036
paired_centered,12000,257,12,chan_random,population_covariance,-637.52702414381952,-637.5270241438194599619779326035734130401932757061016301015743947249177210258019402970101433917686005,5.7159323099999213604782072349293898369898425605275082278974198059702989856608231E-14,8.9657882623505329782749931818652929271024810092639324197262918781700402744092270E-17,0.50277872307403559,c083ec37586f2f42
paired_centered,12000,257,12,chan_random,correlation,-0.99967219833015009,-0.9996721983301500820538145787134929827923854014427769167765955439589471523740855438544673727729950836,3.7338785362668637849812428334205043332234044560410528476259144561455326272270049E-18,3.7351029092375731479700673956574577385125950819691905811557714494549686122972478E-18,0.033631787969156279,bfeffd508cd18ca9
paired_centered,12000,257,12,chan_random,slope,-0.75001171927342869,-0.7500117192734286950571902978674646630919946575440495563617709768485004890055865914708300509622197963,5.3323095288044445380605234051026433063617709768485004890055865914708300509622198E-18,7.1096349453980549504018281135947571656472322088787788462715016857979785248919644E-18,0.048029174413895682,bfe8001893bcaced
paired_centered,12000,257,12,chan_random,intercept,-0.00021166569006058483,-0.0002116656900605442174180839395126599350191977364454946596953201702228597569956916985470013521831251949,4.0614959004620438856864609536852177552215304679829777140243004308301452998647817E-17,1.9188258140940583298724678233824043995146744191722206719896725494759549100950645E-13,1498.427508644877,bf2bbe526ed87f00
paired_centered,12000,257,13,chan_random,population_covariance,-637.52702414381952,-637.5270241438194599619779326035734130401932757061016301015743947249177210258019402970101433917686005,5.7159323099999213604782072349293898369898425605275082278974198059702989856608231E-14,8.9657882623505329782749931818652929271024810092639324197262918781700402744092270E-17,0.50277872307403559,c083ec37586f2f42
paired_centered,12000,257,13,chan_random,correlation,-0.99967219833015009,-0.9996721983301500820538145787134929827923854014427769167765955439589471523740855438544673727729950836,3.7338785362668637849812428334205043332234044560410528476259144561455326272270049E-18,3.7351029092375731479700673956574577385125950819691905811557714494549686122972478E-18,0.033631787969156279,bfeffd508cd18ca9
paired_centered,12000,257,13,chan_random,slope,-0.75001171927342869,-0.7500117192734286950571902978674646630919946575440495563617709768485004890055865914708300509622197963,5.3323095288044445380605234051026433063617709768485004890055865914708300509622198E-18,7.1096349453980549504018281135947571656472322088787788462715016857979785248919644E-18,0.048029174413895682,bfe8001893bcaced
paired_centered,12000,257,13,chan_random,intercept,-0.00021166569006060129,-0.0002116656900605442174180839395126599350191977364454946596953201702228597569956916985470013521831251949,5.7067726972087968642927705790053543023101535148579777140243004308301452998647817E-17,2.6961255249145238251055541410833868110238217031606998013656926673097816661285573E-13,2105.427508644877,bf2bbe526ed8815f
paired_centered,12000,257,14,chan_random,population_covariance,-637.52702414381952,-637.5270241438194599619779326035734130401932757061016301015743947249177210258019402970101433917686005,5.7159323099999213604782072349293898369898425605275082278974198059702989856608231E-14,8.9657882623505329782749931818652929271024810092639324197262918781700402744092270E-17,0.50277872307403559,c083ec37586f2f42
paired_centered,12000,257,14,chan_random,correlation,-0.99967219833015009,-0.9996721983301500820538145787134929827923854014427769167765955439589471523740855438544673727729950836,3.7338785362668637849812428334205043332234044560410528476259144561455326272270049E-18,3.7351029092375731479700673956574577385125950819691905811557714494549686122972478E-18,0.033631787969156279,bfeffd508cd18ca9
paired_centered,12000,257,14,chan_random,slope,-0.75001171927342869,-0.7500117192734286950571902978674646630919946575440495563617709768485004890055865914708300509622197963,5.3323095288044445380605234051026433063617709768485004890055865914708300509622198E-18,7.1096349453980549504018281135947571656472322088787788462715016857979785248919644E-18,0.048029174413895682,bfe8001893bcaced
paired_centered,12000,257,14,chan_random,intercept,-0.00021166569006059502,-0.0002116656900605442174180839395126599350191977364454946596953201702228597569956916985470013521831251949,5.0806459425984180536534665865029629639617648429829777140243004308301452998647817E-17,2.4003162445199150452063071239681859262485119459921023073197937427305164591372281E-13,1874.427508644877,bf2bbe526ed88078
paired_centered,12000,257,15,chan_random,population_covariance,-637.52702414381974,-637.5270241438194599619779326035734130401932757061016301015743947249177210258019402970101433917686005,2.8453299854323127308354183797429389836989842560527508227897419805970298985660823E-13,4.4630735289276708466784016076909138463870903641924571807047299001344240161679947E-16,2.5027787230740355,c083ec37586f2f44
paired_centered,12000,257,15,chan_random,correlation,-0.99967219833015031,-0.9996721983301500820538145787134929827923854014427769167765955439589471523740855438544673727729950836,2.2577848346129817186970757645158456683322340445604105284762591445614553262722700E-16,2.2585251829393473281619097922167228217821323445263684534989014772994082025912960E-16,2.0336317879691563,bfeffd508cd18cab
paired_centered,12000,257,15,chan_random,slope,-0.75001171927342891,-0.7500117192734286950571902978674646630919946575440495563617709768485004890055865914708300509622197963,2.1671229539622686354666581021306141919363822902315149951099441340852916994903778E-16,2.8894521222437185841509884863199924789538796072891861664382738860848576166206834E-16,1.9519708255861044,bfe8001893bcacef
paired_centered,12000,257,15,chan_random,intercept,-0.0002116656900605905,-0.0002116656900605442174180839395126599350191977364454946596953201702228597569956916985470013521831251949,4.6279915355857199524553550421397622994415011711079777140243004308301452998647817E-17,2.1864627820701329402575008388675861524066213423247612618407239574286234307062671E-13,1707.427508644877,bf2bbe526ed87fd1
paired_centered,12000,257,16,chan_random,population_covariance,-637.52702414381952,-637.5270241438194599619779326035734130401932757061016301015743947249177210258019402970101433917686005,5.7159323099999213604782072349293898369898425605275082278974198059702989856608231E-14,8.9657882623505329782749931818652929271024810092639324197262918781700402744092270E-17,0.50277872307403559,c083ec37586f2f42
paired_centered,12000,257,16,chan_random,correlation,-0.99967219833015009,-0.9996721983301500820538145787134929827923854014427769167765955439589471523740855438544673727729950836,3.7338785362668637849812428334205043332234044560410528476259144561455326272270049E-18,3.7351029092375731479700673956574577385125950819691905811557714494549686122972478E-18,0.033631787969156279,bfeffd508cd18ca9
paired_centered,12000,257,16,chan_random,slope,-0.75001171927342869,-0.7500117192734286950571902978674646630919946575440495563617709768485004890055865914708300509622197963,5.3323095288044445380605234051026433063617709768485004890055865914708300509622198E-18,7.1096349453980549504018281135947571656472322088787788462715016857979785248919644E-18,0.048029174413895682,bfe8001893bcaced
paired_centered,12000,257,16,chan_random,intercept,-0.00021166569006058559,-0.0002116656900605442174180839395126599350191977364454946596953201702228597569956916985470013521831251949,4.1373900525360291960669826497461136750213351554829777140243004308301452998647817E-17,1.9546814844449200001632856436387923855480452988290203682376602979098052382152256E-13,1526.427508644877,bf2bbe526ed87f1c
paired_centered,12000,257,17,chan_random,population_covariance,-637.52702414381952,-637.5270241438194599619779326035734130401932757061016301015743947249177210258019402970101433917686005,5.7159323099999213604782072349293898369898425605275082278974198059702989856608231E-14,8.9657882623505329782749931818652929271024810092639324197262918781700402744092270E-17,0.50277872307403559,c083ec37586f2f42
paired_centered,12000,257,17,chan_random,correlation,-0.99967219833015009,-0.9996721983301500820538145787134929827923854014427769167765955439589471523740855438544673727729950836,3.7338785362668637849812428334205043332234044560410528476259144561455326272270049E-18,3.7351029092375731479700673956574577385125950819691905811557714494549686122972478E-18,0.033631787969156279,bfeffd508cd18ca9
paired_centered,12000,257,17,chan_random,slope,-0.75001171927342869,-0.7500117192734286950571902978674646630919946575440495563617709768485004890055865914708300509622197963,5.3323095288044445380605234051026433063617709768485004890055865914708300509622198E-18,7.1096349453980549504018281135947571656472322088787788462715016857979785248919644E-18,0.048029174413895682,bfe8001893bcaced
paired_centered,12000,257,17,chan_random,intercept,-0.00021166569006060253,-0.0002116656900605442174180839395126599350191977364454946596953201702228597569956916985470013521831251949,5.8314559470446298742036276511053975991241183586079777140243004308301452998647817E-17,2.7550312690623679977261834172188813595072167197397278737731011111653929194688220E-13,2151.427508644877,bf2bbe526ed8818d
paired_centered,12000,257,18,chan_random,population_covariance,-637.52702414381952,-637.5270241438194599619779326035734130401932757061016301015743947249177210258019402970101433917686005,5.7159323099999213604782072349293898369898425605275082278974198059702989856608231E-14,8.9657882623505329782749931818652929271024810092639324197262918781700402744092270E-17,0.50277872307403559,c083ec37586f2f42
paired_centered,12000,257,18,chan_random,correlation,-0.99967219833015009,-0.9996721983301500820538145787134929827923854014427769167765955439589471523740855438544673727729950836,3.7338785362668637849812428334205043332234044560410528476259144561455326272270049E-18,3.7351029092375731479700673956574577385125950819691905811557714494549686122972478E-18,0.033631787969156279,bfeffd508cd18ca9
paired_centered,12000,257,18,chan_random,slope,-0.75001171927342869,-0.7500117192734286950571902978674646630919946575440495563617709768485004890055865914708300509622197963,5.3323095288044445380605234051026433063617709768485004890055865914708300509622198E-18,7.1096349453980549504018281135947571656472322088787788462715016857979785248919644E-18,0.048029174413895682,bfe8001893bcaced
paired_centered,12000,257,18,chan_random,intercept,-0.00021166569006059684,-0.0002116656900605442174180839395126599350191977364454946596953201702228597569956916985470013521831251949,5.2622498064897400463497149306486782006255832023579777140243004308301452998647817E-17,2.4861137414309054705450497652959714642569351223137301519131929979115154585676136E-13,1941.427508644877,bf2bbe526ed880bb
paired_centered,12000,257,19,chan_random,population_covariance,-637.52702414381952,-637.5270241438194599619779326035734130401932757061016301015743947249177210258019402970101433917686005,5.7159323099999213604782072349293898369898425605275082278974198059702989856608231E-14,8.9657882623505329782749931818652929271024810092639324197262918781700402744092270E-17,0.50277872307403559,c083ec37586f2f42
paired_centered,12000,257,19,chan_random,correlation,-0.99967219833015009,-0.9996721983301500820538145787134929827923854014427769167765955439589471523740855438544673727729950836,3.7338785362668637849812428334205043332234044560410528476259144561455326272270049E-18,3.7351029092375731479700673956574577385125950819691905811557714494549686122972478E-18,0.033631787969156279,bfeffd508cd18ca9
paired_centered,12000,257,19,chan_random,slope,-0.7500117192734288,-0.7500117192734286950571902978674646630919946575440495563617709768485004890055865914708300509622197963,1.0568999293371120950430264340397938794363822902315149951099441340852916994903778E-16,1.4091778863948690173234851025920224536487036426001991889877794346134389156858819E-16,0.95197082558610435,bfe8001893bcacee
paired_centered,12000,257,19,chan_random,intercept,-0.00021166569006059435,-0.0002116656900605442174180839395126599350191977364454946596953201702228597569956916985470013521831251949,5.0128833068180740265280007864485916069976535148579777140243004308301452998647817E-17,2.3683022531352171253037912130249823672901450891556740070983761102002929518870842E-13,1849.427508644877,bf2bbe526ed8805f
paired_centered,12000,257,20,chan_random,population_covariance,-637.5270241438194,-637.5270241438194599619779326035734130401932757061016301015743947249177210258019402970101433917686005,5.6527514621616816134597810463206101630101574394724917721025801940297010143391769E-14,8.8666852511125547659795182656566298412817303070663872739342116834170596692261331E-17,0.49722127692596435,c083ec37586f2f41
paired_centered,12000,257,20,chan_random,correlation,-0.99967219833014986,-0.9996721983301500820538145787134929827923854014427769167765955439589471523740855438544673727729950836,2.1831072638876444429974509078474355816677659554395894715237408554385446737277300E-16,2.1838231247545958652025084443035736670118804428869846418757860483103088303453511E-16,1.9663682120308437,bfeffd508cd18ca7
paired_centered,12000,257,20,chan_random,slope,-0.75001171927342847,-0.7500117192734286950571902978674646630919946575440495563617709768485004890055865914708300509622197963,2.2737691445383575262278685702326670580636177097684850048900558659147083005096222E-16,3.0316448211516796831590250485918876222668242514667617433637039198008171871185227E-16,2.0480291744138959,bfe8001893bcaceb
paired_centered,12000,257,20,chan_random,intercept,-0.00021166569006059088,-0.0002116656900605442174180839395126599350191977364454946596953201702228597569956916985470013521831251949,4.6659386116227126076456158901702102593414035148579777140243004308301452998647817E-17,2.2043906172455637754029097489957801454233067821531611099647178316455485947663477E-13,1721.427508644877,bf2bbe526ed87fdf
paired_centered,12000,257,21,chan_random,population_covariance,-637.52702414381952,-637.5270241438194599619779326035734130401932757061016301015743947249177210258019402970101433917686005,5.7159323099999213604782072349293898369898425605275082278974198059702989856608231E-14,8.9657882623505329782749931818652929271024810092639324197262918781700402744092270E-17,0.50277872307403559,c083ec37586f2f42
paired_centered,12000,257,21,chan_random,correlation,-0.99967219833015009,-0.9996721983301500820538145787134929827923854014427769167765955439589471523740855438544673727729950836,3.7338785362668637849812428334205043332234044560410528476259144561455326272270049E-18,3.7351029092375731479700673956574577385125950819691905811557714494549686122972478E-18,0.033631787969156279,bfeffd508cd18ca9
paired_centered,12000,257,21,chan_random,slope,-0.75001171927342869,-0.7500117192734286950571902978674646630919946575440495563617709768485004890055865914708300509622197963,5.3323095288044445380605234051026433063617709768485004890055865914708300509622198E-18,7.1096349453980549504018281135947571656472322088787788462715016857979785248919644E-18,0.048029174413895682,bfe8001893bcaced
paired_centered,12000,257,21,chan_random,intercept,-0.00021166569006059828,-0.0002116656900605442174180839395126599350191977364454946596953201702228597569956916985470013521831251949,5.4059065943440693838557024267639454773894992179829777140243004308301452998647817E-17,2.5539834031664650607383834964955630092486728588069581483825983788755892939379186E-13,1994.427508644877,bf2bbe526ed880f0
paired_centered,12000,257,22,chan_random,population_covariance,-637.52702414381952,-637.5270241438194599619779326035734130401932757061016301015743947249177210258019402970101433917686005,5.7159323099999213604782072349293898369898425605275082278974198059702989856608231E-14,8.9657882623505329782749931818652929271024810092639324197262918781700402744092270E-17,0.50277872307403559,c083ec37586f2f42
paired_centered,12000,257,22,chan_random,correlation,-0.99967219833015009,-0.9996721983301500820538145787134929827923854014427769167765955439589471523740855438544673727729950836,3.7338785362668637849812428334205043332234044560410528476259144561455326272270049E-18,3.7351029092375731479700673956574577385125950819691905811557714494549686122972478E-18,0.033631787969156279,bfeffd508cd18ca9
paired_centered,12000,257,22,chan_random,slope,-0.75001171927342869,-0.7500117192734286950571902978674646630919946575440495563617709768485004890055865914708300509622197963,5.3323095288044445380605234051026433063617709768485004890055865914708300509622198E-18,7.1096349453980549504018281135947571656472322088787788462715016857979785248919644E-18,0.048029174413895682,bfe8001893bcaced
paired_centered,12000,257,22,chan_random,intercept,-0.00021166569006059445,-0.0002116656900605442174180839395126599350191977364454946596953201702228597569956916985470013521831251949,5.0237253285429290708680753144572910241119113273579777140243004308301452998647817E-17,2.3734244917567687924881937587758949367234837862495025351338029314051287130471073E-13,1853.427508644877,bf2bbe526ed88063
paired_centered,12000,257,23,chan_random,population_covariance,-637.52702414381952,-637.5270241438194599619779326035734130401932757061016301015743947249177210258019402970101433917686005,5.7159323099999213604782072349293898369898425605275082278974198059702989856608231E-14,8.9657882623505329782749931818652929271024810092639324197262918781700402744092270E-17,0.50277872307403559,c083ec37586f2f42
paired_centered,12000,257,23,chan_random,correlation,-0.99967219833015031,-0.9996721983301500820538145787134929827923854014427769167765955439589471523740855438544673727729950836,2.2577848346129817186970757645158456683322340445604105284762591445614553262722700E-16,2.2585251829393473281619097922167228217821323445263684534989014772994082025912960E-16,2.0336317879691563,bfeffd508cd18cab
paired_centered,12000,257,23,chan_random,slope,-0.75001171927342891,-0.7500117192734286950571902978674646630919946575440495563617709768485004890055865914708300509622197963,2.1671229539622686354666581021306141919363822902315149951099441340852916994903778E-16,2.8894521222437185841509884863199924789538796072891861664382738860848576166206834E-16,1.9519708255861044,bfe8001893bcacef
paired_centered,12000,257,23,chan_random,intercept,-0.00021166569006060145,-0.0002116656900605442174180839395126599350191977364454946596953201702228597569956916985470013521831251949,5.7230357297960794308028823710184034279815402336079777140243004308301452998647817E-17,2.7038088828468513258821579597097556651738297488014425934188328991170353078685919E-13,2111.427508644877,bf2bbe526ed88165
paired_centered,12000,257,24,chan_random,population_covariance,-637.5270241438194,-637.5270241438194599619779326035734130401932757061016301015743947249177210258019402970101433917686005,5.6527514621616816134597810463206101630101574394724917721025801940297010143391769E-14,8.8666852511125547659795182656566298412817303070663872739342116834170596692261331E-17,0.49722127692596435,c083ec37586f2f41
paired_centered,12000,257,24,chan_random,correlation,-0.99967219833015009,-0.9996721983301500820538145787134929827923854014427769167765955439589471523740855438544673727729950836,3.7338785362668637849812428334205043332234044560410528476259144561455326272270049E-18,3.7351029092375731479700673956574577385125950819691905811557714494549686122972478E-18,0.033631787969156279,bfeffd508cd18ca9
paired_centered,12000,257,24,chan_random,slope,-0.75001171927342869,-0.7500117192734286950571902978674646630919946575440495563617709768485004890055865914708300509622197963,5.3323095288044445380605234051026433063617709768485004890055865914708300509622198E-18,7.1096349453980549504018281135947571656472322088787788462715016857979785248919644E-18,0.048029174413895682,bfe8001893bcaced
paired_centered,12000,257,24,chan_random,intercept,-0.00021166569006059361,-0.0002116656900605442174180839395126599350191977364454946596953201702228597569956916985470013521831251949,4.9396996601753024772324977223898705414764132804829777140243004308301452998647817E-17,2.3337271424397433718090740292063225236151088837723314428592450670676515640569289E-13,1822.427508644877,bf2bbe526ed88044
paired_centered,12000,257,25,chan_random,population_covariance,-637.52702414381952,-637.5270241438194599619779326035734130401932757061016301015743947249177210258019402970101433917686005,5.7159323099999213604782072349293898369898425605275082278974198059702989856608231E-14,8.9657882623505329782749931818652929271024810092639324197262918781700402744092270E-17,0.50277872307403559,c083ec37586f2f42
paired_centered,12000,257,25,chan_random,correlation,-0.99967219833015009,-0.9996721983301500820538145787134929827923854014427769167765955439589471523740855438544673727729950836,3.7338785362668637849812428334205043332234044560410528476259144561455326272270049E-18,3.7351029092375731479700673956574577385125950819691905811557714494549686122972478E-18,0.033631787969156279,bfeffd508cd18ca9
paired_centered,12000,257,25,chan_random,slope,-0.75001171927342869,-0.7500117192734286950571902978674646630919946575440495563617709768485004890055865914708300509622197963,5.3323095288044445380605234051026433063617709768485004890055865914708300509622198E-18,7.1096349453980549504018281135947571656472322088787788462715016857979785248919644E-18,0.048029174413895682,bfe8001893bcaced
paired_centered,12000,257,25,chan_random,intercept,-0.00021166569006057936,-0.0002116656900605442174180839395126599350191977364454946596953201702228597569956916985470013521831251949,3.5139738033568641465126972892458971909515109367329777140243004308301452998647817E-17,1.6601527637056991370601392629613196431310702159338800062006180786317489715139021E-13,1296.427508644877,bf2bbe526ed87e36
paired_centered,12000,257,26,chan_random,population_covariance,-637.5270241438194,-637.5270241438194599619779326035734130401932757061016301015743947249177210258019402970101433917686005,5.6527514621616816134597810463206101630101574394724917721025801940297010143391769E-14,8.8666852511125547659795182656566298412817303070663872739342116834170596692261331E-17,0.49722127692596435,c083ec37586f2f41
paired_centered,12000,257,26,chan_random,correlation,-0.99967219833015009,-0.9996721983301500820538145787134929827923854014427769167765955439589471523740855438544673727729950836,3.7338785362668637849812428334205043332234044560410528476259144561455326272270049E-18,3.7351029092375731479700673956574577385125950819691905811557714494549686122972478E-18,0.033631787969156279,bfeffd508cd18ca9
paired_centered,12000,257,26,chan_random,slope,-0.75001171927342869,-0.7500117192734286950571902978674646630919946575440495563617709768485004890055865914708300509622197963,5.3323095288044445380605234051026433063617709768485004890055865914708300509622198E-18,7.1096349453980549504018281135947571656472322088787788462715016857979785248919644E-18,0.048029174413895682,bfe8001893bcaced
paired_centered,12000,257,26,chan_random,intercept,-0.00021166569006058616,-0.0002116656900605442174180839395126599350191977364454946596953201702228597569956916985470013521831251949,4.1943106665915181788523739217917856148711886711079777140243004308301452998647817E-17,1.9815732372080662528813990088310833750730734585716201404236511092351929843053464E-13,1547.427508644877,bf2bbe526ed87f31
paired_centered,12000,257,27,chan_random,population_covariance,-637.52702414381952,-637.5270241438194599619779326035734130401932757061016301015743947249177210258019402970101433917686005,5.7159323099999213604782072349293898369898425605275082278974198059702989856608231E-14,8.9657882623505329782749931818652929271024810092639324197262918781700402744092270E-17,0.50277872307403559,c083ec37586f2f42
paired_centered,12000,257,27,chan_random,correlation,-0.99967219833015009,-0.9996721983301500820538145787134929827923854014427769167765955439589471523740855438544673727729950836,3.7338785362668637849812428334205043332234044560410528476259144561455326272270049E-18,3.7351029092375731479700673956574577385125950819691905811557714494549686122972478E-18,0.033631787969156279,bfeffd508cd18ca9
paired_centered,12000,257,27,chan_random,slope,-0.7500117192734288,-0.7500117192734286950571902978674646630919946575440495563617709768485004890055865914708300509622197963,1.0568999293371120950430264340397938794363822902315149951099441340852916994903778E-16,1.4091778863948690173234851025920224536487036426001991889877794346134389156858819E-16,0.95197082558610435,bfe8001893bcacee
paired_centered,12000,257,27,chan_random,intercept,-0.0002116656900605944,-0.0002116656900605442174180839395126599350191977364454946596953201702228597569956916985470013521831251949,5.0183043176805015486980380504529413155547824211079777140243004308301452998647817E-17,2.3708633724459929588959924859004386520068144377025882711160895208027108324670957E-13,1851.427508644877,bf2bbe526ed88061
paired_centered,12000,257,28,chan_random,population_covariance,-637.52702414381952,-637.5270241438194599619779326035734130401932757061016301015743947249177210258019402970101433917686005,5.7159323099999213604782072349293898369898425605275082278974198059702989856608231E-14,8.9657882623505329782749931818652929271024810092639324197262918781700402744092270E-17,0.50277872307403559,c083ec37586f2f42
paired_centered,12000,257,28,chan_random,correlation,-0.99967219833015009,-0.9996721983301500820538145787134929827923854014427769167765955439589471523740855438544673727729950836,3.7338785362668637849812428334205043332234044560410528476259144561455326272270049E-18,3.7351029092375731479700673956574577385125950819691905811557714494549686122972478E-18,0.033631787969156279,bfeffd508cd18ca9
paired_centered,12000,257,28,chan_random,slope,-0.7500117192734288,-0.7500117192734286950571902978674646630919946575440495563617709768485004890055865914708300509622197963,1.0568999293371120950430264340397938794363822902315149951099441340852916994903778E-16,1.4091778863948690173234851025920224536487036426001991889877794346134389156858819E-16,0.95197082558610435,bfe8001893bcacee
paired_centered,12000,257,28,chan_random,intercept,-0.00021166569006059551,-0.0002116656900605442174180839395126599350191977364454946596953201702228597569956916985470013521831251949,5.1294350403602657531838019625421103409759249992329777140243004308301452998647817E-17,2.4233663183168975475361185798472924886985360829143306834792144381522773843573317E-13,1892.427508644877,bf2bbe526ed8808a
paired_centered,12000,257,29,chan_random,population_covariance,-637.52702414381952,-637.5270241438194599619779326035734130401932757061016301015743947249177210258019402970101433917686005,5.7159323099999213604782072349293898369898425605275082278974198059702989856608231E-14,8.9657882623505329782749931818652929271024810092639324197262918781700402744092270E-17,0.50277872307403559,c083ec37586f2f42
paired_centered,12000,257,29,chan_random,correlation,-0.99967219833015009,-0.9996721983301500820538145787134929827923854014427769167765955439589471523740855438544673727729950836,3.7338785362668637849812428334205043332234044560410528476259144561455326272270049E-18,3.7351029092375731479700673956574577385125950819691905811557714494549686122972478E-18,0.033631787969156279,bfeffd508cd18ca9
paired_centered,12000,257,29,chan_random,slope,-0.7500117192734288,-0.7500117192734286950571902978674646630919946575440495563617709768485004890055865914708300509622197963,1.0568999293371120950430264340397938794363822902315149951099441340852916994903778E-16,1.4091778863948690173234851025920224536487036426001991889877794346134389156858819E-16,0.95197082558610435,bfe8001893bcacee
paired_centered,12000,257,29,chan_random,intercept,-0.00021166569006059492,-0.0002116656900605442174180839395126599350191977364454946596953201702228597569956916985470013521831251949,5.0698039208735630093133920584942635468475070304829777140243004308301452998647817E-17,2.3951940058983633780219045782172733568151732488982737792843669215256806979772051E-13,1870.427508644877,bf2bbe526ed88074
paired_centered,12000,257,30,chan_random,population_covariance,-637.52702414381952,-637.5270241438194599619779326035734130401932757061016301015743947249177210258019402970101433917686005,5.7159323099999213604782072349293898369898425605275082278974198059702989856608231E-14,8.9657882623505329782749931818652929271024810092639324197262918781700402744092270E-17,0.50277872307403559,c083ec37586f2f42
paired_centered,12000,257,30,chan_random,correlation,-0.99967219833015009,-0.9996721983301500820538145787134929827923854014427769167765955439589471523740855438544673727729950836,3.7338785362668637849812428334205043332234044560410528476259144561455326272270049E-18,3.7351029092375731479700673956574577385125950819691905811557714494549686122972478E-18,0.033631787969156279,bfeffd508cd18ca9
paired_centered,12000,257,30,chan_random,slope,-0.75001171927342858,-0.7500117192734286950571902978674646630919946575440495563617709768485004890055865914708300509622197963,1.1635461199132009858042369021418467455636177097684850048900558659147083005096222E-16,1.5513705853028301163315216648639175969616482867777747659132094683293984861837212E-16,1.0480291744138956,bfe8001893bcacec
paired_centered,12000,257,30,chan_random,intercept,-0.00021166569006059947,-0.0002116656900605442174180839395126599350191977364454946596953201702228597569956916985470013521831251949,5.5251688333174748715965222348596390656463351554829777140243004308301452998647817E-17,2.6103280280035333997668114997556012730153985268390719567722934121287826666981718E-13,2038.427508644877,bf2bbe526ed8811c
paired_centered,12000,257,31,chan_random,population_covariance,-637.52702414381952,-637.5270241438194599619779326035734130401932757061016301015743947249177210258019402970101433917686005,5.7159323099999213604782072349293898369898425605275082278974198059702989856608231E-14,8.9657882623505329782749931818652929271024810092639324197262918781700402744092270E-17,0.50277872307403559,c083ec37586f2f42
paired_centered,12000,257,31,chan_random,correlation,-0.99967219833015009,-0.9996721983301500820538145787134929827923854014427769167765955439589471523740855438544673727729950836,3.7338785362668637849812428334205043332234044560410528476259144561455326272270049E-18,3.7351029092375731479700673956574577385125950819691905811557714494549686122972478E-18,0.033631787969156279,bfeffd508cd18ca9
paired_centered,12000,257,31,chan_random,slope,-0.7500117192734288,-0.7500117192734286950571902978674646630919946575440495563617709768485004890055865914708300509622197963,1.0568999293371120950430264340397938794363822902315149951099441340852916994903778E-16,1.4091778863948690173234851025920224536487036426001991889877794346134389156858819E-16,0.95197082558610435,bfe8001893bcacee
paired_centered,12000,257,31,chan_random,intercept,-0.00021166569006059237,-0.0002116656900605442174180839395126599350191977364454946596953201702228597569956916985470013521831251949,4.8150164103394694673216406502898272446624484367329777140243004308301452998647817E-17,2.2748213982918991991884447530708279751317138671933033704518366232120403107166642E-13,1776.427508644877,bf2bbe526ed88016
paired_centered,12000,1024,,welford,population_covariance,-637.52702414381974,-637.5270241438194599619779326035734130401932757061016301015743947249177210258019402970101433917686005,2.8453299854323127308354183797429389836989842560527508227897419805970298985660823E-13,4.4630735289276708466784016076909138463870903641924571807047299001344240161679947E-16,2.5027787230740355,c083ec37586f2f44
paired_centered,12000,1024,,welford,correlation,-0.99967219833014953,-0.9996721983301500820538145787134929827923854014427769167765955439589471523740855438544673727729950836,5.5137763377631140642683459121198965191677659554395894715237408554385446737277300E-16,5.5155843555250532602258221216937960336073900334469994634068016925175966050478365E-16,4.9663682120308437,bfeffd508cd18ca4
paired_centered,12000,1024,,welford,slope,-0.75001171927342769,-0.7500117192734286950571902978674646630919946575440495563617709768485004890055865914708300509622197963,1.0045330316914453309193290246868409245563617709768485004890055865914708300509622E-15,1.3393564472093626650951548734687677799403056004289670585517165080100748093662133E-15,9.0480291744138963,bfe8001893bcace4
paired_centered,12000,1024,,welford,intercept,-0.00021166569006053146,-0.0002116656900605442174180839395126599350191977364454946596953201702228597569956916985470013521831251949,1.2754892935978516907152254585970703192718777351420222859756995691698547001352183E-17,6.0259614736474984164968532250430790404629922526487225344918018860444852092626585E-14,470.57249135512308,bf2bbe526ed8774f
paired_centered,12000,1024,,chan_left,population_covariance,-637.52702414381952,-637.5270241438194599619779326035734130401932757061016301015743947249177210258019402970101433917686005,5.7159323099999213604782072349293898369898425605275082278974198059702989856608231E-14,8.9657882623505329782749931818652929271024810092639324197262918781700402744092270E-17,0.50277872307403559,c083ec37586f2f42
paired_centered,12000,1024,,chan_left,correlation,-0.99967219833015009,-0.9996721983301500820538145787134929827923854014427769167765955439589471523740855438544673727729950836,3.7338785362668637849812428334205043332234044560410528476259144561455326272270049E-18,3.7351029092375731479700673956574577385125950819691905811557714494549686122972478E-18,0.033631787969156279,bfeffd508cd18ca9
paired_centered,12000,1024,,chan_left,slope,-0.75001171927342869,-0.7500117192734286950571902978674646630919946575440495563617709768485004890055865914708300509622197963,5.3323095288044445380605234051026433063617709768485004890055865914708300509622198E-18,7.1096349453980549504018281135947571656472322088787788462715016857979785248919644E-18,0.048029174413895682,bfe8001893bcaced
paired_centered,12000,1024,,chan_left,intercept,-0.00021166569006053181,-0.0002116656900605442174180839395126599350191977364454946596953201702228597569956916985470013521831251949,1.2402527229920727966099832425687972136505398445170222859756995691698547001352183E-17,5.8594887184470692330037704881384205338794845970992953733404301968873229715619105E-14,457.57249135512308,bf2bbe526ed8775c
paired_centered,12000,1024,,chan_balanced,population_covariance,-637.52702414381952,-637.5270241438194599619779326035734130401932757061016301015743947249177210258019402970101433917686005,5.7159323099999213604782072349293898369898425605275082278974198059702989856608231E-14,8.9657882623505329782749931818652929271024810092639324197262918781700402744092270E-17,0.50277872307403559,c083ec37586f2f42
paired_centered,12000,1024,,chan_balanced,correlation,-0.99967219833015009,-0.9996721983301500820538145787134929827923854014427769167765955439589471523740855438544673727729950836,3.7338785362668637849812428334205043332234044560410528476259144561455326272270049E-18,3.7351029092375731479700673956574577385125950819691905811557714494549686122972478E-18,0.033631787969156279,bfeffd508cd18ca9
paired_centered,12000,1024,,chan_balanced,slope,-0.75001171927342869,-0.7500117192734286950571902978674646630919946575440495563617709768485004890055865914708300509622197963,5.3323095288044445380605234051026433063617709768485004890055865914708300509622198E-18,7.1096349453980549504018281135947571656472322088787788462715016857979785248919644E-18,0.048029174413895682,bfe8001893bcaced
paired_centered,12000,1024,,chan_balanced,intercept,-0.00021166569006053089,-0.0002116656900605442174180839395126599350191977364454946596953201702228597569956916985470013521831251949,1.3324099076533406735006167306427422591217312507670222859756995691698547001352183E-17,6.2948790012789609436779868769659889357132738500747202563517099992983626701638669E-14,491.57249135512308,bf2bbe526ed8773a
paired_centered,12000,1024,0,chan_random,population_covariance,-637.52702414381929,-637.5270241438194599619779326035734130401932757061016301015743947249177210258019402970101433917686005,1.7021435234323284587397769327570610163010157439472491772102580194029701014339177E-13,2.6699158764575642510234029713178552609665941623396706967594715245004159612861493E-16,1.4972212769259643,c083ec37586f2f40
paired_centered,12000,1024,0,chan_random,correlation,-0.99967219833014975,-0.9996721983301500820538145787134929827923854014427769167765955439589471523740855438544673727729950836,3.2933302885128009834210825759382558941677659554395894715237408554385446737277300E-16,3.2944102016780816635436130034336477892103836397403229157194579297127380885795129E-16,2.9663682120308437,bfeffd508cd18ca6
paired_centered,12000,1024,0,chan_random,slope,-0.75001171927342847,-0.7500117192734286950571902978674646630919946575440495563617709768485004890055865914708300509622197963,2.2737691445383575262278685702326670580636177097684850048900558659147083005096222E-16,3.0316448211516796831590250485918876222668242514667617433637039198008171871185227E-16,2.0480291744138959,bfe8001893bcaceb
paired_centered,12000,1024,0,chan_random,intercept,-0.00021166569006053065,-0.0002116656900605442174180839395126599350191977364454946596953201702228597569956916985470013521831251949,1.3568044565342645232657844186623159476288113288920222859756995691698547001352183E-17,6.4101293702638734553270441563615217479633945346858621371488134764071672962643848E-14,500.57249135512308,bf2bbe526ed87731
paired_centered,12000,1024,1,chan_random,population_covariance,-637.52702414381929,-637.5270241438194599619779326035734130401932757061016301015743947249177210258019402970101433917686005,1.7021435234323284587397769327570610163010157439472491772102580194029701014339177E-13,2.6699158764575642510234029713178552609665941623396706967594715245004159612861493E-16,1.4972212769259643,c083ec37586f2f40
paired_centered,12000,1024,1,chan_random,correlation,-0.99967219833014975,-0.9996721983301500820538145787134929827923854014427769167765955439589471523740855438544673727729950836,3.2933302885128009834210825759382558941677659554395894715237408554385446737277300E-16,3.2944102016780816635436130034336477892103836397403229157194579297127380885795129E-16,2.9663682120308437,bfeffd508cd18ca6
paired_centered,12000,1024,1,chan_random,slope,-0.75001171927342847,-0.7500117192734286950571902978674646630919946575440495563617709768485004890055865914708300509622197963,2.2737691445383575262278685702326670580636177097684850048900558659147083005096222E-16,3.0316448211516796831590250485918876222668242514667617433637039198008171871185227E-16,2.0480291744138959,bfe8001893bcaceb
paired_centered,12000,1024,1,chan_random,intercept,-0.00021166569006052951,-0.0002116656900605442174180839395126599350191977364454946596953201702228597569956916985470013521831251949,1.4706456846452424888365669627536598273285183601420222859756995691698547001352183E-17,6.9479644255267985096893114602073415384639577295378575808686297029149222180668017E-14,542.57249135512302,bf2bbe526ed87707
paired_centered,12000,1024,2,chan_random,population_covariance,-637.52702414381952,-637.5270241438194599619779326035734130401932757061016301015743947249177210258019402970101433917686005,5.7159323099999213604782072349293898369898425605275082278974198059702989856608231E-14,8.9657882623505329782749931818652929271024810092639324197262918781700402744092270E-17,0.50277872307403559,c083ec37586f2f42
paired_centered,12000,1024,2,chan_random,correlation,-0.99967219833015009,-0.9996721983301500820538145787134929827923854014427769167765955439589471523740855438544673727729950836,3.7338785362668637849812428334205043332234044560410528476259144561455326272270049E-18,3.7351029092375731479700673956574577385125950819691905811557714494549686122972478E-18,0.033631787969156279,bfeffd508cd18ca9
paired_centered,12000,1024,2,chan_random,slope,-0.75001171927342869,-0.7500117192734286950571902978674646630919946575440495563617709768485004890055865914708300509622197963,5.3323095288044445380605234051026433063617709768485004890055865914708300509622198E-18,7.1096349453980549504018281135947571656472322088787788462715016857979785248919644E-18,0.048029174413895682,bfe8001893bcaced
paired_centered,12000,1024,2,chan_random,intercept,-0.00021166569006053312,-0.0002116656900605442174180839395126599350191977364454946596953201702228597569956916985470013521831251949,1.1101484622938122645290889064644042082794460945170222859756995691698547001352183E-17,5.2448200838608691708754649980289122018788409458398720090892116523070316323591484E-14,409.57249135512308,bf2bbe526ed8778c
paired_centered,12000,1024,3,chan_random,population_covariance,-637.5270241438194,-637.5270241438194599619779326035734130401932757061016301015743947249177210258019402970101433917686005,5.6527514621616816134597810463206101630101574394724917721025801940297010143391769E-14,8.8666852511125547659795182656566298412817303070663872739342116834170596692261331E-17,0.49722127692596435,c083ec37586f2f41
paired_centered,12000,1024,3,chan_random,correlation,-0.99967219833015009,-0.9996721983301500820538145787134929827923854014427769167765955439589471523740855438544673727729950836,3.7338785362668637849812428334205043332234044560410528476259144561455326272270049E-18,3.7351029092375731479700673956574577385125950819691905811557714494549686122972478E-18,0.033631787969156279,bfeffd508cd18ca9
paired_centered,12000,1024,3,chan_random,slope,-0.75001171927342869,-0.7500117192734286950571902978674646630919946575440495563617709768485004890055865914708300509622197963,5.3323095288044445380605234051026433063617709768485004890055865914708300509622198E-18,7.1096349453980549504018281135947571656472322088787788462715016857979785248919644E-18,0.048029174413895682,bfe8001893bcaced
paired_centered,12000,1024,3,chan_random,intercept,-0.00021166569006053488,-0.0002116656900605442174180839395126599350191977364454946596953201702228597569956916985470013521831251949,9.3396560926491779400287782632303868017275664139202228597569956916985470013521831E-18,4.4124563078587232534100513135056196689613026680927362033323532065212204438554081E-14,344.57249135512308,bf2bbe526ed877cd
paired_centered,12000,1024,4,chan_random,population_covariance,-637.5270241438194,-637.5270241438194599619779326035734130401932757061016301015743947249177210258019402970101433917686005,5.6527514621616816134597810463206101630101574394724917721025801940297010143391769E-14,8.8666852511125547659795182656566298412817303070663872739342116834170596692261331E-17,0.49722127692596435,c083ec37586f2f41
paired_centered,12000,1024,4,chan_random,correlation,-0.99967219833014986,-0.9996721983301500820538145787134929827923854014427769167765955439589471523740855438544673727729950836,2.1831072638876444429974509078474355816677659554395894715237408554385446737277300E-16,2.1838231247545958652025084443035736670118804428869846418757860483103088303453511E-16,1.9663682120308437,bfeffd508cd18ca7
paired_centered,12000,1024,4,chan_random,slope,-0.75001171927342847,-0.7500117192734286950571902978674646630919946575440495563617709768485004890055865914708300509622197963,2.2737691445383575262278685702326670580636177097684850048900558659147083005096222E-16,3.0316448211516796831590250485918876222668242514667617433637039198008171871185227E-16,2.0480291744138959,bfe8001893bcaceb
paired_centered,12000,1024,4,chan_random,intercept,-0.00021166569006053257,-0.0002116656900605442174180839395126599350191977364454946596953201702228597569956916985470013521831251949,1.1643585709180874862294615465079012938507351570170222859756995691698547001352183E-17,5.5009320149384525300955922855745406735457758005312984108605527125488196903602992E-14,429.57249135512308,bf2bbe526ed87778
paired_centered,12000,1024,5,chan_random,population_covariance,-637.52702414381952,-637.5270241438194599619779326035734130401932757061016301015743947249177210258019402970101433917686005,5.7159323099999213604782072349293898369898425605275082278974198059702989856608231E-14,8.9657882623505329782749931818652929271024810092639324197262918781700402744092270E-17,0.50277872307403559,c083ec37586f2f42
paired_centered,12000,1024,5,chan_random,correlation,-0.99967219833015009,-0.9996721983301500820538145787134929827923854014427769167765955439589471523740855438544673727729950836,3.7338785362668637849812428334205043332234044560410528476259144561455326272270049E-18,3.7351029092375731479700673956574577385125950819691905811557714494549686122972478E-18,0.033631787969156279,bfeffd508cd18ca9
paired_centered,12000,1024,5,chan_random,slope,-0.75001171927342869,-0.7500117192734286950571902978674646630919946575440495563617709768485004890055865914708300509622197963,5.3323095288044445380605234051026433063617709768485004890055865914708300509622198E-18,7.1096349453980549504018281135947571656472322088787788462715016857979785248919644E-18,0.048029174413895682,bfe8001893bcaced
paired_centered,12000,1024,5,chan_random,intercept,-0.00021166569006053369,-0.0002116656900605442174180839395126599350191977364454946596953201702228597569956916985470013521831251949,1.0532278482383232817436976344187322684295925788920222859756995691698547001352183E-17,4.9759025562294066436943313461060023066285593484138742872293035390531541714579400E-14,388.57249135512308,bf2bbe526ed877a1
paired_centered,12000,1024,6,chan_random,population_covariance,-637.5270241438194,-637.5270241438194599619779326035734130401932757061016301015743947249177210258019402970101433917686005,5.6527514621616816134597810463206101630101574394724917721025801940297010143391769E-14,8.8666852511125547659795182656566298412817303070663872739342116834170596692261331E-17,0.49722127692596435,c083ec37586f2f41
paired_centered,12000,1024,6,chan_random,correlation,-0.99967219833014986,-0.9996721983301500820538145787134929827923854014427769167765955439589471523740855438544673727729950836,2.1831072638876444429974509078474355816677659554395894715237408554385446737277300E-16,2.1838231247545958652025084443035736670118804428869846418757860483103088303453511E-16,1.9663682120308437,bfeffd508cd18ca7
paired_centered,12000,1024,6,chan_random,slope,-0.75001171927342858,-0.7500117192734286950571902978674646630919946575440495563617709768485004890055865914708300509622197963,1.1635461199132009858042369021418467455636177097684850048900558659147083005096222E-16,1.5513705853028301163315216648639175969616482867777747659132094683293984861837212E-16,1.0480291744138956,bfe8001893bcacec
paired_centered,12000,1024,6,chan_random,intercept,-0.00021166569006053035,-0.0002116656900605442174180839395126599350191977364454946596953201702228597569956916985470013521831251949,1.3866200162776158952009893706862393446930203132670222859756995691698547001352183E-17,6.5509909323565443028981141645116174073802087047661466581230510595401507281650178E-14,511.57249135512308,bf2bbe526ed87726
paired_centered,12000,1024,7,chan_random,population_covariance,-637.52702414381952,-637.5270241438194599619779326035734130401932757061016301015743947249177210258019402970101433917686005,5.7159323099999213604782072349293898369898425605275082278974198059702989856608231E-14,8.9657882623505329782749931818652929271024810092639324197262918781700402744092270E-17,0.50277872307403559,c083ec37586f2f42
paired_centered,12000,1024,7,chan_random,correlation,-0.99967219833015009,-0.9996721983301500820538145787134929827923854014427769167765955439589471523740855438544673727729950836,3.7338785362668637849812428334205043332234044560410528476259144561455326272270049E-18,3.7351029092375731479700673956574577385125950819691905811557714494549686122972478E-18,0.033631787969156279,bfeffd508cd18ca9
paired_centered,12000,1024,7,chan_random,slope,-0.7500117192734288,-0.7500117192734286950571902978674646630919946575440495563617709768485004890055865914708300509622197963,1.0568999293371120950430264340397938794363822902315149951099441340852916994903778E-16,1.4091778863948690173234851025920224536487036426001991889877794346134389156858819E-16,0.95197082558610435,bfe8001893bcacee
paired_centered,12000,1024,7,chan_random,intercept,-0.00021166569006053157,-0.0002116656900605442174180839395126599350191977364454946596953201702228597569956916985470013521831251949,1.2646472718729966463751509305883709021576199226420222859756995691698547001352183E-17,5.9747390874319817446528277675339533461296052817104372541375336739961275976624283E-14,466.57249135512308,bf2bbe526ed87753
paired_centered,12000,1024,8,chan_random,population_covariance,-637.52702414381929,-637.5270241438194599619779326035734130401932757061016301015743947249177210258019402970101433917686005,1.7021435234323284587397769327570610163010157439472491772102580194029701014339177E-13,2.6699158764575642510234029713178552609665941623396706967594715245004159612861493E-16,1.4972212769259643,c083ec37586f2f40
paired_centered,12000,1024,8,chan_random,correlation,-0.99967219833015009,-0.9996721983301500820538145787134929827923854014427769167765955439589471523740855438544673727729950836,3.7338785362668637849812428334205043332234044560410528476259144561455326272270049E-18,3.7351029092375731479700673956574577385125950819691905811557714494549686122972478E-18,0.033631787969156279,bfeffd508cd18ca9
paired_centered,12000,1024,8,chan_random,slope,-0.75001171927342869,-0.7500117192734286950571902978674646630919946575440495563617709768485004890055865914708300509622197963,5.3323095288044445380605234051026433063617709768485004890055865914708300509622198E-18,7.1096349453980549504018281135947571656472322088787788462715016857979785248919644E-18,0.048029174413895682,bfe8001893bcaced
paired_centered,12000,1024,8,chan_random,intercept,-0.00021166569006052921,-0.0002116656900605442174180839395126599350191977364454946596953201702228597569956916985470013521831251949,1.5004612443885938607717719147775832243927273445170222859756995691698547001352183E-17,7.0888259876194693572603814683574371978807718996181421018428672860479056499674346E-14,553.57249135512302,bf2bbe526ed876fc
paired_centered,12000,1024,9,chan_random,population_covariance,-637.52702414381952,-637.5270241438194599619779326035734130401932757061016301015743947249177210258019402970101433917686005,5.7159323099999213604782072349293898369898425605275082278974198059702989856608231E-14,8.9657882623505329782749931818652929271024810092639324197262918781700402744092270E-17,0.50277872307403559,c083ec37586f2f42
paired_centered,12000,1024,9,chan_random,correlation,-0.99967219833015031,-0.9996721983301500820538145787134929827923854014427769167765955439589471523740855438544673727729950836,2.2577848346129817186970757645158456683322340445604105284762591445614553262722700E-16,2.2585251829393473281619097922167228217821323445263684534989014772994082025912960E-16,2.0336317879691563,bfeffd508cd18cab
paired_centered,12000,1024,9,chan_random,slope,-0.75001171927342869,-0.7500117192734286950571902978674646630919946575440495563617709768485004890055865914708300509622197963,5.3323095288044445380605234051026433063617709768485004890055865914708300509622198E-18,7.1096349453980549504018281135947571656472322088787788462715016857979785248919644E-18,0.048029174413895682,bfe8001893bcaced
paired_centered,12000,1024,9,chan_random,intercept,-0.00021166569006053862,-0.0002116656900605442174180839395126599350191977364454946596953201702228597569956916985470013521831251949,5.5991585975741876427030661002290878973086211014202228597569956916985470013521831E-18,2.6452839834233980747911730294407832144594521707218940311100998908528828436474671E-14,206.57249135512305,bf2bbe526ed87857
paired_centered,12000,1024,10,chan_random,population_covariance,-637.52702414381929,-637.5270241438194599619779326035734130401932757061016301015743947249177210258019402970101433917686005,1.7021435234323284587397769327570610163010157439472491772102580194029701014339177E-13,2.6699158764575642510234029713178552609665941623396706967594715245004159612861493E-16,1.4972212769259643,c083ec37586f2f40
paired_centered,12000,1024,10,chan_random,correlation,-0.99967219833014975,-0.9996721983301500820538145787134929827923854014427769167765955439589471523740855438544673727729950836,3.2933302885128009834210825759382558941677659554395894715237408554385446737277300E-16,3.2944102016780816635436130034336477892103836397403229157194579297127380885795129E-16,2.9663682120308437,bfeffd508cd18ca6
paired_centered,12000,1024,10,chan_random,slope,-0.75001171927342847,-0.7500117192734286950571902978674646630919946575440495563617709768485004890055865914708300509622197963,2.2737691445383575262278685702326670580636177097684850048900558659147083005096222E-16,3.0316448211516796831590250485918876222668242514667617433637039198008171871185227E-16,2.0480291744138959,bfe8001893bcaceb
paired_centered,12000,1024,10,chan_random,intercept,-0.00021166569006053569,-0.0002116656900605442174180839395126599350191977364454946596953201702228597569956916985470013521831251949,8.5265044632850496145231886625779305181582304764202228597569956916985470013521831E-18,4.0282884112423482145798603821871769614609003860555966006753416161585383568536818E-14,314.57249135512308,bf2bbe526ed877eb
paired_centered,12000,1024,11,chan_random,population_covariance,-637.5270241438194,-637.5270241438194599619779326035734130401932757061016301015743947249177210258019402970101433917686005,5.6527514621616816134597810463206101630101574394724917721025801940297010143391769E-14,8.8666852511125547659795182656566298412817303070663872739342116834170596692261331E-17,0.49722127692596435,c083ec37586f2f41
paired_centered,12000,1024,11,chan_random,correlation,-0.99967219833014986,-0.9996721983301500820538145787134929827923854014427769167765955439589471523740855438544673727729950836,2.1831072638876444429974509078474355816677659554395894715237408554385446737277300E-16,2.1838231247545958652025084443035736670118804428869846418757860483103088303453511E-16,1.9663682120308437,bfeffd508cd18ca7
paired_centered,12000,1024,11,chan_random,slope,-0.75001171927342858,-0.7500117192734286950571902978674646630919946575440495563617709768485004890055865914708300509622197963,1.1635461199132009858042369021418467455636177097684850048900558659147083005096222E-16,1.5513705853028301163315216648639175969616482867777747659132094683293984861837212E-16,1.0480291744138956,bfe8001893bcacec
paired_centered,12000,1024,11,chan_random,intercept,-0.00021166569006053848,-0.0002116656900605442174180839395126599350191977364454946596953201702228597569956916985470013521831251949,5.7346838691348756969539977003378306112368437576702228597569956916985470013521831E-18,2.7093119661927939145962048513271903323761858843947506315529351559133298581477548E-14,211.57249135512305,bf2bbe526ed87852
paired_centered,12000,1024,12,chan_random,population_covariance,-637.52702414381952,-637.5270241438194599619779326035734130401932757061016301015743947249177210258019402970101433917686005,5.7159323099999213604782072349293898369898425605275082278974198059702989856608231E-14,8.9657882623505329782749931818652929271024810092639324197262918781700402744092270E-17,0.50277872307403559,c083ec37586f2f42
paired_centered,12000,1024,12,chan_random,correlation,-0.99967219833015031,-0.9996721983301500820538145787134929827923854014427769167765955439589471523740855438544673727729950836,2.2577848346129817186970757645158456683322340445604105284762591445614553262722700E-16,2.2585251829393473281619097922167228217821323445263684534989014772994082025912960E-16,2.0336317879691563,bfeffd508cd18cab
paired_centered,12000,1024,12,chan_random,slope,-0.7500117192734288,-0.7500117192734286950571902978674646630919946575440495563617709768485004890055865914708300509622197963,1.0568999293371120950430264340397938794363822902315149951099441340852916994903778E-16,1.4091778863948690173234851025920224536487036426001991889877794346134389156858819E-16,0.95197082558610435,bfe8001893bcacee
paired_centered,12000,1024,12,chan_random,intercept,-0.00021166569006053507,-0.0002116656900605442174180839395126599350191977364454946596953201702228597569956916985470013521831251949,9.1499207124642146640774740230781470022280546951702228597569956916985470013521831E-18,4.3228171319815690776830067628646497038778754689507369627123838354365946235550053E-14,337.57249135512308,bf2bbe526ed877d4
paired_centered,12000,1024,13,chan_random,population_covariance,-637.5270241438194,-637.5270241438194599619779326035734130401932757061016301015743947249177210258019402970101433917686005,5.6527514621616816134597810463206101630101574394724917721025801940297010143391769E-14,8.8666852511125547659795182656566298412817303070663872739342116834170596692261331E-17,0.49722127692596435,c083ec37586f2f41
paired_centered,12000,1024,13,chan_random,correlation,-0.99967219833014986,-0.9996721983301500820538145787134929827923854014427769167765955439589471523740855438544673727729950836,2.1831072638876444429974509078474355816677659554395894715237408554385446737277300E-16,2.1838231247545958652025084443035736670118804428869846418757860483103088303453511E-16,1.9663682120308437,bfeffd508cd18ca7
paired_centered,12000,1024,13,chan_random,slope,-0.75001171927342858,-0.7500117192734286950571902978674646630919946575440495563617709768485004890055865914708300509622197963,1.1635461199132009858042369021418467455636177097684850048900558659147083005096222E-16,1.5513705853028301163315216648639175969616482867777747659132094683293984861837212E-16,1.0480291744138956,bfe8001893bcacec
paired_centered,12000,1024,13,chan_random,intercept,-0.00021166569006053141,-0.0002116656900605442174180839395126599350191977364454946596953201702228597569956916985470013521831251949,1.2809103044602792128852627226014200278290066413920222859756995691698547001352183E-17,6.0515726667552567524188659537976418876296857381178651746689359920686640150627736E-14,472.57249135512308,bf2bbe526ed8774d
paired_centered,12000,1024,14,chan_random,population_covariance,-637.5270241438194,-637.5270241438194599619779326035734130401932757061016301015743947249177210258019402970101433917686005,5.6527514621616816134597810463206101630101574394724917721025801940297010143391769E-14,8.8666852511125547659795182656566298412817303070663872739342116834170596692261331E-17,0.49722127692596435,c083ec37586f2f41
paired_centered,12000,1024,14,chan_random,correlation,-0.99967219833015009,-0.9996721983301500820538145787134929827923854014427769167765955439589471523740855438544673727729950836,3.7338785362668637849812428334205043332234044560410528476259144561455326272270049E-18,3.7351029092375731479700673956574577385125950819691905811557714494549686122972478E-18,0.033631787969156279,bfeffd508cd18ca9
paired_centered,12000,1024,14,chan_random,slope,-0.75001171927342869,-0.7500117192734286950571902978674646630919946575440495563617709768485004890055865914708300509622197963,5.3323095288044445380605234051026433063617709768485004890055865914708300509622198E-18,7.1096349453980549504018281135947571656472322088787788462715016857979785248919644E-18,0.048029174413895682,bfe8001893bcaced
paired_centered,12000,1024,14,chan_random,intercept,-0.00021166569006053566,-0.0002116656900605442174180839395126599350191977364454946596953201702228597569956916985470013521831251949,8.5536095175971872253733749825996790609438750076702228597569956916985470013521831E-18,4.0410940077962273825408667465644583850442471287901679207639086691706277597537393E-14,315.57249135512308,bf2bbe526ed877ea
paired_centered,12000,1024,15,chan_random,population_covariance,-637.52702414381952,-637.5270241438194599619779326035734130401932757061016301015743947249177210258019402970101433917686005,5.7159323099999213604782072349293898369898425605275082278974198059702989856608231E-14,8.9657882623505329782749931818652929271024810092639324197262918781700402744092270E-17,0.50277872307403559,c083ec37586f2f42
paired_centered,12000,1024,15,chan_random,correlation,-0.99967219833015009,-0.9996721983301500820538145787134929827923854014427769167765955439589471523740855438544673727729950836,3.7338785362668637849812428334205043332234044560410528476259144561455326272270049E-18,3.7351029092375731479700673956574577385125950819691905811557714494549686122972478E-18,0.033631787969156279,bfeffd508cd18ca9
paired_centered,12000,1024,15,chan_random,slope,-0.7500117192734288,-0.7500117192734286950571902978674646630919946575440495563617709768485004890055865914708300509622197963,1.0568999293371120950430264340397938794363822902315149951099441340852916994903778E-16,1.4091778863948690173234851025920224536487036426001991889877794346134389156858819E-16,0.95197082558610435,bfe8001893bcacee
paired_centered,12000,1024,15,chan_random,intercept,-0.00021166569006053453,-0.0002116656900605442174180839395126599350191977364454946596953201702228597569956916985470013521831251949,9.6920217987069668810812004235131178579409453201702228597569956916985470013521831E-18,4.5789290630591524369031340504102781755448103236421633644837248956783826815561562E-14,357.57249135512308,bf2bbe526ed877c0
paired_centered,12000,1024,16,chan_random,population_covariance,-637.5270241438194,-637.5270241438194599619779326035734130401932757061016301015743947249177210258019402970101433917686005,5.6527514621616816134597810463206101630101574394724917721025801940297010143391769E-14,8.8666852511125547659795182656566298412817303070663872739342116834170596692261331E-17,0.49722127692596435,c083ec37586f2f41
paired_centered,12000,1024,16,chan_random,correlation,-0.99967219833014986,-0.9996721983301500820538145787134929827923854014427769167765955439589471523740855438544673727729950836,2.1831072638876444429974509078474355816677659554395894715237408554385446737277300E-16,2.1838231247545958652025084443035736670118804428869846418757860483103088303453511E-16,1.9663682120308437,bfeffd508cd18ca7
paired_centered,12000,1024,16,chan_random,slope,-0.75001171927342858,-0.7500117192734286950571902978674646630919946575440495563617709768485004890055865914708300509622197963,1.1635461199132009858042369021418467455636177097684850048900558659147083005096222E-16,1.5513705853028301163315216648639175969616482867777747659132094683293984861837212E-16,1.0480291744138956,bfe8001893bcacec
paired_centered,12000,1024,16,chan_random,intercept,-0.0002116656900605335,-0.0002116656900605442174180839395126599350191977364454946596953201702228597569956916985470013521831251949,1.0722013862568196093388280584339562483795437507670222859756995691698547001352183E-17,5.0655417321065608194213758967469722717119865475558735278492729101377799917583428E-14,395.57249135512308,bf2bbe526ed8779a
paired_centered,12000,1024,17,chan_random,population_covariance,-637.52702414381952,-637.5270241438194599619779326035734130401932757061016301015743947249177210258019402970101433917686005,5.7159323099999213604782072349293898369898425605275082278974198059702989856608231E-14,8.9657882623505329782749931818652929271024810092639324197262918781700402744092270E-17,0.50277872307403559,c083ec37586f2f42
paired_centered,12000,1024,17,chan_random,correlation,-0.99967219833015009,-0.9996721983301500820538145787134929827923854014427769167765955439589471523740855438544673727729950836,3.7338785362668637849812428334205043332234044560410528476259144561455326272270049E-18,3.7351029092375731479700673956574577385125950819691905811557714494549686122972478E-18,0.033631787969156279,bfeffd508cd18ca9
paired_centered,12000,1024,17,chan_random,slope,-0.75001171927342869,-0.7500117192734286950571902978674646630919946575440495563617709768485004890055865914708300509622197963,5.3323095288044445380605234051026433063617709768485004890055865914708300509622198E-18,7.1096349453980549504018281135947571656472322088787788462715016857979785248919644E-18,0.048029174413895682,bfe8001893bcaced
paired_centered,12000,1024,17,chan_random,intercept,-0.00021166569006053385,-0.0002116656900605442174180839395126599350191977364454946596953201702228597569956916985470013521831251949,1.0369648156510407152335858424056831427582058601420222859756995691698547001352183E-17,4.8990689769061316359282931598423137651284788920064463666979012209806177540575947E-14,382.57249135512308,bf2bbe526ed877a7
paired_centered,12000,1024,18,chan_random,population_covariance,-637.52702414381952,-637.5270241438194599619779326035734130401932757061016301015743947249177210258019402970101433917686005,5.7159323099999213604782072349293898369898425605275082278974198059702989856608231E-14,8.9657882623505329782749931818652929271024810092639324197262918781700402744092270E-17,0.50277872307403559,c083ec37586f2f42
paired_centered,12000,1024,18,chan_random,correlation,-0.99967219833015009,-0.9996721983301500820538145787134929827923854014427769167765955439589471523740855438544673727729950836,3.7338785362668637849812428334205043332234044560410528476259144561455326272270049E-18,3.7351029092375731479700673956574577385125950819691905811557714494549686122972478E-18,0.033631787969156279,bfeffd508cd18ca9
paired_centered,12000,1024,18,chan_random,slope,-0.75001171927342869,-0.7500117192734286950571902978674646630919946575440495563617709768485004890055865914708300509622197963,5.3323095288044445380605234051026433063617709768485004890055865914708300509622198E-18,7.1096349453980549504018281135947571656472322088787788462715016857979785248919644E-18,0.048029174413895682,bfe8001893bcaced
paired_centered,12000,1024,18,chan_random,intercept,-0.0002116656900605319,-0.0002116656900605442174180839395126599350191977364454946596953201702228597569956916985470013521831251949,1.2321212066984315133549273465622726508148464851420222859756995691698547001352183E-17,5.8210719287854317291207513950065762631294443688955814130747290378510547628617378E-14,454.57249135512308,bf2bbe526ed8775f
paired_centered,12000,1024,19,chan_random,population_covariance,-637.5270241438194,-637.5270241438194599619779326035734130401932757061016301015743947249177210258019402970101433917686005,5.6527514621616816134597810463206101630101574394724917721025801940297010143391769E-14,8.8666852511125547659795182656566298412817303070663872739342116834170596692261331E-17,0.49722127692596435,c083ec37586f2f41
paired_centered,12000,1024,19,chan_random,correlation,-0.99967219833015031,-0.9996721983301500820538145787134929827923854014427769167765955439589471523740855438544673727729950836,2.2577848346129817186970757645158456683322340445604105284762591445614553262722700E-16,2.2585251829393473281619097922167228217821323445263684534989014772994082025912960E-16,2.0336317879691563,bfeffd508cd18cab
paired_centered,12000,1024,19,chan_random,slope,-0.75001171927342869,-0.7500117192734286950571902978674646630919946575440495563617709768485004890055865914708300509622197963,5.3323095288044445380605234051026433063617709768485004890055865914708300509622198E-18,7.1096349453980549504018281135947571656472322088787788462715016857979785248919644E-18,0.048029174413895682,bfe8001893bcaced
paired_centered,12000,1024,19,chan_random,intercept,-0.00021166569006053371,-0.0002116656900605442174180839395126599350191977364454946596953201702228597569956916985470013521831251949,1.0505173428071095206586790024165574141510281257670222859756995691698547001352183E-17,4.9630969596755274757333249817287208830452126056793029671407364860410647685578824E-14,387.57249135512308,bf2bbe526ed877a2
paired_centered,12000,1024,20,chan_random,population_covariance,-637.5270241438194,-637.5270241438194599619779326035734130401932757061016301015743947249177210258019402970101433917686005,5.6527514621616816134597810463206101630101574394724917721025801940297010143391769E-14,8.8666852511125547659795182656566298412817303070663872739342116834170596692261331E-17,0.49722127692596435,c083ec37586f2f41
paired_centered,12000,1024,20,chan_random,correlation,-0.99967219833014986,-0.9996721983301500820538145787134929827923854014427769167765955439589471523740855438544673727729950836,2.1831072638876444429974509078474355816677659554395894715237408554385446737277300E-16,2.1838231247545958652025084443035736670118804428869846418757860483103088303453511E-16,1.9663682120308437,bfeffd508cd18ca7
paired_centered,12000,1024,20,chan_random,slope,-0.75001171927342858,-0.7500117192734286950571902978674646630919946575440495563617709768485004890055865914708300509622197963,1.1635461199132009858042369021418467455636177097684850048900558659147083005096222E-16,1.5513705853028301163315216648639175969616482867777747659132094683293984861837212E-16,1.0480291744138956,bfe8001893bcacec
paired_centered,12000,1024,20,chan_random,intercept,-0.00021166569006053284,-0.0002116656900605442174180839395126599350191977364454946596953201702228597569956916985470013521831251949,1.1372535166059498753792752264861527510650906257670222859756995691698547001352183E-17,5.3728760493996608504855286418017264377123083731855852099748821824279256613597238E-14,419.57249135512308,bf2bbe526ed87782
paired_centered,12000,1024,21,chan_random,population_covariance,-637.52702414381952,-637.5270241438194599619779326035734130401932757061016301015743947249177210258019402970101433917686005,5.7159323099999213604782072349293898369898425605275082278974198059702989856608231E-14,8.9657882623505329782749931818652929271024810092639324197262918781700402744092270E-17,0.50277872307403559,c083ec37586f2f42
paired_centered,12000,1024,21,chan_random,correlation,-0.99967219833015009,-0.9996721983301500820538145787134929827923854014427769167765955439589471523740855438544673727729950836,3.7338785362668637849812428334205043332234044560410528476259144561455326272270049E-18,3.7351029092375731479700673956574577385125950819691905811557714494549686122972478E-18,0.033631787969156279,bfeffd508cd18ca9
paired_centered,12000,1024,21,chan_random,slope,-0.75001171927342869,-0.7500117192734286950571902978674646630919946575440495563617709768485004890055865914708300509622197963,5.3323095288044445380605234051026433063617709768485004890055865914708300509622198E-18,7.1096349453980549504018281135947571656472322088787788462715016857979785248919644E-18,0.048029174413895682,bfe8001893bcaced
paired_centered,12000,1024,21,chan_random,intercept,-0.00021166569006053146,-0.0002116656900605442174180839395126599350191977364454946596953201702228597569956916985470013521831251949,1.2754892935978516907152254585970703192718777351420222859756995691698547001352183E-17,6.0259614736474984164968532250430790404629922526487225344918018860444852092626585E-14,470.57249135512308,bf2bbe526ed8774f
paired_centered,12000,1024,22,chan_random,population_covariance,-637.52702414381952,-637.5270241438194599619779326035734130401932757061016301015743947249177210258019402970101433917686005,5.7159323099999213604782072349293898369898425605275082278974198059702989856608231E-14,8.9657882623505329782749931818652929271024810092639324197262918781700402744092270E-17,0.50277872307403559,c083ec37586f2f42
paired_centered,12000,1024,22,chan_random,correlation,-0.99967219833015009,-0.9996721983301500820538145787134929827923854014427769167765955439589471523740855438544673727729950836,3.7338785362668637849812428334205043332234044560410528476259144561455326272270049E-18,3.7351029092375731479700673956574577385125950819691905811557714494549686122972478E-18,0.033631787969156279,bfeffd508cd18ca9
paired_centered,12000,1024,22,chan_random,slope,-0.75001171927342869,-0.7500117192734286950571902978674646630919946575440495563617709768485004890055865914708300509622197963,5.3323095288044445380605234051026433063617709768485004890055865914708300509622198E-18,7.1096349453980549504018281135947571656472322088787788462715016857979785248919644E-18,0.048029174413895682,bfe8001893bcaced
paired_centered,12000,1024,22,chan_random,intercept,-0.00021166569006053385,-0.0002116656900605442174180839395126599350191977364454946596953201702228597569956916985470013521831251949,1.0369648156510407152335858424056831427582058601420222859756995691698547001352183E-17,4.8990689769061316359282931598423137651284788920064463666979012209806177540575947E-14,382.57249135512308,bf2bbe526ed877a7
paired_centered,12000,1024,23,chan_random,population_covariance,-637.52702414381952,-637.5270241438194599619779326035734130401932757061016301015743947249177210258019402970101433917686005,5.7159323099999213604782072349293898369898425605275082278974198059702989856608231E-14,8.9657882623505329782749931818652929271024810092639324197262918781700402744092270E-17,0.50277872307403559,c083ec37586f2f42
paired_centered,12000,1024,23,chan_random,correlation,-0.99967219833015031,-0.9996721983301500820538145787134929827923854014427769167765955439589471523740855438544673727729950836,2.2577848346129817186970757645158456683322340445604105284762591445614553262722700E-16,2.2585251829393473281619097922167228217821323445263684534989014772994082025912960E-16,2.0336317879691563,bfeffd508cd18cab
paired_centered,12000,1024,23,chan_random,slope,-0.75001171927342869,-0.7500117192734286950571902978674646630919946575440495563617709768485004890055865914708300509622197963,5.3323095288044445380605234051026433063617709768485004890055865914708300509622198E-18,7.1096349453980549504018281135947571656472322088787788462715016857979785248919644E-18,0.048029174413895682,bfe8001893bcaced
paired_centered,12000,1024,23,chan_random,intercept,-0.00021166569006053149,-0.0002116656900605442174180839395126599350191977364454946596953201702228597569956916985470013521831251949,1.2727787881666379296302068265948954649933132820170222859756995691698547001352183E-17,6.0131558770936192485358468606657976168796455099141512144032348330323958063626010E-14,469.57249135512308,bf2bbe526ed87750
paired_centered,12000,1024,24,chan_random,population_covariance,-637.5270241438194,-637.5270241438194599619779326035734130401932757061016301015743947249177210258019402970101433917686005,5.6527514621616816134597810463206101630101574394724917721025801940297010143391769E-14,8.8666852511125547659795182656566298412817303070663872739342116834170596692261331E-17,0.49722127692596435,c083ec37586f2f41
paired_centered,12000,1024,24,chan_random,correlation,-0.99967219833015009,-0.9996721983301500820538145787134929827923854014427769167765955439589471523740855438544673727729950836,3.7338785362668637849812428334205043332234044560410528476259144561455326272270049E-18,3.7351029092375731479700673956574577385125950819691905811557714494549686122972478E-18,0.033631787969156279,bfeffd508cd18ca9
paired_centered,12000,1024,24,chan_random,slope,-0.75001171927342858,-0.7500117192734286950571902978674646630919946575440495563617709768485004890055865914708300509622197963,1.1635461199132009858042369021418467455636177097684850048900558659147083005096222E-16,1.5513705853028301163315216648639175969616482867777747659132094683293984861837212E-16,1.0480291744138956,bfe8001893bcacec
paired_centered,12000,1024,24,chan_random,intercept,-0.00021166569006053249,-0.0002116656900605442174180839395126599350191977364454946596953201702228597569956916985470013521831251949,1.1724900872117287694845174425144258566864285163920222859756995691698547001352183E-17,5.5393488046000900339786113787063849442958160287350123711262538715850878990604719E-14,432.57249135512308,bf2bbe526ed87775
paired_centered,12000,1024,25,chan_random,population_covariance,-637.5270241438194,-637.5270241438194599619779326035734130401932757061016301015743947249177210258019402970101433917686005,5.6527514621616816134597810463206101630101574394724917721025801940297010143391769E-14,8.8666852511125547659795182656566298412817303070663872739342116834170596692261331E-17,0.49722127692596435,c083ec37586f2f41
paired_centered,12000,1024,25,chan_random,correlation,-0.99967219833015009,-0.9996721983301500820538145787134929827923854014427769167765955439589471523740855438544673727729950836,3.7338785362668637849812428334205043332234044560410528476259144561455326272270049E-18,3.7351029092375731479700673956574577385125950819691905811557714494549686122972478E-18,0.033631787969156279,bfeffd508cd18ca9
paired_centered,12000,1024,25,chan_random,slope,-0.75001171927342869,-0.7500117192734286950571902978674646630919946575440495563617709768485004890055865914708300509622197963,5.3323095288044445380605234051026433063617709768485004890055865914708300509622198E-18,7.1096349453980549504018281135947571656472322088787788462715016857979785248919644E-18,0.048029174413895682,bfe8001893bcaced
paired_centered,12000,1024,25,chan_random,intercept,-0.00021166569006052753,-0.0002116656900605442174180839395126599350191977364454946596953201702228597569956916985470013521831251949,1.6685125811238470480429270989124241896637234382670222859756995691698547001352183E-17,7.8827729739599777708427760597488854600482699491615639473340245727974486297710023E-14,615.57249135512302,bf2bbe526ed876be
paired_centered,12000,1024,26,chan_random,population_covariance,-637.52702414381952,-637.5270241438194599619779326035734130401932757061016301015743947249177210258019402970101433917686005,5.7159323099999213604782072349293898369898425605275082278974198059702989856608231E-14,8.9657882623505329782749931818652929271024810092639324197262918781700402744092270E-17,0.50277872307403559,c083ec37586f2f42
paired_centered,12000,1024,26,chan_random,correlation,-0.99967219833015031,-0.9996721983301500820538145787134929827923854014427769167765955439589471523740855438544673727729950836,2.2577848346129817186970757645158456683322340445604105284762591445614553262722700E-16,2.2585251829393473281619097922167228217821323445263684534989014772994082025912960E-16,2.0336317879691563,bfeffd508cd18cab
paired_centered,12000,1024,26,chan_random,slope,-0.75001171927342869,-0.7500117192734286950571902978674646630919946575440495563617709768485004890055865914708300509622197963,5.3323095288044445380605234051026433063617709768485004890055865914708300509622198E-18,7.1096349453980549504018281135947571656472322088787788462715016857979785248919644E-18,0.048029174413895682,bfe8001893bcaced
paired_centered,12000,1024,26,chan_random,intercept,-0.00021166569006053097,-0.0002116656900605442174180839395126599350191977364454946596953201702228597569956916985470013521831251949,1.3242783913596993902455608346362176962860378913920222859756995691698547001352183E-17,6.2564622116173234397949677838341446649632336218710062960860088402620944614636943E-14,488.57249135512308,bf2bbe526ed8773d
paired_centered,12000,1024,27,chan_random,population_covariance,-637.52702414381952,-637.5270241438194599619779326035734130401932757061016301015743947249177210258019402970101433917686005,5.7159323099999213604782072349293898369898425605275082278974198059702989856608231E-14,8.9657882623505329782749931818652929271024810092639324197262918781700402744092270E-17,0.50277872307403559,c083ec37586f2f42
paired_centered,12000,1024,27,chan_random,correlation,-0.99967219833015009,-0.9996721983301500820538145787134929827923854014427769167765955439589471523740855438544673727729950836,3.7338785362668637849812428334205043332234044560410528476259144561455326272270049E-18,3.7351029092375731479700673956574577385125950819691905811557714494549686122972478E-18,0.033631787969156279,bfeffd508cd18ca9
paired_centered,12000,1024,27,chan_random,slope,-0.75001171927342869,-0.7500117192734286950571902978674646630919946575440495563617709768485004890055865914708300509622197963,5.3323095288044445380605234051026433063617709768485004890055865914708300509622198E-18,7.1096349453980549504018281135947571656472322088787788462715016857979785248919644E-18,0.048029174413895682,bfe8001893bcaced
paired_centered,12000,1024,27,chan_random,intercept,-0.0002116656900605352,-0.0002116656900605442174180839395126599350191977364454946596953201702228597569956916985470013521831251949,9.0143954409035266098265424229694042882998320389202228597569956916985470013521831E-18,4.2587891492121732378779749409782425859611417552778803622695485703761476090547176E-14,332.57249135512308,bf2bbe526ed877d9
paired_centered,12000,1024,28,chan_random,population_covariance,-637.52702414381952,-637.5270241438194599619779326035734130401932757061016301015743947249177210258019402970101433917686005,5.7159323099999213604782072349293898369898425605275082278974198059702989856608231E-14,8.9657882623505329782749931818652929271024810092639324197262918781700402744092270E-17,0.50277872307403559,c083ec37586f2f42
paired_centered,12000,1024,28,chan_random,correlation,-0.99967219833015009,-0.9996721983301500820538145787134929827923854014427769167765955439589471523740855438544673727729950836,3.7338785362668637849812428334205043332234044560410528476259144561455326272270049E-18,3.7351029092375731479700673956574577385125950819691905811557714494549686122972478E-18,0.033631787969156279,bfeffd508cd18ca9
paired_centered,12000,1024,28,chan_random,slope,-0.75001171927342869,-0.7500117192734286950571902978674646630919946575440495563617709768485004890055865914708300509622197963,5.3323095288044445380605234051026433063617709768485004890055865914708300509622198E-18,7.1096349453980549504018281135947571656472322088787788462715016857979785248919644E-18,0.048029174413895682,bfe8001893bcaced
paired_centered,12000,1024,28,chan_random,intercept,-0.00021166569006053244,-0.0002116656900605442174180839395126599350191977364454946596953201702228597569956916985470013521831251949,1.1779110980741562916545547065187755652435574226420222859756995691698547001352183E-17,5.5649599977078483699006241074609477914625095142041550113033879776092667048605870E-14,434.57249135512308,bf2bbe526ed87773
paired_centered,12000,1024,29,chan_random,population_covariance,-637.5270241438194,-637.5270241438194599619779326035734130401932757061016301015743947249177210258019402970101433917686005,5.6527514621616816134597810463206101630101574394724917721025801940297010143391769E-14,8.8666852511125547659795182656566298412817303070663872739342116834170596692261331E-17,0.49722127692596435,c083ec37586f2f41
paired_centered,12000,1024,29,chan_random,correlation,-0.99967219833014986,-0.9996721983301500820538145787134929827923854014427769167765955439589471523740855438544673727729950836,2.1831072638876444429974509078474355816677659554395894715237408554385446737277300E-16,2.1838231247545958652025084443035736670118804428869846418757860483103088303453511E-16,1.9663682120308437,bfeffd508cd18ca7
paired_centered,12000,1024,29,chan_random,slope,-0.75001171927342858,-0.7500117192734286950571902978674646630919946575440495563617709768485004890055865914708300509622197963,1.1635461199132009858042369021418467455636177097684850048900558659147083005096222E-16,1.5513705853028301163315216648639175969616482867777747659132094683293984861837212E-16,1.0480291744138956,bfe8001893bcacec
paired_centered,12000,1024,29,chan_random,intercept,-0.00021166569006053371,-0.0002116656900605442174180839395126599350191977364454946596953201702228597569956916985470013521831251949,1.0505173428071095206586790024165574141510281257670222859756995691698547001352183E-17,4.9630969596755274757333249817287208830452126056793029671407364860410647685578824E-14,387.57249135512308,bf2bbe526ed877a2
paired_centered,12000,1024,30,chan_random,population_covariance,-637.52702414381952,-637.5270241438194599619779326035734130401932757061016301015743947249177210258019402970101433917686005,5.7159323099999213604782072349293898369898425605275082278974198059702989856608231E-14,8.9657882623505329782749931818652929271024810092639324197262918781700402744092270E-17,0.50277872307403559,c083ec37586f2f42
paired_centered,12000,1024,30,chan_random,correlation,-0.99967219833015031,-0.9996721983301500820538145787134929827923854014427769167765955439589471523740855438544673727729950836,2.2577848346129817186970757645158456683322340445604105284762591445614553262722700E-16,2.2585251829393473281619097922167228217821323445263684534989014772994082025912960E-16,2.0336317879691563,bfeffd508cd18cab
paired_centered,12000,1024,30,chan_random,slope,-0.75001171927342869,-0.7500117192734286950571902978674646630919946575440495563617709768485004890055865914708300509622197963,5.3323095288044445380605234051026433063617709768485004890055865914708300509622198E-18,7.1096349453980549504018281135947571656472322088787788462715016857979785248919644E-18,0.048029174413895682,bfe8001893bcaced
paired_centered,12000,1024,30,chan_random,intercept,-0.00021166569006053347,-0.0002116656900605442174180839395126599350191977364454946596953201702228597569956916985470013521831251949,1.0749118916880333704238466904361311026581082038920222859756995691698547001352183E-17,5.0783473286604399873823822611242536952953332902904448479378399631498693946584003E-14,396.57249135512308,bf2bbe526ed87799
paired_centered,12000,1024,31,chan_random,population_covariance,-637.5270241438194,-637.5270241438194599619779326035734130401932757061016301015743947249177210258019402970101433917686005,5.6527514621616816134597810463206101630101574394724917721025801940297010143391769E-14,8.8666852511125547659795182656566298412817303070663872739342116834170596692261331E-17,0.49722127692596435,c083ec37586f2f41
paired_centered,12000,1024,31,chan_random,correlation,-0.99967219833014986,-0.9996721983301500820538145787134929827923854014427769167765955439589471523740855438544673727729950836,2.1831072638876444429974509078474355816677659554395894715237408554385446737277300E-16,2.1838231247545958652025084443035736670118804428869846418757860483103088303453511E-16,1.9663682120308437,bfeffd508cd18ca7
paired_centered,12000,1024,31,chan_random,slope,-0.75001171927342858,-0.7500117192734286950571902978674646630919946575440495563617709768485004890055865914708300509622197963,1.1635461199132009858042369021418467455636177097684850048900558659147083005096222E-16,1.5513705853028301163315216648639175969616482867777747659132094683293984861837212E-16,1.0480291744138956,bfe8001893bcacec
paired_centered,12000,1024,31,chan_random,intercept,-0.00021166569006053374,-0.0002116656900605442174180839395126599350191977364454946596953201702228597569956916985470013521831251949,1.0478068373758957595736603704143825598724636726420222859756995691698547001352183E-17,4.9502913631216483077723186173514394594618658629447316470521694330289753656578249E-14,386.57249135512308,bf2bbe526ed877a3
paired_large_offset,12000,31,,welford,population_covariance,0.0021252252062161762,0.00212518262863159179687500000000000000000000000000000000000000000000000000000000000000000000000000,4.2577584584400224310130056437628809362649917602539062500000000000000000000000000E-8,0.000020034788545121881267752326287060499447365179429060693573527917033425768219616135,98177225763.143997,3f6168eb983c131d
paired_large_offset,12000,31,,welford,correlation,0.99995959695062309,0.9999637668767483327675638724793272005849868759819888859838391849615406908556836267101765242278032544,0.0000041699261252464031902240856608288818389877983951359838391849615406908556836267102,0.0000041700772201682905177681603819573097009524438810796780303967805659195613812491467,37559355487.644394,3fefffab44c72d33
paired_large_offset,12000,31,,welford,slope,2.5005120873811451,2.500463587658356120475034806476895290968301793907036639337893245312498512195061668612557921619288298,0.000048499722788933890526202558550458791372278358588360662106754687501487804938331387,0.000019396292362870638649529551752783408931483015647026150290886805744560054741436983,109211666739.90752,4004010c7b34700d
paired_large_offset,12000,31,,welford,intercept,-5500512087381.1455,-5500463587658.356120678523054170446407543418558757044394136745930363526884537012616310515157312245790,48499722.789387133976945829553592456581441242955605863254069636473115462987383689,0.0000088173882103697948687557099285449625388028273883695247892041403110210717202579464,49663716136.332428,c29402c046b55495
paired_large_offset,12000,31,,chan_left,population_covariance,0.0021251892219171019,0.00212518262863159179687500000000000000000000000000000000000000000000000000000000000000000000000000,6.5932855100696297068196827240171842277050018310546875000000000000000000000000000E-9,0.0000031024559589568336961657983585283098994554651051386063326161570856063422642680416,15203081301.143999,3f6168d846971b4f
paired_large_offset,12000,31,,chan_left,correlation,0.99993582839268913,0.9999637668767483327675638724793272005849868759819888859838391849615406908556836267101765242278032544,0.000027938484059202783358407472219495707133482427301385983839184961540690855683626710,0.000027939496394419231862682360960212101048786401035208458233292752424540134406834299,251647492796.64441,3fefff796c2172d6
paired_large_offset,12000,31,,chan_left,slope,2.5002116751271539,2.500463587658356120475034806476895290968301793907036639337893245312498512195061668612557921619288298,0.00025191253120219969154994254465081131208231148516163933789324531249851219506166861,0.00010074633057868749847868209520548244278815867520674886200827324267948334689927539,567256590826.09253,4004006efa8dfcef
paired_large_offset,12000,31,,chan_left,intercept,-5500211675127.1543,-5500463587658.356120678523054170446407543418558757044394136745930363526884537012616310515157312245790,251912531.20182380352305417044640754341855875704439413674593036352688453701261631,0.000045798418112802631783170174620733656335770474971165788555071681319947772801268733,257958431950.66757,c2940278a6ffdc9e
paired_large_offset,12000,31,,chan_balanced,population_covariance,0.0021252268006108992,0.00212518262863159179687500000000000000000000000000000000000000000000000000000000000000000000000000,4.4171979307418979265875691453402396291494369506835937500000000000000000000000000E-8,0.000020785027466491847504513798724449220126924265245866401485719337349789570212556859,101853649689.144,3f6168ec735dda13
paired_large_offset,12000,31,,chan_balanced,correlation,0.99994856486978578,0.9999637668767483327675638724793272005849868759819888859838391849615406908556836267101765242278032544,0.000015202006962549629607358368771328263858030767145135983839184961540690855683626710,0.000015202557798700090502624810626730130954466753743134161323722281214574446276667847,136927505783.64439,3fefff9421f9881b
paired_large_offset,12000,31,,chan_balanced,slope,2.5002865597450121,2.500463587658356120475034806476895290968301793907036639337893245312498512195061668612557921619288298,0.00017702791334399336555896519682236349332620796953663933789324531249851219506166861,0.000070798036899140433133129540019328271175718575644609417403307417310640677198664251,398631422285.09247,400400963d65dd8c
paired_large_offset,12000,31,,chan_balanced,intercept,-5500286559745.0117,-5500463587658.356120678523054170446407543418558757044394136745930363526884537012616310515157312245790,177027913.34440192852305417044640754341855875704439413674593036352688453701261631,0.000032184180573726117142518365974765222974477386666234262673488173142713039183322125,181276583264.66757,c294028a8198040c
paired_large_offset,12000,31,0,chan_random,population_covariance,0.0021252611256178376,0.00212518262863159179687500000000000000000000000000000000000000000000000000000000000000000000000000,7.8496986245766425804859522941114846616983413696289062500000000000000000000000000E-8,0.000036936583796711509009319123443317658401788176397085731992081369026557210717660149,181001726979.14401,3f6168fee0f5aafd
paired_large_offset,12000,31,0,chan_random,correlation,0.99994226188892366,0.9999637668767483327675638724793272005849868759819888859838391849615406908556836267101765242278032544,0.000021504987824676957162203037837697797396849126520135983839184961540690855683626710,0.000021505767045784948731755813012253063242188931282753272685185279609302357241448083,193699710307.64441,3fefff86ea16702f
paired_large_offset,12000,31,0,chan_random,slope,2.5002884991033678,2.500463587658356120475034806476895290968301793907036639337893245312498512195061668612557921619288298,0.00017508855498830854848882376215286886441995796953663933789324531249851219506166861,0.000070022437380212427092217059702659141184694392907893638361602173781724677865904668,394264375501.09247,4004009741b1b60c
paired_large_offset,12000,31,0,chan_random,intercept,-5500288499103.3682,-5500463587658.356120678523054170446407543418558757044394136745930363526884537012616310515157312245790,175088554.98795661602305417044640754341855875704439413674593036352688453701261631,0.000031831599682036052998853750371819652670535465953730463519441279266923361569093675,179290680307.66757,c294028af7f67d79
paired_large_offset,12000,31,1,chan_random,population_covariance,0.0021252441079876133,0.00212518262863159179687500000000000000000000000000000000000000000000000000000000000000000000000000,6.1479356021503644980086278337694238871335983276367187500000000000000000000000000E-8,0.000028928975417557545277637383779742186418443957152514869870542544691508383423109380,141761743293.14401,3f6168f5be1308b7
paired_large_offset,12000,31,1,chan_random,correlation,0.99994909781729435,0.9999637668767483327675638724793272005849868759819888859838391849615406908556836267101765242278032544,0.000014669059453980492522325661225421958544920415582635983839184961540690855683626710,0.000014669590979078489019007615743286267380242060091406776328887643566177267958365547,132127141381.64439,3fefff954019478d
paired_large_offset,12000,31,1,chan_random,slope,2.5003255765731525,2.500463587658356120475034806476895290968301793907036639337893245312498512195061668612557921619288298,0.00013801108520365645340269333216227924573709664141163933789324531249851219506166861,0.000055194199141648614050811632356919879854468493534831897127409587664418955980157200,310773335948.09247,400400aab225df4d
paired_large_offset,12000,31,1,chan_random,intercept,-5500325576573.1523,-5500463587658.356120678523054170446407543418558757044394136745930363526884537012616310515157312245790,138011085.20377692852305417044640754341855875704439413674593036352688453701261631,0.000025090809711646626773062843947493220995766803772761930791009347484992607610838896,141323351248.66757,c2940293cefdf49c
paired_large_offset,12000,31,2,chan_random,population_covariance,0.002125278468896825,0.00212518262863159179687500000000000000000000000000000000000000000000000000000000000000000000000000,9.5840265233192861726863043259072583168745040893554687500000000000000000000000000E-8,0.000045097425483335777451784526919878852471071934295915640507795785839759237000460641,220992605589.14401,3f616908309a0c8f
paired_large_offset,12000,31,2,chan_random,correlation,0.99993026558354381,0.9999637668767483327675638724793272005849868759819888859838391849615406908556836267101765242278032544,0.000033501293204523596189821986440746718028257817926385983839184961540690855683626710,0.000033502507104992771250059585942962053463279544834645964368157884856876673987207377,301752823184.64441,3fefff6dc19ec802
paired_large_offset,12000,31,2,chan_random,slope,2.5003091897814991,2.500463587658356120475034806476895290968301793907036639337893245312498512195061668612557921619288298,0.00015439787685704530808641942682542240369608101641163933789324531249851219506166861,0.000061747700554054631590761038473067321058458427250411112150869580251578357407364608,347673110340.09247,400400a21abfff95
paired_large_offset,12000,31,2,chan_random,intercept,-5500309189781.499,-5500463587658.356120678523054170446407543418558757044394136745930363526884537012616310515157312245790,154397876.85709724102305417044640754341855875704439413674593036352688453701261631,0.000028069975265998829527273641374678519454338629008238782115837263685390963578217782,158103425901.66757,c294028fe6d255ff
paired_large_offset,12000,31,3,chan_random,population_covariance,0.0021252515533015971,0.00212518262863159179687500000000000000000000000000000000000000000000000000000000000000000000000000,6.8924670005326982291649073886219412088394165039062500000000000000000000000000000E-8,0.000032432351496166556812878127664843655166641948056814359799597516710864737747516116,158929468494.14401,3f6168f9bd59bb48
paired_large_offset,12000,31,3,chan_random,correlation,0.99994327923708082,0.9999637668767483327675638724793272005849868759819888859838391849615406908556836267101765242278032544,0.000020487639667515144568162653554408484080503911676385983839184961540690855683626710,0.000020488382025586304880295970224355775782225494760235831925876404063322575498889692,184536252744.64441,3fefff890c45b44a
paired_large_offset,12000,31,3,chan_random,slope,2.5002760150592906,2.500463587658356120475034806476895290968301793907036639337893245312498512195061668612557921619288298,0.00018757259906547418317848718258418476331522164141163933789324531249851219506166861,0.000075015129190956506317400542341207119117347383581162992273514771170616770326519247,422375943628.09247,40040090b61d390d
paired_large_offset,12000,31,3,chan_random,intercept,-5500276015059.291,-5500463587658.356120678523054170446407543418558757044394136745930363526884537012616310515157312245790,187572599.06510505352305417044640754341855875704439413674593036352688453701261631,0.000034101234573385840872210747925295715405917388802484409851087310048981368823066336,192074341442.66757,c2940287fdff4d2a
paired_large_offset,12000,31,4,chan_random,population_covariance,0.0021252468182144592,0.00212518262863159179687500000000000000000000000000000000000000000000000000000000000000000000000000,6.4189582867402866783734793898474890738725662231445312500000000000000000000000000E-8,0.000030204266684004768608287590553416634838184351167903831219985680408343955604329623,148011100919.14401,3f6168f73290a9f1
paired_large_offset,12000,31,4,chan_random,correlation,0.99993560749129384,0.9999637668767483327675638724793272005849868759819888859838391849615406908556836267101765242278032544,0.000028159385454489748754688192816628747561644048395135983839184961540690855683626710,0.000028160405793943697680731773686433943471801177288987072070758131295016185826605488,253637195679.64441,3fefff78f588fdf3
paired_large_offset,12000,31,4,chan_random,slope,2.5002554798971088,2.500463587658356120475034806476895290968301793907036639337893245312498512195061668612557921619288298,0.00020810776124728591121118592097290193784525093828663933789324531249851219506166861,0.000083227671170439029673917735812340949814933131348610171035765098564428402153907113,468617018003.09247,40040085f1ee6c46
paired_large_offset,12000,31,4,chan_random,intercept,-5500255479897.1084,-5500463587658.356120678523054170446407543418558757044394136745930363526884537012616310515157312245790,208107761.24772224102305417044640754341855875704439413674593036352688453701261631,0.000037834585745583922165525026252985037762684646080755443248756975362333151245679120,213102347517.66757,c294028318a1646f
paired_large_offset,12000,31,5,chan_random,population_covariance,0.0021252491766189552,0.00212518262863159179687500000000000000000000000000000000000000000000000000000000000000000000000000,6.6547987363402977267767823832400608807802200317382812500000000000000000000000000E-8,0.000031314008719454536324813264690935465482648994319057644321716484201442684274992702,153449211439.14401,3f6168f876b3a529
paired_large_offset,12000,31,5,chan_random,correlation,0.99993401776610968,0.9999637668767483327675638724793272005849868759819888859838391849615406908556836267101765242278032544,0.000029749110638648756408449556870563560107420415582635983839184961540690855683626710,0.000029750188580898368442108426680011270451684972692144298800021863913458845282400170,267956167173.64441,3fefff75a00ed38d
paired_large_offset,12000,31,5,chan_random,slope,2.5002474922590241,2.500463587658356120475034806476895290968301793907036639337893245312498512195061668612557921619288298,0.00021609539933202470187814691568591034162332711016163933789324531249851219506166861,0.000086422134038910185893107570757978528895383975617166347330866308868840263905501962,486603579954.09247,40040081c1d944a7
paired_large_offset,12000,31,5,chan_random,intercept,-5500247492259.0244,-5500463587658.356120678523054170446407543418558757044394136745930363526884537012616310515157312245790,216095399.33170661602305417044640754341855875704439413674593036352688453701261631,0.000039286761177106931794414666820114438500946195822441023836254503476220329495715149,221281688915.66757,c2940281311a8c19
paired_large_offset,12000,31,6,chan_random,population_covariance,0.0021252387641054944,0.00212518262863159179687500000000000000000000000000000000000000000000000000000000000000000000000000,5.6135473902572258220189382882381323724985122680664062500000000000000000000000000E-8,0.000026414423469439881492250122270858320141037432202387750399330824974067897122417251,129439590067.144,3f6168f2df9de5ad
paired_large_offset,12000,31,6,chan_random,correlation,0.99993589442721309,0.9999637668767483327675638724793272005849868759819888859838391849615406908556836267101765242278032544,0.000027872449535242748739412930986090236285398931207635983839184961540690855683626710,0.000027873459477735455880352487101623010245862160936201054928207792086080626417818664,251052706681.64441,3fefff798f952a19
paired_large_offset,12000,31,6,chan_random,slope,2.5002659685697761,2.500463587658356120475034806476895290968301793907036639337893245312498512195061668612557921619288298,0.00019761908857999998581170297226734792936136421953663933789324531249851219506166861,0.000079032979946357499084283935506558097960887553779404034113900412398156647377674603,444998626845.09247,4004008b71b278bc
paired_large_offset,12000,31,6,chan_random,intercept,-5500265968569.7764,-5500463587658.356120678523054170446407543418558757044394136745930363526884537012616310515157312245790,197619088.57975349102305417044640754341855875704439413674593036352688453701261631,0.000035927715078990897408299931856016237194923120751894460548075004390470964432349618,202361946705.66757,c294028598cee71b
paired_large_offset,12000,31,7,chan_random,population_covariance,0.0021252728189331154,0.00212518262863159179687500000000000000000000000000000000000000000000000000000000000000000000000000,9.0190301523632859792556359934678766876459121704101562500000000000000000000000000E-8,0.000042438847517639708389139986539703086186687357003215962193765031700775730558327206,207964676267.14401,3f61690528139fa5
paired_large_offset,12000,31,7,chan_random,correlation,0.99994042022890384,0.9999637668767483327675638724793272005849868759819888859838391849615406908556836267101765242278032544,0.000023346647844495959676144124200745158770750493707635983839184961540690855683626710,0.000023347493797116328128254743535108701338947633154010648184301351225925872497314846,210287909065.64441,3fefff830d5a9cc9
paired_large_offset,12000,31,7,chan_random,slope,2.5002491433419247,2.500463587658356120475034806476895290968301793907036639337893245312498512195061668612557921619288298,0.00021444431643140248802217905874230301130106148516163933789324531249851219506166861,0.000085761823323420652849565563963099322731358008616589284496808257805701953797315724,482885671786.09247,400400829f740b6f
paired_large_offset,12000,31,7,chan_random,intercept,-5500249143341.9248,-5500463587658.356120678523054170446407543418558757044394136745930363526884537012616310515157312245790,214444316.43131599102305417044640754341855875704439413674593036352688453701261631,0.000038986589587189449954256450681090488249083708972684393261620859405019037804093970,219590980025.66757,c294028195e0b7b3
paired_large_offset,12000,31,8,chan_random,population_covariance,0.0021252698778663742,0.00212518262863159179687500000000000000000000000000000000000000000000000000000000000000000000000000,8.7249234782357798501095658139092847704887390136718750000000000000000000000000000E-8,0.000041054935047411764512087122365132275320737986250768763724718303206919894427228674,201183038082.14401,3f61690393dc097c
paired_large_offset,12000,31,8,chan_random,correlation,0.999947182742848,0.9999637668767483327675638724793272005849868759819888859838391849615406908556836267101765242278032544,0.000016584133900337460518833253259016805270384282770135983839184961540690855683626710,0.000016584734817078183929484288038705787481787461859836085522922412090771578542733616,149376598507.64441,3fefff913bf373a7
paired_large_offset,12000,31,8,chan_random,slope,2.5002911282616318,2.500463587658356120475034806476895290968301793907036639337893245312498512195061668612557921619288298,0.00017245939672431930880328076424874698865701851641163933789324531249851219506166861,0.000068970969053712458317704327224856807685270930542651735464709491265580109873285897,388344037412.09247,40040098a292e6b5
paired_large_offset,12000,31,8,chan_random,intercept,-5500291128261.6318,-5500463587658.356120678523054170446407543418558757044394136745930363526884537012616310515157312245790,172459396.72428474102305417044640754341855875704439413674593036352688453701261631,0.000031353611195834446524243829348794959829023459273132556802032866664840113765516599,176598422245.66757,c294028b986f1687
paired_large_offset,12000,31,9,chan_random,population_covariance,0.002125210121868574,0.00212518262863159179687500000000000000000000000000000000000000000000000000000000000000000000000000,2.7493236982235880194735955228679813444614410400390625000000000000000000000000000E-8,0.000012936882041021959464505362213585466472702240672800920654159872788535172188489983,63395088296.143997,3f6168e37f0ec6a2
paired_large_offset,12000,31,9,chan_random,correlation,0.99994596640186417,0.9999637668767483327675638724793272005849868759819888859838391849615406908556836267101765242278032544,0.000017800474884160299469178866088567906001280278863885983839184961540690855683626710,0.000017801119874330723797409933229146661299376860270766650061061686855674628111805230,160332424110.64441,3fefff8eaeeed1e4
paired_large_offset,12000,31,9,chan_random,slope,2.5002943801154718,2.500463587658356120475034806476895290968301793907036639337893245312498512195061668612557921619288298,0.00016920754288433869696553523651190435636331734453663933789324531249851219506166861,0.000067670468676090114859655896173144185691964482413730705756948029764746395913249669,381021513541.09247,4004009a5707bf94
paired_large_offset,12000,31,9,chan_random,intercept,-5500294380115.4717,-5500463587658.356120678523054170446407543418558757044394136745930363526884537012616310515157312245790,169207542.88444099102305417044640754341855875704439413674593036352688453701261631,0.000030762414874284371279070702863707789055509708568020608904004854933160587055170372,173268523913.66757,c294028c5ee94de3
paired_large_offset,12000,31,10,chan_random,population_covariance,0.0021251958789623767,0.00212518262863159179687500000000000000000000000000000000000000000000000000000000000000000000000000,1.3250330784905783865212924865772947669029235839843750000000000000000000000000000E-8,0.0000062349139346380274335057837750871569395384298843729995595525161263687135545413322,30553182610.144001,3f6168dbd987108c
paired_large_offset,12000,31,10,chan_random,correlation,0.99994247954802784,0.9999637668767483327675638724793272005849868759819888859838391849615406908556836267101765242278032544,0.000021287328720492259579507375560878449061583013238885983839184961540690855683626710,0.000021288100054845340614704471344954694816920637387141826963001770740946107508456197,191739211386.64441,3fefff875ef14718
paired_large_offset,12000,31,10,chan_random,slope,2.5002966504786768,2.500463587658356120475034806476895290968301793907036639337893245312498512195061668612557921619288298,0.00016693717967934617654271500184066927182962593828663933789324531249851219506166861,0.000066762491764849156138166331019977163851958139828044605502766427535618918464711808,375909110099.09247,4004009b87c0d586
paired_large_offset,12000,31,10,chan_random,intercept,-5500296650478.6768,-5500463587658.356120678523054170446407543418558757044394136745930363526884537012616310515157312245790,166937179.67936286602305417044640754341855875704439413674593036352688453701261631,0.000030349656355134777479104390759616794450829486751504089715606317639850307106179195,170943671991.66757,c294028ce97bbab5
paired_large_offset,12000,31,11,chan_random,population_covariance,0.0021251469928805569,0.00212518262863159179687500000000000000000000000000000000000000000000000000000000000000000000000000,3.5635751034879259435683707124553620815277099609375000000000000000000000000000000E-8,0.000016768324074729131233394974537664065565869560681120733543632235550327127055075680,82170447401.856003,3f6168c19aacf8d0
paired_large_offset,12000,31,11,chan_random,correlation,0.99994383350265192,0.9999637668767483327675638724793272005849868759819888859838391849615406908556836267101765242278032544,0.000019933374096408539886190268403096728900145024957635983839184961540690855683626710,0.000019934096370979260190219989050925678034712037306334132192199693693551978083504701,179543872305.64441,3fefff8a35d76261
paired_large_offset,12000,31,11,chan_random,slope,2.5002831664271672,2.500463587658356120475034806476895290968301793907036639337893245312498512195061668612557921619288298,0.00018042123118892860525000509339250957715799507891163933789324531249851219506166861,0.000072155112387735340928992112094370061688242189503213785155647090450092852472480507,406272494776.09247,4004009475f45a21
paired_large_offset,12000,31,11,chan_random,intercept,-5500283166427.168,-5500463587658.356120678523054170446407543418558757044394136745930363526884537012616310515157312245790,180421231.18815192852305417044640754341855875704439413674593036352688453701261631,0.000032801095455476037962721819918432877034435312419906495076993136317653929404531176,184751340736.66757,c2940289b27b6cac
paired_large_offset,12000,31,12,chan_random,population_covariance,0.002125258033212442,0.00212518262863159179687500000000000000000000000000000000000000000000000000000000000000000000000000,7.5404580850209346198909088343498297035694122314453125000000000000000000000000000E-8,0.000035481459256403985432639153792850601834577079543738589145516175058017681173012843,173871125616.14401,3f6168fd37f1536a
paired_large_offset,12000,31,12,chan_random,correlation,0.99994901699265137,0.9999637668767483327675638724793272005849868759819888859838391849615406908556836267101765242278032544,0.000014749884096958920141125858022077613452146978082635983839184961540690855683626710,0.000014750418550692281053294339846976340869865382428871080399313969772015482476269439,132855145045.64439,3fefff9514b4d33d
paired_large_offset,12000,31,12,chan_random,slope,2.5003317426885894,2.500463587658356120475034806476895290968301793907036639337893245312498512195061668612557921619288298,0.00013184496976674453030489752533711826551248726641163933789324531249851219506166861,0.000052728210247690597690209823211645118880461255711871257699229938641753897930315657,296888478356.09247,400400adedbffc45
paired_large_offset,12000,31,12,chan_random,intercept,-5500331742688.5898,-5500463587658.356120678523054170446407543418558757044394136745930363526884537012616310515157312245790,131844969.76627692852305417044640754341855875704439413674593036352688453701261631,0.000023969792302980346781631027679730910211343659034687414974194425064457996781107387,135009249040.66757,c29402954757825c
paired_large_offset,12000,31,13,chan_random,population_covariance,0.0021252660508855317,0.00212518262863159179687500000000000000000000000000000000000000000000000000000000000000000000000000,8.3422253939889612350810921270749531686305999755859375000000000000000000000000000E-8,0.000039254157650255838805807944067162277832612454903495331099608668132132450164702229,192358621060.14401,3f61690185e21e7e
paired_large_offset,12000,31,13,chan_random,correlation,0.99994253698389979,0.9999637668767483327675638724793272005849868759819888859838391849615406908556836267101765242278032544,0.000021229892848544861836464846233083539584349126520135983839184961540690855683626710,0.000021230662101741508737039052807647751503894979283346905731898777212257758560336195,191221875043.64441,3fefff877dc7342f
paired_large_offset,12000,31,13,chan_random,slope,2.5003786036657254,2.500463587658356120475034806476895290968301793907036639337893245312498512195061668612557921619288298,0.000084983992630723865247894027259725687387487266411639337893245312498512195061668613,0.000033987294616159560102787124509678921813335935134219408960368925812982363477547163,191366938772.0925,400400c67f52e645
paired_large_offset,12000,31,13,chan_random,intercept,-5500378603665.7256,-5500463587658.356120678523054170446407543418558757044394136745930363526884537012616310515157312245790,84983992.630534741023054170446407543418558757044394136745930363526884537012616311,0.000015450332735811076990938945341259204552517069839645361830139966582993088623983355,87023608453.667572,c29402a0738246e7
paired_large_offset,12000,31,14,chan_random,population_covariance,0.0021251913391545727,0.00212518262863159179687500000000000000000000000000000000000000000000000000000000000000000000000000,8.7105229809175677146981797704938799142837524414062500000000000000000000000000000E-9,0.0000040987173824803406205024864308408331502809956222257473976464443008945145104223158,20085098522.144001,3f6168d96994c714
paired_large_offset,12000,31,14,chan_random,correlation,0.99994267649419266,0.9999637668767483327675638724793272005849868759819888859838391849615406908556836267101765242278032544,0.000021090382555671238238367080880506568530271978082635983839184961540690855683626710,0.000021091146753791087352083843496716344022708677291011649948390337818145533208152029,189965278037.64441,3fefff87c8ad5a3d
paired_large_offset,12000,31,14,chan_random,slope,2.5002771613098065,2.500463587658356120475034806476895290968301793907036639337893245312498512195061668612557921619288298,0.00018642634854963646198292048181273376691629586016163933789324531249851219506166861,0.000074556713990873082449939523808927940801985186988453487166821996266953906137442599,419794816930.09247,400400914ff61737
paired_large_offset,12000,31,14,chan_random,intercept,-5500277161309.8066,-5500463587658.356120678523054170446407543418558757044394136745930363526884537012616310515157312245790,186426348.54948005352305417044640754341855875704439413674593036352688453701261631,0.000033892842953778196317189499188099524728602238736547630294209881273187034571804850,190900580914.66757,c294028843f5773a
paired_large_offset,12000,31,15,chan_random,population_covariance,0.0021252364867911057,0.00212518262863159179687500000000000000000000000000000000000000000000000000000000000000000000000000,5.3858159513857362110655913056689314544200897216796875000000000000000000000000000E-8,0.000025342838205174258271199035677741002379269036676508487757332508232867703531949046,124188460604.144,3f6168f1a6a00536
paired_large_offset,12000,31,15,chan_random,correlation,0.99994335144398416,0.9999637668767483327675638724793272005849868759819888859838391849615406908556836267101765242278032544,0.000020415432764169726995780805550693207362364263238885983839184961540690855683626710,0.000020416172505864459282586809477250610318572420369539153322146634241847640400095910,183885870778.64441,3fefff893309bed8
paired_large_offset,12000,31,15,chan_random,slope,2.5003074243270702,2.500463587658356120475034806476895290968301793907036639337893245312498512195061668612557921619288298,0.00015616333128591563586076739708759224164774117266163933789324531249851219506166861,0.000062453751399019603631843079235772417431439511318770920659488771281657303137588119,351648560294.09247,400400a12dcb7233
paired_large_offset,12000,31,15,chan_random,intercept,-5500307424327.0703,-5500463587658.356120678523054170446407543418558757044394136745930363526884537012616310515157312245790,156163331.28580817852305417044640754341855875704439413674593036352688453701261631,0.000028390939926627102576716495812223577514036082106207868524945995641777754094731701,159911251236.66757,c294028f7b111c48
paired_large_offset,12000,31,16,chan_random,population_covariance,0.0021252568437407893,0.00212518262863159179687500000000000000000000000000000000000000000000000000000000000000000000000000,7.4215109197525025441777302148693706840276718139648437500000000000000000000000000E-8,0.000034921755992948353248142941196499778584267610775459064972398549552361307844071269,171128390721.14401,3f6168fc9476833b
paired_large_offset,12000,31,16,chan_random,correlation,0.99994370963802492,0.9999637668767483327675638724793272005849868759819888859838391849615406908556836267101765242278032544,0.000020057238723408187839388559764428668597410649957635983839184961540690855683626710,0.000020057965486143824976056804884237855358940659596035975508393609329318327332266239,180659545681.64441,3fefff89f3578f41
paired_large_offset,12000,31,16,chan_random,slope,2.500291930961398,2.500463587658356120475034806476895290968301793907036639337893245312498512195061668612557921619288298,0.00017165669695810791886095324995793735730936226641163933789324531249851219506166861,0.000068649948675662040336696227029197935751517459193411573128636069490232459391487407,386536518228.09247,400400990e4f7485
paired_large_offset,12000,31,16,chan_random,intercept,-5500291930961.3984,-5500463587658.356120678523054170446407543418558757044394136745930363526884537012616310515157312245790,171656696.95768317852305417044640754341855875704439413674593036352688453701261631,0.000031207678084232250485059862971676107489364922056930610997443218481931924013266376,175776457684.66757,c294028bc96d4598
paired_large_offset,12000,31,17,chan_random,population_covariance,0.0021252304471345339,0.00212518262863159179687500000000000000000000000000000000000000000000000000000000000000000000000000,4.7818502942116591913901402222109027206897735595703125000000000000000000000000000E-8,0.000022500891122428850222371490745980808028170688994040833049312392594648529414734371,110261960720.144,3f6168ee688a7f0a
paired_large_offset,12000,31,17,chan_random,correlation,0.99992914611773942,0.9999637668767483327675638724793272005849868759819888859838391849615406908556836267101765242278032544,0.000034620759008912526697506549494518571475218267145135983839184961540690855683626710,0.000034622013472593900075729057122348605516496869413930592975434097012947266839925282,311836074743.64441,3fefff6b689c929b
paired_large_offset,12000,31,17,chan_random,slope,2.5002584291469856,2.500463587658356120475034806476895290968301793907036639337893245312498512195061668612557921619288298,0.00020515851137052564858812042045273220289041695391163933789324531249851219506166861,0.000082048189936912174905931205697034350239443099786523539982937303309110092898843244,461975897680.09247,400400877dc5e089
paired_large_offset,12000,31,17,chan_random,intercept,-5500258429146.9854,-5500463587658.356120678523054170446407543418558757044394136745930363526884537012616310515157312245790,205158511.37076911602305417044640754341855875704439413674593036352688453701261631,0.000037298403689298613233900501617739555017269474015757977317033779083523127138768948,210082315643.66757,c2940283cca36bf1
paired_large_offset,12000,31,18,chan_random,population_covariance,0.0021253290678556178,0.00212518262863159179687500000000000000000000000000000000000000000000000000000000000000000000000000,1.4643922402604939159154184835642809048295021057128906250000000000000000000000000E-7,0.000068906653975588828401836455177317668723023152549423570245315561662535554971682794,337665860995.14398,3f6169235adea47d
paired_large_offset,12000,31,18,chan_random,correlation,0.99993338597443193,0.9999637668767483327675638724793272005849868759819888859838391849615406908556836267101765242278032544,0.000030380902316400825755656554788528614619444341363885983839184961540690855683626710,0.000030382003151265638105776659609393000084661238326492150318502746565008978982907441,273646840702.64441,3fefff744cde0a14
paired_large_offset,12000,31,18,chan_random,slope,2.5003660397389815,2.500463587658356120475034806476895290968301793907036639337893245312498512195061668612557921619288298,0.000097547919374593167774839857582527754190465782036639337893245312498512195061668613,0.000039011933569464702041996702572154900315712625845416988519670391610341767751819871,219658386673.0925,400400bfe905a9e8
paired_large_offset,12000,31,18,chan_random,intercept,-5500366039738.9814,-5500463587658.356120678523054170446407543418558757044394136745930363526884537012616310515157312245790,97547919.374675366023054170446407543418558757044394136745930363526884537012616311,0.000017734490524316556236345301372171293791570931088628310191382633876858459149927781,99889069439.667572,c294029d74aaebed
paired_large_offset,12000,31,19,chan_random,population_covariance,0.0021252646656678628,0.00212518262863159179687500000000000000000000000000000000000000000000000000000000000000000000000000,8.2037036271020991051727833109907805919647216796875000000000000000000000000000000E-8,0.000038602346530493126938426233496874657127452218852363933027749986481425927974383592,189164526582.14401,3f616900c7801af0
paired_large_offset,12000,31,19,chan_random,correlation,0.99994163075938058,0.9999637668767483327675638724793272005849868759819888859838391849615406908556836267101765242278032544,0.000022136117367748608417762155836625629046629399957635983839184961540690855683626710,0.000022136919457479723511108665212269121137556235910098736338313829184492082969087961,199384419857.64441,3fefff859740a781
paired_large_offset,12000,31,19,chan_random,slope,2.5003355029225345,2.500463587658356120475034806476895290968301793907036639337893245312498512195061668612557921619288298,0.00012808473582163970085992554201610719907571968828663933789324531249851219506166861,0.000051224395529626165496071326645687282080899108985200691981153325211468766833554054,288421184259.09247,400400afe670a3d6
paired_large_offset,12000,31,19,chan_random,intercept,-5500335502922.5352,-5500463587658.356120678523054170446407543418558757044394136745930363526884537012616310515157312245790,128084735.82096442852305417044640754341855875704439413674593036352688453701261631,0.000023286171025357582337421830666888658701532672268209421827723242207854126729779289,131158769480.66757,c29402962cd92a24
paired_large_offset,12000,31,20,chan_random,population_covariance,0.0021253263158955253,0.00212518262863159179687500000000000000000000000000000000000000000000000000000000000000000000000000,1.4368726393351738401804595923749729990959167480468750000000000000000000000000000E-7,0.000067611725221957899890799790143901785259526331601983561862677763639680301990360415,331320273054.14398,3f616921e0a4a798
paired_large_offset,12000,31,20,chan_random,correlation,0.99994031945409723,0.9999637668767483327675638724793272005849868759819888859838391849615406908556836267101765242278032544,0.000023447422651106596989186513196854525187681646051385983839184961540690855683626710,0.000023448272255245259939868967850663469538452440895839015357714150395125975171564578,211195607828.64441,3fefff82d7403a7e
paired_large_offset,12000,31,20,chan_random,slope,2.5003351743965343,2.500463587658356120475034806476895290968301793907036639337893245312498512195061668612557921619288298,0.00012841326182182144002388889900274908292581734453663933789324531249851219506166861,0.000051355781566120861454502061279876426108149378238299403410804174037063056188977722,289160959045.09247,400400afba589294
paired_large_offset,12000,31,20,chan_random,intercept,-5500335174396.5342,-5500463587658.356120678523054170446407543418558757044394136745930363526884537012616310515157312245790,128413261.82194099102305417044640754341855875704439413674593036352688453701261631,0.000023345897991228912063660967902521301524034165482207314267684691365444095419649718,131495180105.66757,c294029618cbf223
paired_large_offset,12000,31,21,chan_random,population_covariance,0.0021252356749776784,0.00212518262863159179687500000000000000000000000000000000000000000000000000000000000000000000000000,5.3046346086611795289655901797232218086719512939453125000000000000000000000000000E-8,0.000024960841186984675819050005209053055999879735175060485802580353618972763382771301,122316546288.144,3f6168f1370cdfea
paired_large_offset,12000,31,21,chan_random,correlation,0.99994724558268056,0.9999637668767483327675638724793272005849868759819888859838391849615406908556836267101765242278032544,0.000016521294067777735934462256223140888789366216363885983839184961540690855683626710,0.000016521892707552559508392205007686532761254457908011169841556363654955203842723389,148810587614.64441,3fefff915db017b4
paired_large_offset,12000,31,21,chan_random,slope,2.5002503525672464,2.500463587658356120475034806476895290968301793907036639337893245312498512195061668612557921619288298,0.00021323509110975024718562275635876095044901070391163933789324531249851219506166861,0.000085278222871240239026567215876447165575369668329004585433791907797765322988962833,480162738432.09247,4004008341c0b5d9
paired_large_offset,12000,31,21,chan_random,intercept,-5500250352567.2471,-5500463587658.356120678523054170446407543418558757044394136745930363526884537012616310515157312245790,213235091.10905036602305417044640754341855875704439413674593036352688453701261631,0.000038766748967758967833582031197332032474327949126068132135284597744297015688905298,218352733295.66757,c2940281dfaedcfd
paired_large_offset,12000,31,22,chan_random,population_covariance,0.002125221589542732,0.00212518262863159179687500000000000000000000000000000000000000000000000000000000000000000000000000,3.8960911140164394828033778139797504991292953491210937500000000000000000000000000E-8,0.000018332970830488757806253073965208152875327783350995359707379525945677545323123089,89837744585.143997,3f6168e9a729b0c3
paired_large_offset,12000,31,22,chan_random,correlation,0.99994297967872403,0.9999637668767483327675638724793272005849868759819888859838391849615406908556836267101765242278032544,0.000020787198024301777907814979512422018626402349176385983839184961540690855683626710,0.000020787951236701086946568305953275488966367827735453140848932406941992611702731889,187234434552.64441,3fefff886b72b79a
paired_large_offset,12000,31,22,chan_random,slope,2.5002623288369605,2.500463587658356120475034806476895290968301793907036639337893245312498512195061668612557921619288298,0.00020125882139558570251927671021648084867288765703663933789324531249851219506166861,0.000080488603149010998978262329349146419851678759328611743847690083928343804026772484,453194576521.09247,40040089892e3450
paired_large_offset,12000,31,22,chan_random,intercept,-5500262328836.9609,-5500463587658.356120678523054170446407543418558757044394136745930363526884537012616310515157312245790,201258821.39518317852305417044640754341855875704439413674593036352688453701261631,0.000036589428906821032292403549919142008465378261118190305644040124396503403369769627,206089033108.66757,c2940284baa813d8
paired_large_offset,12000,31,23,chan_random,population_covariance,0.0021251917839858496,0.00212518262863159179687500000000000000000000000000000000000000000000000000000000000000000000000000,9.1553542577657576195804267626954242587089538574218750000000000000000000000000000E-9,0.0000043080317589744762867199431942203405009074833665445245736264175150460046611594651,21110809612.144001,3f6168d9a6b7e306
paired_large_offset,12000,31,23,chan_random,correlation,0.99994321147751131,0.9999637668767483327675638724793272005849868759819888859838391849615406908556836267101765242278032544,0.000020555399237026028034299528185455732920835942926385983839184961540690855683626710,0.000020556144050326982557931472731667319485990080707957810725529600824400600664550344,185146576688.64441,3fefff88e7e4e662
paired_large_offset,12000,31,23,chan_random,slope,2.5002560113629211,2.500463587658356120475034806476895290968301793907036639337893245312498512195061668612557921619288298,0.00020757629543503796689754602963902389753153023516163933789324531249851219506166861,0.000083015124259189802690581185939488613690720142095501151907630980149098964912263642,467420263386.09247,40040086394372ff
paired_large_offset,12000,31,23,chan_random,intercept,-5500256011362.9209,-5500463587658.356120678523054170446407543418558757044394136745930363526884537012616310515157312245790,207576295.43522224102305417044640754341855875704439413674593036352688453701261631,0.000037737963741996356499390219435869393378850328842995187283045071042125734819250183,212558126525.66757,c294028339118baf
paired_large_offset,12000,31,24,chan_random,population_covariance,0.0021252421850430025,0.00212518262863159179687500000000000000000000000000000000000000000000000000000000000000000000000000,5.9556411410668225192566183068265672773122787475585937500000000000000000000000000E-8,0.000028024138070908609682314755922757558495599227343374698300204786764407266059673342,137327734905.144,3f6168f4b5c96f73
paired_large_offset,12000,31,24,chan_random,correlation,0.99994208243587412,0.9999637668767483327675638724793272005849868759819888859838391849615406908556836267101765242278032544,0.000021684440874208332248392692959113650897215337457635983839184961540690855683626710,0.000021685226597696386914058998200607053691935410886195754696732755560536731723362812,195316079681.64441,3fefff8689be9951
paired_large_offset,12000,31,24,chan_random,slope,2.5003079005413928,2.500463587658356120475034806476895290968301793907036639337893245312498512195061668612557921619288298,0.00015568711696327341478343663736112749326517281328663933789324531249851219506166861,0.000062263300986147089810921301942298888096890053881010142656108492035409614290213530,350576220971.09247,400400a16db60bae
paired_large_offset,12000,31,24,chan_random,intercept,-5500307900541.3936,-5500463587658.356120678523054170446407543418558757044394136745930363526884537012616310515157312245790,155687116.96256599102305417044640754341855875704439413674593036352688453701261631,0.000028304362801689726108290702920953577096132236876733011123768816967497173044861876,159423607769.66757,c294028f9821f593
paired_large_offset,12000,31,25,chan_random,population_covariance,0.0021253352733489653,0.00212518262863159179687500000000000000000000000000000000000000000000000000000000000000000000000000,1.5264471737352555691380473490426084026694297790527343750000000000000000000000000E-7,0.000071826635187496198247790734585614852725512813925410229824734211371263572704461982,351974754449.14398,3f616926afbf078b
paired_large_offset,12000,31,25,chan_random,correlation,0.99994042473452105,0.9999637668767483327675638724793272005849868759819888859838391849615406908556836267101765242278032544,0.000023342142227283301823056248208685451129148931207635983839184961540690855683626710,0.000023342988016645171118779689780425591086210230209518413935909327977810842937416398,210247326073.64441,3fefff830fc5dc19
paired_large_offset,12000,31,25,chan_random,slope,2.5003492049560543,2.500463587658356120475034806476895290968301793907036639337893245312498512195061668612557921619288298,0.00011438270230183733069487283470906650769998726641163933789324531249851219506166861,0.000045744598268257483105789311614098099650384180676271722713247497056889874342454436,257566947732.0925,400400b7157eed45
paired_large_offset,12000,31,25,chan_random,intercept,-5500349204956.0537,-5500463587658.356120678523054170446407543418558757044394136745930363526884537012616310515157312245790,114382702.30240974102305417044640754341855875704439413674593036352688453701261631,0.000020795102172670588434083789812176849584299743678669524878539678856689659279244760,117127887157.66757,c294029971277037
paired_large_offset,12000,31,26,chan_random,population_covariance,0.0021252526147808866,0.00212518262863159179687500000000000000000000000000000000000000000000000000000000000000000000000000,6.9986149294775507057053687276493292301893234252929687500000000000000000000000000E-8,0.000032931828235317211753309527415168414718327888133967834993070188212207283605772801,161377073093.14401,3f6168fa4f3d36bf
paired_large_offset,12000,31,26,chan_random,correlation,0.99994650396908169,0.9999637668767483327675638724793272005849868759819888859838391849615406908556836267101765242278032544,0.000017262907666642445834233952878220611193846196832635983839184961540690855683626710,0.000017263533178367856883348722751886711909600301056224098613904440517979185991483031,155490449069.64441,3fefff8fcf897ee5
paired_large_offset,12000,31,26,chan_random,slope,2.5002590387810191,2.500463587658356120475034806476895290968301793907036639337893245312498512195061668612557921619288298,0.00020454887733704851307073335162230169523050484453663933789324531249851219506166861,0.000081804381534147930707719657708617717359496461871034639251895947292295055986342461,460603123877.09247,40040087cf98be34
paired_large_offset,12000,31,26,chan_random,intercept,-5500259038781.0195,-5500463587658.356120678523054170446407543418558757044394136745930363526884537012616310515157312245790,204548877.33658942852305417044640754341855875704439413674593036352688453701261631,0.000037187570479612878470753718449325483923699694199465935299919912692749529071632678,209458050392.66757,c2940283f1d8f414
paired_large_offset,12000,31,27,chan_random,population_covariance,0.0021252571714224749,0.00212518262863159179687500000000000000000000000000000000000000000000000000000000000000000000000000,7.4542790883130177759241519197530578821897506713867187500000000000000000000000000E-8,0.000035075945887591030162047623180717341186484297923793834677599397419377131419163078,171883973245.14401,3f6168fcc17fc977
paired_large_offset,12000,31,27,chan_random,correlation,0.99994470247025891,0.9999637668767483327675638724793272005849868759819888859838391849615406908556836267101765242278032544,0.000019064406489426798971883257577373319247435064020135983839184961540690855683626710,0.000019065097277446257707532604753580877898865206552144284933897330577685976774328516,171716907923.64441,3fefff8c085d61ff
paired_large_offset,12000,31,27,chan_random,slope,2.5002773689589191,2.500463587658356120475034806476895290968301793907036639337893245312498512195061668612557921619288298,0.00018621869943706514440953691488929426420023140703663933789324531249851219506166861,0.000074473669745159519540955714596547098064113950258098576345190363087833285828228870,419327232697.09247,400400916bd4dc20
paired_large_offset,12000,31,27,chan_random,intercept,-5500277368958.9189,-5500463587658.356120678523054170446407543418558757044394136745930363526884537012616310515157312245790,186218699.43717536602305417044640754341855875704439413674593036352688453701261631,0.000033855091751721227993318869180706417180972529200439456725561272536058003296015348,190687948223.66757,c294028850a1fbad
paired_large_offset,12000,31,28,chan_random,population_covariance,0.0021252486670028715,0.00212518262863159179687500000000000000000000000000000000000000000000000000000000000000000000000000,6.6038371279695390336783589191327337175607681274414062500000000000000000000000000E-8,0.000031074209994939396902320590042514627055075680455462637017198991839717503311209243,152274116755.14401,3f6168f830a91f8d
paired_large_offset,12000,31,28,chan_random,correlation,0.99993780893023321,0.9999637668767483327675638724793272005849868759819888859838391849615406908556836267101765242278032544,0.000025957946515125440187850912293596797564695806207635983839184961540690855683626710,0.000025958887086680728003600623167367847723356933832201472972242639622738912768474985,233808396505.64441,3fefff7d936c74b9
paired_large_offset,12000,31,28,chan_random,slope,2.5002463748166841,2.500463587658356120475034806476895290968301793907036639337893245312498512195061668612557921619288298,0.00021721284167201759309853736310132181394388375078663933789324531249851219506166861,0.000086869028105077875211562330551331404916647692834607606380270844662696182307314071,489119836407.09247,400400812bde3de2
paired_large_offset,12000,31,28,chan_random,intercept,-5500246374816.6846,-5500463587658.356120678523054170446407543418558757044394136745930363526884537012616310515157312245790,217212841.67155036602305417044640754341855875704439413674593036352688453701261631,0.000039489915388026718069112778563345512551838901534327326432480352217499806709257988,222425949871.66757,c2940280ece682bd
paired_large_offset,12000,31,29,chan_random,population_covariance,0.0021251664095968585,0.00212518262863159179687500000000000000000000000000000000000000000000000000000000000000000000000000,1.6219034733248871571476001918199472129344940185546875000000000000000000000000000E-8,0.0000076318310317134164418314359182019375145703303535628790950341172909630183419564260,37398547855.856003,3f6168cc0749f16a
paired_large_offset,12000,31,29,chan_random,correlation,0.99993725980953507,0.9999637668767483327675638724793272005849868759819888859838391849615406908556836267101765242278032544,0.000026507067213259948888000948313801222422789067926385983839184961540690855683626710,0.000026508027681894105563964864983577080011304529184047996485487576096428098027945504,238754436048.64441,3fefff7c6c9de1c2
paired_large_offset,12000,31,29,chan_random,slope,2.5002984160138291,2.500463587658356120475034806476895290968301793907036639337893245312498512195061668612557921619288298,0.00016517164452704790669293510260857975232889351641163933789324531249851219506166861,0.000066056408636499478754655315082756373099421295443202554096951897485505333772409637,371933478372.09247,4004009c74b828f5
paired_large_offset,12000,31,29,chan_random,intercept,-5500298416013.8291,-5500463587658.356120678523054170446407543418558757044394136745930363526884537012616310515157312245790,165171644.52701911602305417044640754341855875704439413674593036352688453701261631,0.000030028677018719359210967862026490154715795974348242364942929313565575398328234404,169135763995.66757,c294028d553e3751
paired_large_offset,12000,31,30,chan_random,population_covariance,0.0021252140802036587,0.00212518262863159179687500000000000000000000000000000000000000000000000000000000000000000000000000,3.1451572066857474974099773135094437748193740844726562500000000000000000000000000E-8,0.000014799467887194799927770042756795034479095123867160320864757941236721787296848366,72522387579.143997,3f6168e59f164f75
paired_large_offset,12000,31,30,chan_random,correlation,0.99994420638537984,0.9999637668767483327675638724793272005849868759819888859838391849615406908556836267101765242278032544,0.000019560491368491516626156666275291376689146489801385983839184961540690855683626710,0.000019561200131866845086874637091313168664989660911767324212210296825967453732317850,176185243276.64441,3fefff8afe07ff06
paired_large_offset,12000,31,30,chan_random,slope,2.5002751371518142,2.500463587658356120475034806476895290968301793907036639337893245312498512195061668612557921619288298,0.00018845050654196726149883255827106868970682320391163933789324531249851219506166861,0.000075366227075695241718565890692562555877273315060372228970446340310712551885708326,424352815520.09247,4004009040488d39
paired_large_offset,12000,31,30,chan_random,intercept,-5500275137151.8145,-5500463587658.356120678523054170446407543418558757044394136745930363526884537012616310515157312245790,188450506.54166755352305417044640754341855875704439413674593036352688453701261631,0.000034260840661594896832811548782570834670062174435882421984204949569058184547735061,192973318698.66757,c2940287c869ff42
paired_large_offset,12000,31,31,chan_random,population_covariance,0.0021252626284965592,0.00212518262863159179687500000000000000000000000000000000000000000000000000000000000000000000000000,7.9999864967410933003222339721105527132749557495117187500000000000000000000000000E-8,0.000037643760065422218829830822885318267270511266862037173947138673196268828681186251,184467129373.14401,3f6168ffaf838317
paired_large_offset,12000,31,31,chan_random,correlation,0.99994480692640264,0.9999637668767483327675638724793272005849868759819888859838391849615406908556836267101765242278032544,0.000018959950345692133142413225682629876712034673395135983839184961540690855683626710,0.000018960637348802122454745587645871976889476087500325400167844390598328693281129150,170776050623.64441,3fefff8c4071b9d3
paired_large_offset,12000,31,31,chan_random,slope,2.5002606536305607,2.500463587658356120475034806476895290968301793907036639337893245312498512195061668612557921619288298,0.00020293402779540614169298572930373584974100289141163933789324531249851219506166861,0.000081158561475174525713601287763038452227039230781907377378337258518939179480267978,456966805980.09247,40040088a8568cfd
paired_large_offset,12000,31,31,chan_random,intercept,-5500260653630.5605,-5500463587658.356120678523054170446407543418558757044394136745930363526884537012616310515157312245790,202934027.79557380352305417044640754341855875704439413674593036352688453701261631,0.000036893986217981015766374765106439998446359593504008786922925513962375669048382600,207804444462.66757,c29402845468fa3e
paired_large_offset,12000,257,,welford,population_covariance,0.0021252252062161762,0.00212518262863159179687500000000000000000000000000000000000000000000000000000000000000000000000000,4.2577584584400224310130056437628809362649917602539062500000000000000000000000000E-8,0.000020034788545121881267752326287060499447365179429060693573527917033425768219616135,98177225763.143997,3f6168eb983c131d
paired_large_offset,12000,257,,welford,correlation,0.99995959695062309,0.9999637668767483327675638724793272005849868759819888859838391849615406908556836267101765242278032544,0.0000041699261252464031902240856608288818389877983951359838391849615406908556836267102,0.0000041700772201682905177681603819573097009524438810796780303967805659195613812491467,37559355487.644394,3fefffab44c72d33
paired_large_offset,12000,257,,welford,slope,2.5005120873811451,2.500463587658356120475034806476895290968301793907036639337893245312498512195061668612557921619288298,0.000048499722788933890526202558550458791372278358588360662106754687501487804938331387,0.000019396292362870638649529551752783408931483015647026150290886805744560054741436983,109211666739.90752,4004010c7b34700d
paired_large_offset,12000,257,,welford,intercept,-5500512087381.1455,-5500463587658.356120678523054170446407543418558757044394136745930363526884537012616310515157312245790,48499722.789387133976945829553592456581441242955605863254069636473115462987383689,0.0000088173882103697948687557099285449625388028273883695247892041403110210717202579464,49663716136.332428,c29402c046b55495
paired_large_offset,12000,257,,chan_left,population_covariance,0.0021251079559330734,0.00212518262863159179687500000000000000000000000000000000000000000000000000000000000000000000000000,7.4672698518435387526892554888036102056503295898437500000000000000000000000000000E-8,0.000035137073638945207889372016858739918004519354671514356276915144415392910343694881,172183519857.85599,3f6168aca57a7c88
paired_large_offset,12000,257,,chan_left,correlation,0.99983615452458774,0.9999637668767483327675638724793272005849868759819888859838391849615406908556836267101765242278032544,0.00012761235216059367783898095130565636692352148980138598383918496154069085568362671,0.00012761697612221851925681460744174844474622938930055896066832090058191089458860784,1149429883276.6443,3feffea864215406
paired_large_offset,12000,257,,chan_left,slope,2.5002496167776846,2.500463587658356120475034806476895290968301793907036639337893245312498512195061668612557921619288298,0.00021397088067147351289157308171369468915750679766163933789324531249851219506166861,0.000085572484129574466872896297855165106584630481873022107551649990268371804490180976,481819589230.09247,40040082deff2c6b
paired_large_offset,12000,257,,chan_left,intercept,-5500249616777.6846,-5500463587658.356120678523054170446407543418558757044394136745930363526884537012616310515157312245790,213970880.67155036602305417044640754341855875704439413674593036352688453701261631,0.000038900517613032963462276116903903304155301848746107807249663054742050328074652521,219106181807.66757,c2940281b2c626bd
paired_large_offset,12000,257,,chan_balanced,population_covariance,0.002125111597265352,0.00212518262863159179687500000000000000000000000000000000000000000000000000000000000000000000000000,7.1031366239763388259476073471887502819299697875976562500000000000000000000000000E-8,0.000033423652764139423104698555191730586219782621328921828088163989166293269814359126,163787179278.85599,3f6168ae99f079eb
paired_large_offset,12000,257,,chan_balanced,correlation,0.99983034344922905,0.9999637668767483327675638724793272005849868759819888859838391849615406908556836267101765242278032544,0.00013342342751927964653375282413902752933807227105138598383918496154069085568362671,0.00013342826204194346802402564354473536033093106820379117642723372072119298592450057,1201771396916.6443,3feffe9c3455365e
paired_large_offset,12000,257,,chan_balanced,slope,2.5002385008461996,2.500463587658356120475034806476895290968301793907036639337893245312498512195061668612557921619288298,0.00022508681215653524923062144777603780973245796953663933789324531249851219506166861,0.000090018032363080889236427574383696298826877079360239985401061875579307359870724286,506850441677.09247,4004007d0b0aad0c
paired_large_offset,12000,257,,chan_balanced,intercept,-5500238500846.1992,-5500463587658.356120678523054170446407543418558757044394136745930363526884537012616310515157312245790,225086812.15690192852305417044640754341855875704439413674593036352688453701261631,0.000040921425725267883212319589187022072616009809590511533265089734064432392579733992,230488895648.66757,c294027f0c4fb8cc
paired_large_offset,12000,257,0,chan_random,population_covariance,0.0021251017874490828,0.00212518262863159179687500000000000000000000000000000000000000000000000000000000000000000000000000,8.0841182508960968133848723482515197247266769409179687500000000000000000000000000E-8,0.000038039640179542933587528250038828869871327856048389539562976473642370554324361862,186407075544.85599,3f6168a955b04021
paired_large_offset,12000,257,0,chan_random,correlation,0.9998219232458605,0.9999637668767483327675638724793272005849868759819888859838391849615406908556836267101765242278032544,0.00014184363088783284948319531740265958843536231011388598383918496154069085568362671,0.00014184877051181790164167827882085054607838362407320555555423068753779041857055662,1277613846422.6443,3feffe8a8bc545fc
paired_large_offset,12000,257,0,chan_random,slope,2.5002237741662134,2.500463587658356120475034806476895290968301793907036639337893245312498512195061668612557921619288298,0.00023981349214267865868158190975763237226297554766163933789324531249851219506166861,0.000095907612222923882624199843357227413731349668915858905279801575005499049287113046,540011976926.09247,400400755275cdfb
paired_large_offset,12000,257,0,chan_random,intercept,-5500223774166.2139,-5500463587658.356120678523054170446407543418558757044394136745930363526884537012616310515157312245790,239813492.14225349102305417044640754341855875704439413674593036352688453701261631,0.000043598778233953604485269588054463868036167180390644043975976594010064703403535442,245569015953.66757,c294027b897758db
paired_large_offset,12000,257,1,chan_random,population_covariance,0.0021251191601781936,0.00212518262863159179687500000000000000000000000000000000000000000000000000000000000000000000000000,6.3468453398204949245098305254941806197166442871093750000000000000000000000000000E-8,0.000029864940802321718216207076521863117257531192006158636035335421064877712437379833,146348289573.85599,3f6168b2a960d0d4
paired_large_offset,12000,257,1,chan_random,correlation,0.99983187097186521,0.9999637668767483327675638724793272005849868759819888859838391849615406908556836267101765242278032544,0.00013189590488312190555759342150407903728790137261388598383918496154069085568362671,0.00013190068405686431714150374370923715343009942312849678407373212187757659381504388,1188012696166.6443,3feffe9f686a532c
paired_large_offset,12000,257,1,chan_random,slope,2.5002552528286768,2.500463587658356120475034806476895290968301793907036639337893245312498512195061668612557921619288298,0.00020833482967934302045967564451374447095682320391163933789324531249851219506166861,0.000083318481703804866517853636923934439210194082384546438552695850482102641989341752,469128330656.09247,40040085d3746939
paired_large_offset,12000,257,1,chan_random,intercept,-5500255252828.6777,-5500463587658.356120678523054170446407543418558757044394136745930363526884537012616310515157312245790,208334829.67838630352305417044640754341855875704439413674593036352688453701261631,0.000037875867435217055345824375380890403548873260788573802363309627652700891099017602,213334865590.66757,c29402830ac572b6
paired_large_offset,12000,257,2,chan_random,population_covariance,0.0021250965890817772,0.00212518262863159179687500000000000000000000000000000000000000000000000000000000000000000000000000,8.6039549814585780662667957585654221475124359130859375000000000000000000000000000E-8,0.000040485720453110786361043403392830000032534327642219325794493890389830801302539854,198393694455.85599,3f6168a68b3af602
paired_large_offset,12000,257,2,chan_random,correlation,0.99980261456828701,0.9999637668767483327675638724793272005849868759819888859838391849615406908556836267101765242278032544,0.00016115230846132582112956923428568118152923438042638598383918496154069085568362671,0.00016115814772435532809128999245901504873001811288365984826592623957820449624006629,1451530952672.6443,3feffe620d80d5b2
paired_large_offset,12000,257,2,chan_random,slope,2.5002240559379936,2.500463587658356120475034806476895290968301793907036639337893245312498512195061668612557921619288298,0.00023953172036254799017832050564565098035623726641163933789324531249851219506166861,0.000095794924407143872311240356491474452382498600363923666437386913606451659386581081,539377483284.09247,40040075784768c5
paired_large_offset,12000,257,2,chan_random,intercept,-5500224055937.9941,-5500463587658.356120678523054170446407543418558757044394136745930363526884537012616310515157312245790,239531720.36198005352305417044640754341855875704439413674593036352688453701261631,0.000043547551319024895232273817562361808653118797002158285719580125915291659966742720,245280481650.66757,c294027b9aaa07fa
paired_large_offset,12000,257,3,chan_random,population_covariance,0.0021250871578421108,0.00212518262863159179687500000000000000000000000000000000000000000000000000000000000000000000000000,9.5470789480991274933430190685612615197896957397460937500000000000000000000000000E-8,0.000044923569482809604898456547097413805277225005839350875094882440011748257898942096,220140652508.85599,3f6168a17b02b71d
paired_large_offset,12000,257,3,chan_random,correlation,0.99981599739102178,0.9999637668767483327675638724793272005849868759819888859838391849615406908556836267101765242278032544,0.00014776948572655039751750562918017678795165869683263598383918496154069085568362671,0.00014777484007054416895808066530912006149635099513231679161966542248546149723540470,1330989201709.6443,3feffe7e1e59fc65
paired_large_offset,12000,257,3,chan_random,slope,2.500199170921876,2.500463587658356120475034806476895290968301793907036639337893245312498512195061668612557921619288298,0.00026441673648007423871411669066973364103128609453663933789324531249851219506166861,0.00010574708537455498560530822774327791594353125536169892484206329066051142118195143,595413557941.09253,400400686c44c424
paired_large_offset,12000,257,3,chan_random,intercept,-5500199170921.876,-5500463587658.356120678523054170446407543418558757044394136745930363526884537012616310515157312245790,264416736.48014411602305417044640754341855875704439413674593036352688453701261631,0.000048071718368144122395378799779518684581250483760301408233912007511551438534072684,270762738155.66757,c2940275abcda781
paired_large_offset,12000,257,4,chan_random,population_covariance,0.0021251364558247366,0.00212518262863159179687500000000000000000000000000000000000000000000000000000000000000000000000000,4.6172806855208220477848612972593400627374649047851562500000000000000000000000000E-8,0.000021726512457397112430684756588863296659105988088846088173412902575843688037531600,106467243902.856,3f6168bbf279477b
paired_large_offset,12000,257,4,chan_random,correlation,0.99982345015817564,0.9999637668767483327675638724793272005849868759819888859838391849615406908556836267101765242278032544,0.00014031671857269105655247811573202782211608740777013598383918496154069085568362671,0.00014032180286986933668092671203348505527644136173910745308900798263914160140096950,1263860642955.6443,3feffe8dbf868107
paired_large_offset,12000,257,4,chan_random,slope,2.5002262412707106,2.500463587658356120475034806476895290968301793907036639337893245312498512195061668612557921619288298,0.00023734638764553949776917073874600565183450875078663933789324531249851219506166861,0.000094920953385212286695335410048900780738840233420896976313501180048733680450925280,534456551479.09247,400400769d96dea2
paired_large_offset,12000,257,4,chan_random,intercept,-5500226241270.7109,-5500463587658.356120678523054170446407543418558757044394136745930363526884537012616310515157312245790,237346387.64518317852305417044640754341855875704439413674593036352688453701261631,0.000043150251585653292369085758793325144399566600544426191286422955124954735373542759,243042700948.66757,c294027c200bdad8
paired_large_offset,12000,257,5,chan_random,population_covariance,0.002125134719197677,0.00212518262863159179687500000000000000000000000000000000000000000000000000000000000000000000000000,4.7909433914812560306728528303210623562335968017578125000000000000000000000000000E-8,0.000022543678491133496081044209795734854120562345756435458288636028604180863039231239,110471633267.856,3f6168bb03cb2586
paired_large_offset,12000,257,5,chan_random,correlation,0.99983642015582341,0.9999637668767483327675638724793272005849868759819888859838391849615406908556836267101765242278032544,0.00012734672092491954257027144539746516285247656792638598383918496154069085568362671,0.00012735133526154633857401951627637345217241079543552096052706358947128201247858646,1147037289808.6443,3feffea8f2bd6842
paired_large_offset,12000,257,5,chan_random,slope,2.5002708866721992,2.500463587658356120475034806476895290968301793907036639337893245312498512195061668612557921619288298,0.00019270098615690955448179232886858618009378609453663933789324531249851219506166861,0.000077066103704941740239979018850131482276948003242258876271428435735316566113156783,433924044725.09247,4004008e05cb2f24
paired_large_offset,12000,257,5,chan_random,intercept,-5500270886672.1992,-5500463587658.356120678523054170446407543418558757044394136745930363526884537012616310515157312245790,192700986.15690192852305417044640754341855875704439413674593036352688453701261631,0.000035033590003081562098737243525378820835378273877376119835260323460743425670184419,197325809824.66757,c2940286c4fc40cc
paired_large_offset,12000,257,6,chan_random,population_covariance,0.0021250986287586178,0.00212518262863159179687500000000000000000000000000000000000000000000000000000000000000000000000000,8.3999872973965217237690694673801772296428680419921875000000000000000000000000000E-8,0.000039525955013124146565229311076985583338250878258565334875834421363520402725613783,193690519871.85599,3f6168a7a38fb5ba
paired_large_offset,12000,257,6,chan_random,correlation,0.99982155113943882,0.9999637668767483327675638724793272005849868759819888859838391849615406908556836267101765242278032544,0.00014221573730950836048420795468258731899566504448888598383918496154069085568362671,0.00014222089041655978555404052522860306265703290472875180162775511203964003391434431,1280965483106.6443,3feffe89c3ff5b30
paired_large_offset,12000,257,6,chan_random,slope,2.5002187492794201,2.500463587658356120475034806476895290968301793907036639337893245312498512195061668612557921619288298,0.00024483837893600423676424037664063608396341500078663933789324531249851219506166861,0.000097917194293275606337201674642887668719250464051369014941146897126381203744693630,551327016071.09253,40040072b0080252
paired_large_offset,12000,257,6,chan_random,intercept,-5500218749279.4209,-5500463587658.356120678523054170446407543418558757044394136745930363526884537012616310515157312245790,244838378.93522224102305417044640754341855875704439413674593036352688453701261631,0.000044512317013529078866641817346943626750616606055627769883511240676657943230805693,250714500029.66757,c294027a56c57daf
paired_large_offset,12000,257,7,chan_random,population_covariance,0.0021251074599550617,0.00212518262863159179687500000000000000000000000000000000000000000000000000000000000000000000000000,7.5168676530134453939169247860263567417860031127929687500000000000000000000000000E-8,0.000035370454998747883944317535596177521861946302204413853700084207814924999399797749,173327167288.85599,3f6168ac614fcfc1
paired_large_offset,12000,257,7,chan_random,correlation,0.99982379894541606,0.9999637668767483327675638724793272005849868759819888859838391849615406908556836267101765242278032544,0.00013996793133226819120024855128134661255187842339513598383918496154069085568362671,0.00013997300299133748231745847378218297673443101386632538718130759939452565290107062,1260719046783.6443,3feffe8e7ac77513
paired_large_offset,12000,257,7,chan_random,slope,2.500235547070099,2.500463587658356120475034806476895290968301793907036639337893245312498512195061668612557921619288298,0.00022804058825713568516938033978320991742899117266163933789324531249851219506166861,0.000091199323750477815774355071116378055717200680867447684734929619523628136474349398,513501754150.09247,4004007b7e97b3b3
paired_large_offset,12000,257,7,chan_random,intercept,-5500235547070.0996,-5500463587658.356120678523054170446407543418558757044394136745930363526884537012616310515157312245790,228040588.25651130352305417044640754341855875704439413674593036352688453701261631,0.000041458430661767580926475340110660933025555407651494959984380624444910442723462066,233513562374.66757,c294027e5806f866
paired_large_offset,12000,257,8,chan_random,population_covariance,0.0021250925787563348,0.00212518262863159179687500000000000000000000000000000000000000000000000000000000000000000000000000,9.0049875256972833348356743954354897141456604003906250000000000000000000000000000E-8,0.000042372770247494484624203395259403661761013599124579774283566058484156119000249280,207640875341.85599,3f6168a4640e2dac
paired_large_offset,12000,257,8,chan_random,correlation,0.99982974410547032,0.9999637668767483327675638724793272005849868759819888859838391849615406908556836267101765242278032544,0.00013402277127801336345853313450346761284179541558263598383918496154069085568362671,0.00013402762751756033576892629588751128675998918208667511548700995980108720633995640,1207169805573.6443,3feffe9af290088d
paired_large_offset,12000,257,8,chan_random,slope,2.5002375273497881,2.500463587658356120475034806476895290968301793907036639337893245312498512195061668612557921619288298,0.00022606030856801794861701859160192644346048531328663933789324531249851219506166861,0.000090407358732913918117865647613637374860062273671990596779976624646525748900956754,509042560715.09247,4004007c8861980e
paired_large_offset,12000,257,8,chan_random,intercept,-5500237527349.7881,-5500463587658.356120678523054170446407543418558757044394136745930363526884537012616310515157312245790,226060308.56803474102305417044640754341855875704439413674593036352688453701261631,0.000041098410154965243868157695883064618551197664725263099470868797061346097088692532,231485755973.66757,c294027ed0e4d727
paired_large_offset,12000,257,9,chan_random,population_covariance,0.0021250970312343366,0.00212518262863159179687500000000000000000000000000000000000000000000000000000000000000000000000000,8.5597397255228468981869127674144692718982696533203125000000000000000000000000000E-8,0.000040277666541225569060676701638470897959783532290095810229286234995224185076795598,197374160067.85599,3f6168a6c7ffd236
paired_large_offset,12000,257,9,chan_random,correlation,0.99981913022620095,0.9999637668767483327675638724793272005849868759819888859838391849615406908556836267101765242278032544,0.00014463665054738554741404412543046348629302832573888598383918496154069085568362671,0.00014464189137486308709188352413547329303011980775625011024591739780001354847970380,1302771131018.6443,3feffe84b0479308
paired_large_offset,12000,257,9,chan_random,slope,2.5002430697934037,2.500463587658356120475034806476895290968301793907036639337893245312498512195061668612557921619288298,0.00022051786495240421395272500346280967939188179766163933789324531249851219506166861,0.000088190792315802384072899452799367859253768810044246017046485620737146092269497216,496562087214.09247,4004007f704681ab
paired_large_offset,12000,257,9,chan_random,intercept,-5500243069793.4033,-5500463587658.356120678523054170446407543418558757044394136745930363526884537012616310515157312245790,220517864.95280036602305417044640754341855875704439413674593036352688453701261631,0.000040090778065977288124997043426644533619479502807237684279133085893681407041755983,225810293711.66757,c2940280232d859d
paired_large_offset,12000,257,10,chan_random,population_covariance,0.0021250995546794964,0.00212518262863159179687500000000000000000000000000000000000000000000000000000000000000000000000000,8.3073952095367303849471340981835965067148208618164062500000000000000000000000000E-8,0.000039090264985300930639399726326337987195947075399538371546957916959382125999392842,191555491686.85599,3f6168a822d1a793
paired_large_offset,12000,257,10,chan_random,correlation,0.99982702419027558,0.9999637668767483327675638724793272005849868759819888859838391849615406908556836267101765242278032544,0.00013674268647275105107225725423189871845550391167638598383918496154069085568362671,0.00013674764126689144912638090558778541993147431050157088959183467978283783196658765,1231668623688.6443,3feffe953e51bc4a
paired_large_offset,12000,257,10,chan_random,slope,2.5002281640339596,2.500463587658356120475034806476895290968301793907036639337893245312498512195061668612557921619288298,0.00023542362439647689989022404885717069852640328203663933789324531249851219506166861,0.000094151990678235523760218335991699239669258235984858384460218981204856594791730315,530126873553.09247,400400779fa88308
paired_large_offset,12000,257,10,chan_random,intercept,-5500228164033.96,-5500463587658.356120678523054170446407543418558757044394136745930363526884537012616310515157312245790,235423624.39615974102305417044640754341855875704439413674593036352688453701261631,0.000042800687731919648882041530528944244567056634901022304316809345692841882170061613,241073791381.66757,c294027c956707d7
paired_large_offset,12000,257,11,chan_random,population_covariance,0.0021251269178947626,0.00212518262863159179687500000000000000000000000000000000000000000000000000000000000000000000000000,5.5710736829243934220556866421247832477092742919921875000000000000000000000000000E-8,0.000026214564376105482828159576508297652384620372636970080310426848134919183608263360,128460213055.856,3f6168b6d39733ba
paired_large_offset,12000,257,11,chan_random,correlation,0.99983360879491801,0.9999637668767483327675638724793272005849868759819888859838391849615406908556836267101765242278032544,0.00013015808183032766490511902138236039219207617730138598383918496154069085568362671,0.00013016279803503165007635274986373555412190569240944619657780522118967325206854452,1172359777660.6443,3feffea30d66e816
paired_large_offset,12000,257,11,chan_random,slope,2.5002525782067253,2.500463587658356120475034806476895290968301793907036639337893245312498512195061668612557921619288298,0.00021100945163081363311710669192351734388162789141163933789324531249851219506166861,0.000084388132133697890091062832875358694212974191547654602754893430880471896835317389,475151043868.09247,400400846c7919bd
paired_large_offset,12000,257,11,chan_random,intercept,-5500252578206.7256,-5500463587658.356120678523054170446407543418558757044394136745930363526884537012616310515157312245790,211009451.63053474102305417044640754341855875704439413674593036352688453701261631,0.000038362121349914283803098259922435843366875443719711993653858644100415962075220832,216073678469.66757,c294028267867ae7
paired_large_offset,12000,257,12,chan_random,population_covariance,0.0021250881433886532,0.00212518262863159179687500000000000000000000000000000000000000000000000000000000000000000000000000,9.4485242938611990748398739015101455152034759521484375000000000000000000000000000E-8,0.000044459822730365143668670836368486497889419634713544220097194621021079776190750782,217868136903.85599,3f6168a202768d32
paired_large_offset,12000,257,12,chan_random,correlation,0.99981450557220752,0.9999637668767483327675638724793272005849868759819888859838391849615406908556836267101765242278032544,0.00014926130454080914714338403773139291343993994683263598383918496154069085568362671,0.00014926671294001647399244868427511902939355361134486267613093498619251764889782267,1344426311021.6443,3feffe7afd6ff825
paired_large_offset,12000,257,12,chan_random,slope,2.5002366616572176,2.500463587658356120475034806476895290968301793907036639337893245312498512195061668612557921619288298,0.00022692600113853544421352347823657428968240914141163933789324531249851219506166861,0.000090753571561123187402484245187537162993175118678018386835256062235949963350890151,510991927084.09247,4004007c14309fad
paired_large_offset,12000,257,12,chan_random,intercept,-5500236661657.2178,-5500463587658.356120678523054170446407543418558757044394136745930363526884537012616310515157312245790,226926001.13834724102305417044640754341855875704439413674593036352688453701261631,0.000041255795538309094076172942678698325101600161995395975924921145574053923162303430,232372225165.66757,c294027e9c0e64df
paired_large_offset,12000,257,13,chan_random,population_covariance,0.002125122029972636,0.00212518262863159179687500000000000000000000000000000000000000000000000000000000000000000000000000,6.0598658955756529165270762860018294304609298706054687500000000000000000000000000E-8,0.000028514565355155426950675471175239331699474357452638433003180959744715471598541654,139730994120.85599,3f6168b433ccbb31
paired_large_offset,12000,257,13,chan_random,correlation,0.99984237653766672,0.9999637668767483327675638724793272005849868759819888859838391849615406908556836267101765242278032544,0.00012139033908161116440466911062243454990691992730138598383918496154069085568362671,0.00012139473759210044278148288040319215108122797333396150907147695446007925839247251,1093386971708.6444,3feffeb5708c4b56
paired_large_offset,12000,257,13,chan_random,slope,2.50027600257076,2.500463587658356120475034806476895290968301793907036639337893245312498512195061668612557921619288298,0.00018758508759612823659870849921234285581400093828663933789324531249851219506166861,0.000075020123677065279742111476995407367110262820829651558215729218062490291120903319,422404065299.09247,40040090b4701ec6
paired_large_offset,12000,257,13,chan_random,intercept,-5500276002570.7598,-5500463587658.356120678523054170446407543418558757044394136745930363526884537012616310515157312245790,187585087.59635505352305417044640754341855875704439413674593036352688453701261631,0.000034103505024058038956321664470183090941011477033505257756776054695373690298162575,192087129698.66757,c2940287fd3c2b0a
paired_large_offset,12000,257,14,chan_random,population_covariance,0.0021251191686168015,0.00212518262863159179687500000000000000000000000000000000000000000000000000000000000000000000000000,6.3460014790319568822596352219989057630300521850585937500000000000000000000000000E-8,0.000029860970033987886100111398716005720698743120392045379328944714304850240002369397,146328831468.85599,3f6168b2aa89b90d
paired_large_offset,12000,257,14,chan_random,correlation,0.99981766731628963,0.9999637668767483327675638724793272005849868759819888859838391849615406908556836267101765242278032544,0.00014609956045870613420063135326485209999389502495763598383918496154069085568362671,0.00014610485429389943194122413910023916730563381585622072997541261625564109434378148,1315947852081.6443,3feffe819ee2c461
paired_large_offset,12000,257,14,chan_random,slope,2.5002739511974243,2.500463587658356120475034806476895290968301793907036639337893245312498512195061668612557921619288298,0.00018963646093177132847620890940405761945535836016163933789324531249851219506166861,0.000075840520880915054642722859543130868257615200104670402903087916553762577540459177,427023347394.09247,4004008fa11b7817
paired_large_offset,12000,257,14,chan_random,intercept,-5500273951197.4248,-5500463587658.356120678523054170446407543418558757044394136745930363526884537012616310515157312245790,189636460.93131599102305417044640754341855875704439413674593036352688453701261631,0.000034476450558969623223193611075730486539569650670927544808845024448501836172849877,194187735993.66757,c2940287800775b3
paired_large_offset,12000,257,15,chan_random,population_covariance,0.0021251123825657796,0.00212518262863159179687500000000000000000000000000000000000000000000000000000000000000000000000000,7.0246065812212821199977952346671372652053833007812500000000000000000000000000000E-8,0.000033054131379496719172249556404478106192494173550668625307982286068284841852877078,161976399777.85599,3f6168af05dec758
paired_large_offset,12000,257,15,chan_random,correlation,0.99982004775662459,0.9999637668767483327675638724793272005849868759819888859838391849615406908556836267101765242278032544,0.00014371912012374692349864970655757062969512793511388598383918496154069085568362671,0.00014372432770502692275064730943269941531479380711006781129690597105114963466984323,1294506751670.6443,3feffe869cdffedc
paired_large_offset,12000,257,15,chan_random,slope,2.5002273776157842,2.500463587658356120475034806476895290968301793907036639337893245312498512195061668612557921619288298,0.00023621004257194599453931226859666740644266304766163933789324531249851219506166861,0.000094466499627436244817324357038235388748625013714961255133318569479823967597903830,531897729854.09247,40040077361b639b
paired_large_offset,12000,257,15,chan_random,intercept,-5500227377615.7842,-5500463587658.356120678523054170446407543418558757044394136745930363526884537012616310515157312245790,236210042.57194099102305417044640754341855875704439413674593036352688453701261631,0.000042943660803779586785680778740721670318511871618362466109602402056151342075724521,241879083593.66757,c294027c65673f23
paired_large_offset,12000,257,16,chan_random,population_covariance,0.0021251177998218729,0.00212518262863159179687500000000000000000000000000000000000000000000000000000000000000000000000000,6.4828809718850410881429979781387373805046081542968750000000000000000000000000000E-8,0.000030505053469495831652762387660312022993467780133462543228585512890212799183994188,149485057685.85599,3f6168b1ee698864
paired_large_offset,12000,257,16,chan_random,correlation,0.99983030375451931,0.9999637668767483327675638724793272005849868759819888859838391849615406908556836267101765242278032544,0.00013346312222902105784967032722774022159881445855138598383918496154069085568362671,0.00013346795819000030449972988155041248297484224192780678295173706317579246782548265,1202128935076.6443,3feffe9c1f059cee
paired_large_offset,12000,257,16,chan_random,slope,2.5002049196096028,2.500463587658356120475034806476895290968301793907036639337893245312498512195061668612557921619288298,0.00025866804875333770432724344543047582853128609453663933789324531249851219506166861,0.00010344803660811400421131832744809269596171785297194909786609962699206379301047463,582468663989.09253,4004006b6fd82c24
paired_large_offset,12000,257,16,chan_random,intercept,-5500204919609.6025,-5500463587658.356120678523054170446407543418558757044394136745930363526884537012616310515157312245790,258668048.75358161602305417044640754341855875704439413674593036352688453701261631,0.000047026590510292086826964540775540586880833070197675664274235494549815645293562999,264876081923.66757,c29402770aace669
paired_large_offset,12000,257,17,chan_random,population_covariance,0.0021250999256183477,0.00212518262863159179687500000000000000000000000000000000000000000000000000000000000000000000000000,8.2703013244117551394651854934636503458023071289062500000000000000000000000000000E-8,0.000038915720526743691008790085798605065460189089512256578721517598490945696617170362,190700164929.85599,3f6168a855cce7b8
paired_large_offset,12000,257,17,chan_random,correlation,0.99983153334196118,0.9999637668767483327675638724793272005849868759819888859838391849615406908556836267101765242278032544,0.00013223353478715664746984883440303676662750098198888598383918496154069085568362671,0.00013223832619472825523424772542101263678134840451860236239538019526946528782513187,1191053795986.6443,3feffe9eb326d300
paired_large_offset,12000,257,17,chan_random,slope,2.5002393165840808,2.500463587658356120475034806476895290968301793907036639337893245312498512195061668612557921619288298,0.00022427107427529179908368172588624393689920601641163933789324531249851219506166861,0.000089691797705927822858384003199383791201282866109433706406244706160049595777807144,505013563268.09247,4004007d78873755
paired_large_offset,12000,257,17,chan_random,intercept,-5500239316584.0811,-5500463587658.356120678523054170446407543418558757044394136745930363526884537012616310515157312245790,224271074.27506599102305417044640754341855875704439413674593036352688453701261631,0.000040773122247054474761771057530768387708852840626070713370531320755433258465433609,229653580057.66757,c294027f3e19a053
paired_large_offset,12000,257,18,chan_random,population_covariance,0.0021250970163115921,0.00212518262863159179687500000000000000000000000000000000000000000000000000000000000000000000000000,8.5612319999692210181763130094623193144798278808593750000000000000000000000000000E-8,0.000040284688405729209379288761858863218899258239767224738833489535501794885199820231,197408569573.85599,3f6168a6c5f2c614
paired_large_offset,12000,257,18,chan_random,correlation,0.99981695381562297,0.9999637668767483327675638724793272005849868759819888859838391849615406908556836267101765242278032544,0.00014681306112536645028583050934243076381988379448888598383918496154069085568362671,0.00014681838081385408887670700810150329151328239992980611120674859658809454632927763,1322374494754.6443,3feffe801fd3fb70
paired_large_offset,12000,257,18,chan_random,slope,2.5001940848948192,2.500463587658356120475034806476895290968301793907036639337893245312498512195061668612557921619288298,0.00026950276353691848321239598560013210523416695391163933789324531249851219506166861,0.00010778111901613551624836159100403274853963535859980645333549655449005009264305612,606866272720.09253,40040065c1a23509
paired_large_offset,12000,257,18,chan_random,intercept,-5500194084894.8193,-5500463587658.356120678523054170446407543418558757044394136745930363526884537012616310515157312245790,269502763.53678474102305417044640754341855875704439413674593036352688453701261631,0.000048996372622387778969594614780885346965146524441054897271433715743522420076388328,275970829861.6676,c294027475607b47
paired_large_offset,12000,257,19,chan_random,population_covariance,0.0021250991192816372,0.00212518262863159179687500000000000000000000000000000000000000000000000000000000000000000000000000,8.3509349954626749257258211400767322629690170288085937500000000000000000000000000E-8,0.000039295140487948813059852970093670141898470011539589452685102935247039881027573179,192559450796.85599,3f6168a7e6fa744d
paired_large_offset,12000,257,19,chan_random,correlation,0.99982527557822709,0.9999637668767483327675638724793272005849868759819888859838391849615406908556836267101765242278032544,0.00013849129852124213383219510778429978428191992730138598383918496154069085568362671,0.00013849631667535413387431661823757517416999983092339482479624875942856817788026503,1247418720828.6443,3feffe91938a5356
paired_large_offset,12000,257,19,chan_random,slope,2.5002318823541141,2.500463587658356120475034806476895290968301793907036639337893245312498512195061668612557921619288298,0.00023170530424203250099515793378331100690653023516163933789324531249851219506166861,0.000092664938368097088256890233974970801902737780896759265576289271208374041754979913,521753960922.09247,4004007992b904ff
paired_large_offset,12000,257,19,chan_random,intercept,-5500231882354.1143,-5500463587658.356120678523054170446407543418558757044394136745930363526884537012616310515157312245790,231705304.24186286602305417044640754341855875704439413674593036352688453701261631,0.000042124686501288863242367772537010448383432386241670612701715321594410099121508600,237266231543.66757,c294027d7859c875
paired_large_offset,12000,257,20,chan_random,population_covariance,0.0021251020367674999,0.00212518262863159179687500000000000000000000000000000000000000000000000000000000000000000000000000,8.0591864091920928370171850474434904754161834716796875000000000000000000000000000E-8,0.000037922323948137176117596255403483351595561958710123852575967094107898639190043329,185832186415.85599,3f6168a977f45cca
paired_large_offset,12000,257,20,chan_random,correlation,0.99983371680783584,0.9999637668767483327675638724793272005849868759819888859838391849615406908556836267101765242278032544,0.00013005006891249553061313461857493095932311865777013598383918496154069085568362671,0.00013005478120341234246740950722955907394834675908514487851970444044475747409832768,1171386883787.6443,3feffea3476416c7
paired_large_offset,12000,257,20,chan_random,slope,2.5002224649267295,2.500463587658356120475034806476895290968301793907036639337893245312498512195061668612557921619288298,0.00024112273162661623295924295204557811963846382891163933789324531249851219506166861,0.000096431210922940808673054210182670395705277468079505382693100147217209318060797507,542960122152.09247,40040074a2bcadb1
paired_large_offset,12000,257,20,chan_random,intercept,-5500222464926.7295,-5500463587658.356120678523054170446407543418558757044394136745930363526884537012616310515157312245790,241122731.62662849102305417044640754341855875704439413674593036352688453701261631,0.000043836801713885841656012885632952458358874167466685575434628360612620522128354600,246909677185.66757,c294027b398e7aeb
paired_large_offset,12000,257,21,chan_random,population_covariance,0.0021250945407391849,0.00212518262863159179687500000000000000000000000000000000000000000000000000000000000000000000000000,8.8087892406916307175279712282645050436258316040039062500000000000000000000000000E-8,0.000041449563543457076883833423159409372447036919281884370307063471780733889169232578,203116850902.85599,3f6168a571b55023
paired_large_offset,12000,257,21,chan_random,correlation,0.99980412465629154,0.9999637668767483327675638724793272005849868759819888859838391849615406908556836267101765242278032544,0.00015964222045679536901913932869787388382263037652013598383918496154069085568362671,0.00015964800500263751237103244516213637673347061586753809731362596373243194886533774,1437929289123.6443,3feffe653839bfef
paired_large_offset,12000,257,21,chan_random,slope,2.500212202945546,2.500463587658356120475034806476895290968301793907036639337893245312498512195061668612557921619288298,0.00025138471281009544036158553323574697721292671953663933789324531249851219506166861,0.00010053524236500207360433975592409733237860156981400934934049676901716837716205877,566068049469.09253,4004006f4165b09c
paired_large_offset,12000,257,21,chan_random,intercept,-5500212202945.5459,-5500463587658.356120678523054170446407543418558757044394136745930363526884537012616310515157312245790,251384712.81022224102305417044640754341855875704439413674593036352688453701261631,0.000045702459220758358829038695289991134857919544419224568044466660066183882264867644,257417945917.66757,c2940278c737062f
paired_large_offset,12000,257,22,chan_random,population_covariance,0.0021251032040819993,0.00212518262863159179687500000000000000000000000000000000000000000000000000000000000000000000000000,7.9424549592518878249336466979002580046653747558593750000000000000000000000000000E-8,0.000037373046684303297692542631838171386518806748561926624545557145873379538061909909,183140542437.85599,3f6168aa18639714
paired_large_offset,12000,257,22,chan_random,correlation,0.99982819702216585,0.9999637668767483327675638724793272005849868759819888859838391849615406908556836267101765242278032544,0.00013556985458247843237884124736878150043792578667638598383918496154069085568362671,0.00013557476687971660120302657001937953785943668122183215481556117825175113378934095,1221104693160.6443,3feffe97b3fa85ea
paired_large_offset,12000,257,22,chan_random,slope,2.5002259887546274,2.500463587658356120475034806476895290968301793907036639337893245312498512195061668612557921619288298,0.00023759890372869407251335582229175007093240914141163933789324531249851219506166861,0.000095021941091812346402364527913673385199560885884146587692671466938429271082225612,535025167148.09247,400400767bb27bad
paired_large_offset,12000,257,22,chan_random,intercept,-5500225988754.6279,-5500463587658.356120678523054170446407543418558757044394136745930363526884537012616310515157312245790,237598903.72819099102305417044640754341855875704439413674593036352688453701261631,0.000043196159731209313225875441806447306525630930000438576152587708450723321468727034,243301277417.66757,c294027c10a24a83
paired_large_offset,12000,257,23,chan_random,population_covariance,0.0021251207341129313,0.00212518262863159179687500000000000000000000000000000000000000000000000000000000000000000000000000,6.1894518660454700409445649711415171623229980468750000000000000000000000000000000E-8,0.000029124329281906784410956969915079515018630951005321942878246897851859314387285495,142719043161.85599,3f6168b381b2b8a0
paired_large_offset,12000,257,23,chan_random,correlation,0.99983787637216148,0.9999637668767483327675638724793272005849868759819888859838391849615406908556836267101765242278032544,0.00012589050458685018210942187924514585075683447808263598383918496154069085568362671,0.00012589506615829907256006615635156499027447372833930042127791032121126708867540966,1133920859093.6443,3feffeac008a41bd
paired_large_offset,12000,257,23,chan_random,slope,2.5002672875755119,2.500463587658356120475034806476895290968301793907036639337893245312498512195061668612557921619288298,0.00019630008284425514766360942273266947019388375078663933789324531249851219506166861,0.000078505475469885571821849348721126431154827595112394471332321104390092422171717974,442028489975.09247,4004008c22bb29e2
paired_large_offset,12000,257,23,chan_random,intercept,-5500267287575.5127,-5500463587658.356120678523054170446407543418558757044394136745930363526884537012616310515157312245790,196300082.84342536602305417044640754341855875704439413674593036352688453701261631,0.000035687916066542630499625272514258630905845550172140398276680444819273745455506306,201011284831.66757,c2940285e9505e0d
paired_large_offset,12000,257,24,chan_random,population_covariance,0.0021251257283319931,0.00212518262863159179687500000000000000000000000000000000000000000000000000000000000000000000000000,5.6900299598712511528475488375988788902759552001953125000000000000000000000000000E-8,0.000026774310514363039787006827810765461069760105330446678368553799773875204152905955,131203158051.856,3f6168b630192ed6
paired_large_offset,12000,257,24,chan_random,correlation,0.9998440274024839,0.9999637668767483327675638724793272005849868759819888859838391849615406908556836267101765242278032544,0.00011973947426442914601991331782768540916747900933263598383918496154069085568362671,0.00011974381295676263298808435670550217890340107290113030311719096358606298442599393,1078517303357.6444,3feffeb8e6d96d55
paired_large_offset,12000,257,24,chan_random,slope,2.5002690574088695,2.500463587658356120475034806476895290968301793907036639337893245312498512195061668612557921619288298,0.00019453024948660968043248652945138847577860054766163933789324531249851219506166861,0.000077797673378153099257774458261095860291836622426781395821723502142616082543353735,438043179550.09247,4004008d10462cbb
paired_large_offset,12000,257,24,chan_random,intercept,-5500269057408.8691,-5500463587658.356120678523054170446407543418558757044394136745930363526884537012616310515157312245790,194530249.48698005352305417044640754341855875704439413674593036352688453701261631,0.000035366155304337719400591355759268646859240760866807417645579108386810984132229996,199198975474.66757,c29402865556037a
paired_large_offset,12000,257,25,chan_random,population_covariance,0.0021250927829589198,0.00212518262863159179687500000000000000000000000000000000000000000000000000000000000000000000000000,8.9845672672009962989037035185901913791894912719726562500000000000000000000000000E-8,0.000042276683171394885267667765821541038983192317590682707062484532170952858656745118,207170016238.85599,3f6168a4801eeb0b
paired_large_offset,12000,257,25,chan_random,correlation,0.99980182494871828,0.9999637668767483327675638724793272005849868759819888859838391849615406908556836267101765242278032544,0.00016194192803005651396303845448996000824279639214513598383918496154069085568362671,0.00016194779590450585777363180481356046224892109030040790491059013584117567876578338,1458643213463.6443,3feffe60659458fb
paired_large_offset,12000,257,25,chan_random,slope,2.5002119004210184,2.500463587658356120475034806476895290968301793907036639337893245312498512195061668612557921619288298,0.00025168723733774655606601521837391292798807320391163933789324531249851219506166861,0.00010065622974076083242408924480595649799835514143087797621551800670326815922195240,566749274144.09253,4004006f18cb06b9
paired_large_offset,12000,257,25,chan_random,intercept,-5500211900421.0186,-5500463587658.356120678523054170446407543418558757044394136745930363526884537012616310515157312245790,251687237.33756599102305417044640754341855875704439413674593036352688453701261631,0.000045757459044413684579577161107711302257968792226042649171568339933792435743307509,257727731033.66757,c2940278b4c01413
paired_large_offset,12000,257,26,chan_random,population_covariance,0.0021251510113135851,0.00212518262863159179687500000000000000000000000000000000000000000000000000000000000000000000000000,3.1617318006708916566793732272344641387462615966796875000000000000000000000000000E-8,0.000014877459273731855167019931700890634932085151983550643944093908878303889018901547,72904571695.856003,3f6168c3c2f703ca
paired_large_offset,12000,257,26,chan_random,correlation,0.99983728873818367,0.9999637668767483327675638724793272005849868759819888859838391849615406908556836267101765242278032544,0.00012647813856466121277050886764767640171356055230138598383918496154069085568362671,0.00012648272142869594500286670734198927023046985687855921281076923873456291250883518,1139213795420.6443,3feffeaac50e7536
paired_large_offset,12000,257,26,chan_random,slope,2.5002669410398526,2.500463587658356120475034806476895290968301793907036639337893245312498512195061668612557921619288298,0.00019664661850353426011486812027968799817850289141163933789324531249851219506166861,0.000078644064034417974197349704732858574833170703078544083294865542105789716704288065,442808818908.09247,4004008bf43849fd
paired_large_offset,12000,257,26,chan_random,intercept,-5500266941039.8525,-5500463587658.356120678523054170446407543418558757044394136745930363526884537012616310515157312245790,196646618.50358161602305417044640754341855875704439413674593036352688453701261631,0.000035750917239922595789430102744378527259576935085277664827098402565337446285293551,201366137347.66757,c2940285d429bf69
paired_large_offset,12000,257,27,chan_random,population_covariance,0.0021251080493811716,0.00212518262863159179687500000000000000000000000000000000000000000000000000000000000000000000000000,7.4579250420217513273257736727828159928321838378906250000000000000000000000000000E-8,0.000035093101842376342831047219222411233733116647232080372803007338622442717706819038,171968043213.85599,3f6168acb252662c
paired_large_offset,12000,257,27,chan_random,correlation,0.99982479219913967,0.9999637668767483327675638724793272005849868759819888859838391849615406908556836267101765242278032544,0.00013897467760866581923735110085102789936370703667638598383918496154069085568362671,0.00013897971327774649319900737613368199945859499199172769439085347157321167140430486,1251772612584.6443,3feffe90900735aa
paired_large_offset,12000,257,27,chan_random,slope,2.5002408388576334,2.500463587658356120475034806476895290968301793907036639337893245312498512195061668612557921619288298,0.00022274880072274627131981327663041984784891304766163933789324531249851219506166861,0.000089083001177132491577676140150425688667829572744333807065397663347192956908918764,501585707966.09247,4004007e44d8231b
paired_large_offset,12000,257,27,chan_random,intercept,-5500240838857.6338,-5500463587658.356120678523054170446407543418558757044394136745930363526884537012616310515157312245790,222748800.72233161602305417044640754341855875704439413674593036352688453701261631,0.000040496368564664872112579211309442166227263902437504802379156614460423983686624676,228094771939.66757,c294027f9b032689
paired_large_offset,12000,257,28,chan_random,population_covariance,0.0021251413785406889,0.00212518262863159179687500000000000000000000000000000000000000000000000000000000000000000000000000,4.1250090902889002819620145601220428943634033203125000000000000000000000000000000E-8,0.000019410139320332199726929746177921178747859185147473619708712311505641564600497528,95116233737.856003,3f6168be970bf2f0
paired_large_offset,12000,257,28,chan_random,correlation,0.99983458844698914,0.9999637668767483327675638724793272005849868759819888859838391849615406908556836267101765242278032544,0.00012917842975919628881526703825797014770812842339513598383918496154069085568362671,0.00012918311046675986466874370419569029143884551572225042154326708831125375959259195,1163535856255.6443,3feffea51b594313
paired_large_offset,12000,257,28,chan_random,slope,2.500200141807527,2.500463587658356120475034806476895290968301793907036639337893245312498512195061668612557921619288298,0.00026344585082908821895933437160082494962503609453663933789324531249851219506166861,0.00010535880311530591630345087576023302826017884634903356039613996781320379634966838,593227317813.09253,40040068ee9424a4
paired_large_offset,12000,257,28,chan_random,intercept,-5500200141807.5273,-5500463587658.356120678523054170446407543418558757044394136745930363526884537012616310515157312245790,263445850.82877692852305417044640754341855875704439413674593036352688453701261631,0.000047895208582033437393955778165257400901704067706093685783397977708770606192617582,269768551248.66757,c2940275e70fbe1c
paired_large_offset,12000,257,29,chan_random,population_covariance,0.0021251277038456134,0.00212518262863159179687500000000000000000000000000000000000000000000000000000000000000000000000000,5.4924785978401752251087941658624913543462753295898437500000000000000000000000000E-8,0.000025844736936217054570135950639651482115319158388550070666803385634321786040350195,126647933780.856,3f6168b73f9c63a5
paired_large_offset,12000,257,29,chan_random,correlation,0.9998330515081798,0.9999637668767483327675638724793272005849868759819888859838391849615406908556836267101765242278032544,0.00013071536856852854438854818344692760048217627495763598383918496154069085568362671,0.00013072010496620325570899589240949843811907502551258220065737005208544181448368766,1177379370353.6443,3feffea1e2360021
paired_large_offset,12000,257,29,chan_random,slope,2.5002642202699379,2.500463587658356120475034806476895290968301793907036639337893245312498512195061668612557921619288298,0.00019936738841823342163286946712859308469583687578663933789324531249851219506166861,0.000079732170227256846418134852616602449656039055014565941218784278684912117052577391,448935448095.09247,4004008a870b58ba
paired_large_offset,12000,257,29,chan_random,intercept,-5500264220269.9385,-5500463587658.356120678523054170446407543418558757044394136745930363526884537012616310515157312245790,199367388.41764411602305417044640754341855875704439413674593036352688453701261631,0.000036245560985981967396034006189896522689112124755110536727599021998735064636728360,204152205739.66757,c29402852e19b7c1
paired_large_offset,12000,257,30,chan_random,population_covariance,0.0021251024721348354,0.00212518262863159179687500000000000000000000000000000000000000000000000000000000000000000000000000,8.0156496756422085381288411554123740643262863159179687500000000000000000000000000E-8,0.000037717462808377542070035806802536086950009995891699730144580308295288737670331229,184828297688.85599,3f6168a9b3ca7d21
paired_large_offset,12000,257,30,chan_random,correlation,0.99981445082239295,0.9999637668767483327675638724793272005849868759819888859838391849615406908556836267101765242278032544,0.00014931605435538002294221995161491506634063574761388598383918496154069085568362671,0.00014932146473841600945208962430224232272531047026356510296095004748522150462824528,1344919453510.6443,3feffe7ae00b364c
paired_large_offset,12000,257,30,chan_random,slope,2.5001947907462521,2.500463587658356120475034806476895290968301793907036639337893245312498512195061668612557921619288298,0.00026879691210406008785674424840934908139993843828663933789324531249851219506166861,0.00010749883078912741418090168714909265113580256242925427107007198612646519466410101,605276836595.09253,40040066205f13e6
paired_large_offset,12000,257,30,chan_random,intercept,-5500194790746.252,-5500463587658.356120678523054170446407543418558757044394136745930363526884537012616310515157312245790,268796912.10416755352305417044640754341855875704439413674593036352688453701261631,0.000048868046814686599214641914071708468762146830568623349633053027723814271174066971,275248037994.6676,c2940274a0756902
paired_large_offset,12000,257,31,chan_random,population_covariance,0.0021251136750751682,0.00212518262863159179687500000000000000000000000000000000000000000000000000000000000000000000000000,6.8953556423632933469747285926132462918758392333984375000000000000000000000000000E-8,0.000032445943936607570197736342296703767065657190052752729461808177155472128065883584,158996076039.85599,3f6168afb782e8f2
paired_large_offset,12000,257,31,chan_random,correlation,0.9998167055741739,0.9999637668767483327675638724793272005849868759819888859838391849615406908556836267101765242278032544,0.00014706130257442988576783362422715001640624854058263598383918496154069085568362671,0.00014706663125780645736598591688567399445005016637641089249099463587223147928831864,1324610454949.6443,3feffe7f9a8defed
paired_large_offset,12000,257,31,chan_random,slope,2.5002509955473258,2.500463587658356120475034806476895290968301793907036639337893245312498512195061668612557921619288298,0.00021259211103034858005947393364139234769632515703663933789324531249851219506166861,0.000085021078523058065490009522593390188405576599890748972071062251282232699522248978,478714876009.09247,40040083980d5670
paired_large_offset,12000,257,31,chan_random,intercept,-5500250995547.3252,-5500463587658.356120678523054170446407543418558757044394136745930363526884537012616310515157312245790,212592111.03092536602305417044640754341855875704439413674593036352688453701261631,0.000038649853351984384021965878081084692269208910007082235783102137163072913658692984,217694321695.66757,c294028206ed6d4d
paired_large_offset,12000,1024,,welford,population_covariance,0.0021252252062161762,0.00212518262863159179687500000000000000000000000000000000000000000000000000000000000000000000000000,4.2577584584400224310130056437628809362649917602539062500000000000000000000000000E-8,0.000020034788545121881267752326287060499447365179429060693573527917033425768219616135,98177225763.143997,3f6168eb983c131d
paired_large_offset,12000,1024,,welford,correlation,0.99995959695062309,0.9999637668767483327675638724793272005849868759819888859838391849615406908556836267101765242278032544,0.0000041699261252464031902240856608288818389877983951359838391849615406908556836267102,0.0000041700772201682905177681603819573097009524438810796780303967805659195613812491467,37559355487.644394,3fefffab44c72d33
paired_large_offset,12000,1024,,welford,slope,2.5005120873811451,2.500463587658356120475034806476895290968301793907036639337893245312498512195061668612557921619288298,0.000048499722788933890526202558550458791372278358588360662106754687501487804938331387,0.000019396292362870638649529551752783408931483015647026150290886805744560054741436983,109211666739.90752,4004010c7b34700d
paired_large_offset,12000,1024,,welford,intercept,-5500512087381.1455,-5500463587658.356120678523054170446407543418558757044394136745930363526884537012616310515157312245790,48499722.789387133976945829553592456581441242955605863254069636473115462987383689,0.0000088173882103697948687557099285449625388028273883695247892041403110210717202579464,49663716136.332428,c29402c046b55495
paired_large_offset,12000,1024,,chan_left,population_covariance,0.0021256742825747797,0.00212518262863159179687500000000000000000000000000000000000000000000000000000000000000000000000000,4.9165394318789051864015959836251568049192428588867187500000000000000000000000000E-7,0.00023134667889905876551012322029377970229856146665646509818299145738305984678351053,1133676807852.144,3f6169dcb0d1c5a6
paired_large_offset,12000,1024,,chan_left,correlation,nan,0.9999637668767483327675638724793272005849868759819888859838391849615406908556836267101765242278032544,NaN,NaN,nan,7ff8000000000000
paired_large_offset,12000,1024,,chan_left,slope,2.5009940235442172,2.500463587658356120475034806476895290968301793907036639337893245312498512195061668612557921619288298,0.00053043588586106138968909141142986381303975882733836066210675468750148780493833139,0.00021213501707409626950559713235644825528763408375368015999001806939105885375106712,1194435428953.9075,400402092794e933
paired_large_offset,12000,1024,,chan_left,intercept,-5500994023544.2168,-5500463587658.356120678523054170446407543418558757044394136745930363526884537012616310515157312245790,530435885.86067619647694582955359245658144124295560586325406963647311546298738369,0.000096434759981111348823699954216873025462687173190716134281744131412554890085330210,543166347121.3324,c29403332dc1e0de
paired_large_offset,12000,1024,,chan_balanced,population_covariance,0.0021256789830597965,0.00212518262863159179687500000000000000000000000000000000000000000000000000000000000000000000000000,4.9635442820473302250050551265303511172533035278320312500000000000000000000000000E-7,0.00023355848175944124145676157271194216038817715995962153377590489744843365162376586,1144515388368.144,3f6169df36d962ca
paired_large_offset,12000,1024,,chan_balanced,correlation,nan,0.9999637668767483327675638724793272005849868759819888859838391849615406908556836267101765242278032544,NaN,NaN,nan,7ff8000000000000
paired_large_offset,12000,1024,,chan_balanced,slope,2.5009944658481018,2.500463587658356120475034806476895290968301793907036639337893245312498512195061668612557921619288298,0.00053087818974569045913278165274433458101461234296336066210675468750148780493833139,0.00021231190582657087758748454503040014907572223016003625639184234518004185285713349,1195431408758.9075,4004020962f25b50
paired_large_offset,12000,1024,,chan_balanced,intercept,-5500994465848.1016,-5500463587658.356120678523054170446407543418558757044394136745930363526884537012616310515157312245790,530878189.74544182147694582955359245658144124295560586325406963647311546298738369,0.000096515172091421113009581999613601885905590771167909938840205249886873116746755817,543619266299.3324,c294033348c0e068
paired_large_offset,12000,1024,0,chan_random,population_covariance,0.0021256646210371711,0.00212518262863159179687500000000000000000000000000000000000000000000000000000000000000000000000000,4.8199240557931025130677937795553589239716529846191406250000000000000000000000000E-7,0.00022680046368046301332684927609734540255452809406504307657167166536043210972101029,1111398818899.144,3f6169d780f2a34d
paired_large_offset,12000,1024,0,chan_random,correlation,nan,0.9999637668767483327675638724793272005849868759819888859838391849615406908556836267101765242278032544,NaN,NaN,nan,7ff8000000000000
paired_large_offset,12000,1024,0,chan_random,slope,2.5009849817033918,2.500463587658356120475034806476895290968301793907036639337893245312498512195061668612557921619288298,0.00052139404503566467106076521334372127306173148358836066210675468750148780493833139,0.00020851895128932543149423681856454079075624521846940071216505753876589791166763010,1174075013467.9075,400402046a01a035
paired_large_offset,12000,1024,0,chan_random,intercept,-5500984981703.3916,-5500463587658.356120678523054170446407543418558757044394136745930363526884537012616310515157312245790,521394045.03548088397694582955359245658144124295560586325406963647311546298738369,0.000094790927478432318669711050835338024860173349349790234577285254926970228654636041,533907502116.3324,c294033105e31d91
paired_large_offset,12000,1024,1,chan_random,population_covariance,0.0021257011371774706,0.00212518262863159179687500000000000000000000000000000000000000000000000000000000000000000000000000,5.1850854587878053569838243674894329160451889038085937500000000000000000000000000E-7,0.00024398305298243894776376625543865583457730391841198376155613708484795586819423936,1195599305732.144,3f6169eb1bb01afe
paired_large_offset,12000,1024,1,chan_random,correlation,nan,0.9999637668767483327675638724793272005849868759819888859838391849615406908556836267101765242278032544,NaN,NaN,nan,7ff8000000000000
paired_large_offset,12000,1024,1,chan_random,slope,2.5010051523544625,2.500463587658356120475034806476895290968301793907036639337893245312498512195061668612557921619288298,0.00054156469610640356968553311192564332735250296796336066210675468750148780493833139,0.00021658571585662248559825114637224762337516615226524418437051398678168910201491199,1219495281790.9075,4004020efd43eb58
paired_large_offset,12000,1024,1,chan_random,intercept,-5501005152354.4629,-5500463587658.356120678523054170446407543418558757044394136745930363526884537012616310515157312245790,541564696.10676994647694582955359245658144124295560586325406963647311546298738369,0.000098458009488855382418175398683486519110149770990429209756071634801460929646718766,554562248813.3324,c2940335d50189da
paired_large_offset,12000,1024,2,chan_random,population_covariance,0.0021256710820790163,0.00212518262863159179687500000000000000000000000000000000000000000000000000000000000000000000000000,4.8845344742451390906978758721379563212394714355468750000000000000000000000000000E-7,0.00022984069267450666032288933058053714343218309152848739384553733358971879346558126,1126296967070.144,3f6169daf8f25698
paired_large_offset,12000,1024,2,chan_random,correlation,nan,0.9999637668767483327675638724793272005849868759819888859838391849615406908556836267101765242278032544,NaN,NaN,nan,7ff8000000000000
paired_large_offset,12000,1024,2,chan_random,slope,2.500993147723142,2.500463587658356120475034806476895290968301793907036639337893245312498512195061668612557921619288298,0.00052956006478584228211922669318638408434102835858836066210675468750148780493833139,0.00021178475359513903345898625110390455445584341866146778930399823950645150731041356,1192463255219.9075,40040208b207ed8d
paired_large_offset,12000,1024,2,chan_random,intercept,-5500993147723.1416,-5500463587658.356120678523054170446407543418558757044394136745930363526884537012616310515157312245790,529560064.78548088397694582955359245658144124295560586325406963647311546298738369,0.000096275533206633569778555871650601640847453086729540688386689474109787536653526614,542269506340.3324,c2940332f84d2c91
paired_large_offset,12000,1024,3,chan_random,population_covariance,0.0021256683635591258,0.00212518262863159179687500000000000000000000000000000000000000000000000000000000000000000000000000,4.8573492753397826127148562136426335200667381286621093750000000000000000000000000E-7,0.00022856149913419144198692268426047736994907368037962399740981877033255243467836227,1120028486985.144,3f6169d98350ec43
paired_large_offset,12000,1024,3,chan_random,correlation,nan,0.9999637668767483327675638724793272005849868759819888859838391849615406908556836267101765242278032544,NaN,NaN,nan,7ff8000000000000
paired_large_offset,12000,1024,3,chan_random,slope,2.50096077916746,2.500463587658356120475034806476895290968301793907036639337893245312498512195061668612557921619288298,0.00049719150910383703099079644774220550310323538983836066210675468750148780493833139,0.00019883973178327658509416318118340022765669730021185467617714245839700899585378041,1119575747565.9075,400401f7b998d2c7
paired_large_offset,12000,1024,3,chan_random,intercept,-5500960779167.46,-5500463587658.356120678523054170446407543418558757044394136745930363526884537012616310515157312245790,497191509.10384025897694582955359245658144124295560586325406963647311546298738369,0.000090390837277681790787923929982945022442575456952639807419113848967930644827296519,509124105322.3324,c294032b40ae7dd7
paired_large_offset,12000,1024,4,chan_random,population_covariance,0.0021256689518188389,0.00212518262863159179687500000000000000000000000000000000000000000000000000000000000000000000000000,4.8632318724705497769988937761809211224317550659179687500000000000000000000000000E-7,0.00022883830344510165195702471286224160381558107094480360597025105955330143772559471,1121384921532.144,3f6169d9d42a78b6
paired_large_offset,12000,1024,4,chan_random,correlation,nan,0.9999637668767483327675638724793272005849868759819888859838391849615406908556836267101765242278032544,NaN,NaN,nan,7ff8000000000000
paired_large_offset,12000,1024,4,chan_random,slope,2.5009856360109515,2.500463587658356120475034806476895290968301793907036639337893245312498512195061668612557921619288298,0.00052204835259535343148137832061521375429342093671336066210675468750148780493833139,0.00020878062578957340707565551591838859473036853148887335285149919303648713626341227,1175548383108.9075,40040204c1d3765e
paired_large_offset,12000,1024,4,chan_random,intercept,-5500985636010.9512,-5500463587658.356120678523054170446407543418558757044394136745930363526884537012616310515157312245790,522048352.59505119647694582955359245658144124295560586325406963647311546298738369,0.000094909882462706446500241839600628555585298697106615222746774124530302502164310783,534577513057.3324,c29403312dd2abce
paired_large_offset,12000,1024,5,chan_random,population_covariance,0.0021256697189605267,0.00212518262863159179687500000000000000000000000000000000000000000000000000000000000000000000000000,4.8709032893490267213110200827941298484802246093750000000000000000000000000000000E-7,0.00022919928027481612129001185794731447075287351034849649896978368710862045251435381,1123153829830.144,3f6169da3d99dec0
paired_large_offset,12000,1024,5,chan_random,correlation,nan,0.9999637668767483327675638724793272005849868759819888859838391849615406908556836267101765242278032544,NaN,NaN,nan,7ff8000000000000
paired_large_offset,12000,1024,5,chan_random,slope,2.5009900692961478,2.500463587658356120475034806476895290968301793907036639337893245312498512195061668612557921619288298,0.00052648163779163482054365664255939090501973929608836066210675468750148780493833139,0.00021055361109444364885746663522186545081864712368009367045450380924622599929561311,1185531253887.9075,4004020714d9fb59
paired_large_offset,12000,1024,5,chan_random,intercept,-5500990069296.1475,-5500463587658.356120678523054170446407543418558757044394136745930363526884537012616310515157312245790,526481637.79134025897694582955359245658144124295560586325406963647311546298738369,0.000095715866381268552609871136410770521701747083486373680486708888469295436418674678,539117197098.3324,c29403323c68c097
paired_large_offset,12000,1024,6,chan_random,population_covariance,0.0021256664220629063,0.00212518262863159179687500000000000000000000000000000000000000000000000000000000000000000000000000,4.8379343131454283222225853933196049183607101440429687500000000000000000000000000E-7,0.00022764793236902097694091921822413719734380774141985639572153397784210350358808759,1115551701500.144,3f6169d8787a98f6
paired_large_offset,12000,1024,6,chan_random,correlation,nan,0.9999637668767483327675638724793272005849868759819888859838391849615406908556836267101765242278032544,NaN,NaN,nan,7ff8000000000000
paired_large_offset,12000,1024,6,chan_random,slope,2.5009869584591859,2.500463587658356120475034806476895290968301793907036639337893245312498512195061668612557921619288298,0.00052337080082982879112216101960412824403951468671336066210675468750148780493833139,0.00020930950701024089582487358253505977991341063175553053750679450139447612988790565,1178526271796.9075,400402057352700e
paired_large_offset,12000,1024,6,chan_random,intercept,-5500986958459.1855,-5500463587658.356120678523054170446407543418558757044394136745930363526884537012616310515157312245790,523370800.82942619647694582955359245658144124295560586325406963647311546298738369,0.000095150307331137943457319104106755744049734643536583712171300877901060912870006591,535931700049.3324,c29403317e89ecbe
paired_large_offset,12000,1024,7,chan_random,population_covariance,0.0021256785669110036,0.00212518262863159179687500000000000000000000000000000000000000000000000000000000000000000000000000,4.9593827941179016716155558697209926322102546691894531250000000000000000000000000E-7,0.00023336266386250557237714210440775338218175649918069588009955953007865902925195055,1143555814583.144,3f6169defda773b1
paired_large_offset,12000,1024,7,chan_random,correlation,nan,0.9999637668767483327675638724793272005849868759819888859838391849615406908556836267101765242278032544,NaN,NaN,nan,7ff8000000000000
paired_large_offset,12000,1024,7,chan_random,slope,2.5009862298790115,2.500463587658356120475034806476895290968301793907036639337893245312498512195061668612557921619288298,0.00052264222065541488468817766291223132860372367108836066210675468750148780493833139,0.00020901812897218027762029656821039227862876805021804550355071050858034928106241109,1176885655095.9075,4004020511889d11
paired_large_offset,12000,1024,7,chan_random,intercept,-5500986229879.0117,-5500463587658.356120678523054170446407543418558757044394136745930363526884537012616310515157312245790,522642220.65559807147694582955359245658144124295560586325406963647311546298738369,0.000095017849373328191940325128865114810764671498930669774129344748710942333754398089,535185633951.3324,c29403315211dc0c
paired_large_offset,12000,1024,8,chan_random,population_covariance,0.002125667122819207,0.00212518262863159179687500000000000000000000000000000000000000000000000000000000000000000000000000,4.8449418761518578402380796887882752344012260437011718750000000000000000000000000E-7,0.00022797767170116212558589206760367868973212132118090185604973578760334416988214272,1117167535517.144,3f6169d8d8ca4497
paired_large_offset,12000,1024,8,chan_random,correlation,nan,0.9999637668767483327675638724793272005849868759819888859838391849615406908556836267101765242278032544,NaN,NaN,nan,7ff8000000000000
paired_large_offset,12000,1024,8,chan_random,slope,2.5009787126392862,2.500463587658356120475034806476895290968301793907036639337893245312498512195061668612557921619288298,0.00051512498093005177288625196554831826936910453046336066210675468750148780493833139,0.00020601179056258844439607144300199203243455824534731403859790360759322786377435746,1159958336082.9075,400402012096392c
paired_large_offset,12000,1024,8,chan_random,intercept,-5500978712639.2861,-5500463587658.356120678523054170446407543418558757044394136745930363526884537012616310515157312245790,515124980.93001213397694582955359245658144124295560586325406963647311546298738369,0.000093651193707712530920282101603933461963357632219635399875746047023669401334138821,527487980472.3324,c294032f8740fd25
paired_large_offset,12000,1024,9,chan_random,population_covariance,0.0021256784456205311,0.00212518262863159179687500000000000000000000000000000000000000000000000000000000000000000000000000,4.9581698893933282001889040202513569965958595275878906250000000000000000000000000E-7,0.00023330559089812911958480275433100725219612320951815314513832810802114776171678935,1143276137795.144,3f6169deecfbec3d
paired_large_offset,12000,1024,9,chan_random,correlation,nan,0.9999637668767483327675638724793272005849868759819888859838391849615406908556836267101765242278032544,NaN,NaN,nan,7ff8000000000000
paired_large_offset,12000,1024,9,chan_random,slope,2.5010060954158906,2.500463587658356120475034806476895290968301793907036639337893245312498512195061668612557921619288298,0.00054250775753446390190412563272885644685933890546336066210675468750148780493833139,0.00021696287049015325980873838623904018117769605623116439864695590008037350106187807,1221618867338.9075,4004020f7bd74364
paired_large_offset,12000,1024,9,chan_random,intercept,-5501006095415.8906,-5500463587658.356120678523054170446407543418558757044394136745930363526884537012616310515157312245790,542507757.53450432147694582955359245658144124295560586325406963647311546298738369,0.000098629460751590829922516828034384148810390608758693395133733569611090760363710813,555527943715.3324,c29403360e90df90
paired_large_offset,12000,1024,10,chan_random,population_covariance,0.0021256694515655546,0.00212518262863159179687500000000000000000000000000000000000000000000000000000000000000000000000000,4.8682293396285283848534675144037464633584022521972656250000000000000000000000000E-7,0.00022907345816030824501427626725731457403534035730769239399025899792924613924108857,1122537259003.144,3f6169da18d9bef5
paired_large_offset,12000,1024,10,chan_random,correlation,nan,0.9999637668767483327675638724793272005849868759819888859838391849615406908556836267101765242278032544,NaN,NaN,nan,7ff8000000000000
paired_large_offset,12000,1024,10,chan_random,slope,2.5009752496881243,2.500463587658356120475034806476895290968301793907036639337893245312498512195061668612557921619288298,0.00051166202976822617252047854011080825578878226483836066210675468750148780493833139,0.00020462686691126321219882576250676964158142690209596450995440108304159016425198383,1152160463301.9075,400401ff4fcc209f
paired_large_offset,12000,1024,10,chan_random,intercept,-5500975249688.124,-5500463587658.356120678523054170446407543418558757044394136745930363526884537012616310515157312245790,511662029.76790275897694582955359245658144124295560586325406963647311546298738369,0.000093021619289679956672742475881141298915240879651547330952668329359290317063421664,523941918482.3324,c294032eb3e4607f
paired_large_offset,12000,1024,11,chan_random,population_covariance,0.0021256645873941557,0.00212518262863159179687500000000000000000000000000000000000000000000000000000000000000000000000000,4.8195876256385342117916081861039856448769569396972656250000000000000000000000000E-7,0.00022678463303372067056900283386792870771014202692451205800713556336329557930287238,1111321243387.144,3f6169d77c52edf5
paired_large_offset,12000,1024,11,chan_random,correlation,nan,0.9999637668767483327675638724793272005849868759819888859838391849615406908556836267101765242278032544,NaN,NaN,nan,7ff8000000000000
paired_large_offset,12000,1024,11,chan_random,slope,2.5009813937732028,2.500463587658356120475034806476895290968301793907036639337893245312498512195061668612557921619288298,0.00051780611484671168973556410522333944093892874921336066210675468750148780493833139,0.00020708404529562807069281990158310092576766127550915308803341557163723631332566919,1165995712936.9075,4004020288714882
paired_large_offset,12000,1024,11,chan_random,intercept,-5500981393773.2031,-5500463587658.356120678523054170446407543418558757044394136745930363526884537012616310515157312245790,517806114.84700432147694582955359245658144124295560586325406963647311546298738369,0.000094138631516228884222942940197093002381679532243916020524043671480623174636988737,530233461603.3324,c29403302ae5b4d0
paired_large_offset,12000,1024,12,chan_random,population_covariance,0.0021256679713269303,0.00212518262863159179687500000000000000000000000000000000000000000000000000000000000000000000000000,4.8534269533847054778341600922431098297238349914550781250000000000000000000000000E-7,0.00022837693513944418943080553213186280264216884149298010178083934526572804757461075,1119124061119.144,3f6169d94d687ab9
paired_large_offset,12000,1024,12,chan_random,correlation,nan,0.9999637668767483327675638724793272005849868759819888859838391849615406908556836267101765242278032544,NaN,NaN,nan,7ff8000000000000
paired_large_offset,12000,1024,12,chan_random,slope,2.50098502922752,2.500463587658356120475034806476895290968301793907036639337893245312498512195061668612557921619288298,0.00052144156916385298536817350425891244661519828046336066210675468750148780493833139,0.00020853795741619841663059462952761641117431890872467078135226576910813984196394254,1174182028290.9075,4004020470628adc
paired_large_offset,12000,1024,12,chan_random,intercept,-5500985029227.5195,-5500463587658.356120678523054170446407543418558757044394136745930363526884537012616310515157312245790,521441569.16341057147694582955359245658144124295560586325406963647311546298738369,0.000094799567500709044503884147554577652094279549694448479940992893514632293883496510,533956166823.3324,c294033108c9ae14
paired_large_offset,12000,1024,13,chan_random,population_covariance,0.0021256709529293904,0.00212518262863159179687500000000000000000000000000000000000000000000000000000000000000000000000000,4.8832429779862435159643041515664663165807723999023437500000000000000000000000000E-7,0.00022977992160281165164197548392716524294392136475446342928417074822895460922794694,1125999168308.144,3f6169dae7324a2e
paired_large_offset,12000,1024,13,chan_random,correlation,nan,0.9999637668767483327675638724793272005849868759819888859838391849615406908556836267101765242278032544,NaN,NaN,nan,7ff8000000000000
paired_large_offset,12000,1024,13,chan_random,slope,2.5009925461155347,2.500463587658356120475034806476895290968301793907036639337893245312498512195061668612557921619288298,0.00052895845717855550169780832250736320268819632733836066210675468750148780493833139,0.00021154415516760897042108875719147875203545212814559265030232991408768547277950035,1191108555321.9075,400402086148d913
paired_large_offset,12000,1024,13,chan_random,intercept,-5500992546115.5352,-5500463587658.356120678523054170446407543418558757044394136745930363526884537012616310515157312245790,528958457.17903557147694582955359245658144124295560586325406963647311546298738369,0.000096166159224448655903698221727506956739897778863468494348019732152468083274121605,541653460151.3324,c2940332d3950e24
paired_large_offset,12000,1024,14,chan_random,population_covariance,0.0021256617110247231,0.00212518262863159179687500000000000000000000000000000000000000000000000000000000000000000000000000,4.7908239313128667125063486764702247455716133117675781250000000000000000000000000E-7,0.00022543116373945166536191554356799449576672303706377917403643979320732601258607293,1104688787039.144,3f6169d5f0ffad59
paired_large_offset,12000,1024,14,chan_random,correlation,nan,0.9999637668767483327675638724793272005849868759819888859838391849615406908556836267101765242278032544,NaN,NaN,nan,7ff8000000000000
paired_large_offset,12000,1024,14,chan_random,slope,2.5009725954344981,2.500463587658356120475034806476895290968301793907036639337893245312498512195061668612557921619288298,0.00050900777614200421403631258756987416994283499921336066210675468750148780493833139,0.00020356536230094908070691486777970521094655266023846177140308139722297450064107584,1146183615480.9075,400401fdeb8caad2
paired_large_offset,12000,1024,14,chan_random,intercept,-5500972595434.498,-5500463587658.356120678523054170446407543418558757044394136745930363526884537012616310515157312245790,509007776.14192619647694582955359245658144124295560586325406963647311546298738369,0.000092539068394891373070965959298828333239122955516373825873413682638097451314533802,521223962769.3324,c294032e11e3a9fe
paired_large_offset,12000,1024,15,chan_random,population_covariance,0.0021256853264616728,0.00212518262863159179687500000000000000000000000000000000000000000000000000000000000000000000000000,5.0269783008098992138634741877467604354023933410644531250000000000000000000000000E-7,0.00023654335552548619761781886321876450196619526295702035818724111369715387458039131,1159142277239.144,3f6169e29eadff71
paired_large_offset,12000,1024,15,chan_random,correlation,nan,0.9999637668767483327675638724793272005849868759819888859838391849615406908556836267101765242278032544,NaN,NaN,nan,7ff8000000000000
paired_large_offset,12000,1024,15,chan_random,slope,2.5010074198493171,2.500463587658356120475034806476895290968301793907036639337893245312498512195061668612557921619288298,0.00054383219096095003983656857629440391313741507733836066210675468750148780493833139,0.00021749254564040267756017261487512379493198380537612765033311910538128000715206737,1224601226281.9075,400402102d9a7303
paired_large_offset,12000,1024,15,chan_random,intercept,-5501007419849.3174,-5500463587658.356120678523054170446407543418558757044394136745930363526884537012616310515157312245790,543832190.96126213397694582955359245658144124295560586325406963647311546298738369,0.000098870246533670999469250554160951154699550775679500019749959378005516059471583603,556884163544.3324,c29403365f672545
paired_large_offset,12000,1024,16,chan_random,population_covariance,0.0021256764476347452,0.00212518262863159179687500000000000000000000000000000000000000000000000000000000000000000000000000,4.9381900315340065965585836238460615277290344238281250000000000000000000000000000E-7,0.00023236544309199978643987233897619217836619786570323173573330467320838506104449552,1138669096238.144,3f6169ddda620c28
paired_large_offset,12000,1024,16,chan_random,correlation,nan,0.9999637668767483327675638724793272005849868759819888859838391849615406908556836267101765242278032544,NaN,NaN,nan,7ff8000000000000
paired_large_offset,12000,1024,16,chan_random,slope,2.5009992774663279,2.500463587658356120475034806476895290968301793907036639337893245312498512195061668612557921619288298,0.00053568980797176535766276862007699573290059867108836066210675468750148780493833139,0.00021423619628607758910369548143019187940690959944001588389993672384905079166988582,1206266209783.9075,4004020be8c04cd1
paired_large_offset,12000,1024,16,chan_random,intercept,-5500999277466.3281,-5500463587658.356120678523054170446407543418558757044394136745930363526884537012616310515157312245790,535689807.97200432147694582955359245658144124295560586325406963647311546298738369,0.000097389938036124128545814771202129063468153726337072445354741918928009400857022903,548546363363.3324,c29403346e6e6950
paired_large_offset,12000,1024,17,chan_random,population_covariance,0.0021256659022844582,0.00212518262863159179687500000000000000000000000000000000000000000000000000000000000000000000000000,4.8327365286639570318705239060363965108990669250488281250000000000000000000000000E-7,0.00022740335176632622635458542068550593494850937807603653806931427285441157629714925,1114353173999.144,3f6169d8310a84e9
paired_large_offset,12000,1024,17,chan_random,correlation,nan,0.9999637668767483327675638724793272005849868759819888859838391849615406908556836267101765242278032544,NaN,NaN,nan,7ff8000000000000
paired_large_offset,12000,1024,17,chan_random,slope,2.5009677227998006,2.500463587658356120475034806476895290968301793907036639337893245312498512195061668612557921619288298,0.00050413514144449834084490936250559652101705374921336066210675468750148780493833139,0.00020161666977786818389163603820030625474131978388805676171745000975905176670249431,1135211417576.9075,400401fb5d8e36c2
paired_large_offset,12000,1024,17,chan_random,intercept,-5500967722799.8008,-5500463587658.356120678523054170446407543418558757044394136745930363526884537012616310515157312245790,504135141.44466057147694582955359245658144124295560586325406963647311546298738369,0.000091653209481435681765747103464076252460680366395983674150514036506147844299688449,516234384839.3324,c294032ce87cbf34
paired_large_offset,12000,1024,18,chan_random,population_covariance,0.0021257028663905983,0.00212518262863159179687500000000000000000000000000000000000000000000000000000000000000000000000000,5.2023775900650326420304736529942601919174194335937500000000000000000000000000000E-7,0.00024479673040687572257730867251471322897368107518548493312849421483560852991733364,1199586599734.144,3f6169ec09596230
paired_large_offset,12000,1024,18,chan_random,correlation,nan,0.9999637668767483327675638724793272005849868759819888859838391849615406908556836267101765242278032544,NaN,NaN,nan,7ff8000000000000
paired_large_offset,12000,1024,18,chan_random,slope,2.5010133981521654,2.500463587658356120475034806476895290968301793907036639337893245312498512195061668612557921619288298,0.00054981049380926961198576242198370063554952445233836066210675468750148780493833139,0.00021988342342715667563988012231034902297961840461670455367418015177151657758618175,1238063167521.9075,400402134fff5efb
paired_large_offset,12000,1024,18,chan_random,intercept,-5501013398152.166,-5500463587658.356120678523054170446407543418558757044394136745930363526884537012616310515157312245790,549810493.80989494647694582955359245658144124295560586325406963647311546298738369,0.000099957119076932008663300997706260486151962679623524237221228294147326340119641951,563005945661.3324,c2940337cc4a20aa
paired_large_offset,12000,1024,19,chan_random,population_covariance,0.002125670660615424,0.00212518262863159179687500000000000000000000000000000000000000000000000000000000000000000000000000,4.8803198383218920897164139205415267497301101684570312500000000000000000000000000E-7,0.00022964237391044068396878761806968906620533737985577644743540870183320839403603143,1125325138192.144,3f6169dabf05680a
paired_large_offset,12000,1024,19,chan_random,correlation,nan,0.9999637668767483327675638724793272005849868759819888859838391849615406908556836267101765242278032544,NaN,NaN,nan,7ff8000000000000
paired_large_offset,12000,1024,19,chan_random,slope,2.5009757330791142,2.500463587658356120475034806476895290968301793907036639337893245312498512195061668612557921619288298,0.00051214542075812886032701277175120675813863578046336066210675468750148780493833139,0.00020482018745881630641664572672457499541065786350937257768842181062433524328534482,1153248963042.9075,400401ff90ad50bc
paired_large_offset,12000,1024,19,chan_random,intercept,-5500975733079.1143,-5500463587658.356120678523054170446407543418558757044394136745930363526884537012616310515157312245790,512145420.75813713397694582955359245658144124295560586325406963647311546298738369,0.000093109501153186694843476175602954779873531286634209388103369708624572912464160370,524436910856.3324,c294032ed1655c75
paired_large_offset,12000,1024,20,chan_random,population_covariance,0.0021256645167408205,0.00212518262863159179687500000000000000000000000000000000000000000000000000000000000000000000000000,4.8188810922867447716910760391328949481248855590820312500000000000000000000000000E-7,0.00022675138726263866346831377491360181497234245588401265383408076276618969846512017,1111158327888.144,3f6169d7729d094a
paired_large_offset,12000,1024,20,chan_random,correlation,nan,0.9999637668767483327675638724793272005849868759819888859838391849615406908556836267101765242278032544,NaN,NaN,nan,7ff8000000000000
paired_large_offset,12000,1024,20,chan_random,slope,2.5009820524583102,2.500463587658356120475034806476895290968301793907036639337893245312498512195061668612557921619288298,0.00051846479995405814697925739922694528352926078046336066210675468750148780493833139,0.00020734747049029899379092713439182486461853828170109753876502534349331771087274044,1167478939938.9075,40040202e0d987fc
paired_large_offset,12000,1024,20,chan_random,intercept,-5500982052458.3105,-5500463587658.356120678523054170446407543418558757044394136745930363526884537012616310515157312245790,518464799.95442619647694582955359245658144124295560586325406963647311546298738369,0.000094258382351213011226278711244749561246997927102016439214290924240393670667010248,530907955153.3324,c29403305319a93e
paired_large_offset,12000,1024,21,chan_random,population_covariance,0.0021256634199984686,0.00212518262863159179687500000000000000000000000000000000000000000000000000000000000000000000000000,4.8079136687679061012978820599528262391686439514160156250000000000000000000000000E-7,0.00022623531756721203510182584795775719234417908150432448526767113224620812411329934,1108629412203.144,3f6169d6dbe0d865
paired_large_offset,12000,1024,21,chan_random,correlation,nan,0.9999637668767483327675638724793272005849868759819888859838391849615406908556836267101765242278032544,NaN,NaN,nan,7ff8000000000000
paired_large_offset,12000,1024,21,chan_random,slope,2.5009606131708826,2.500463587658356120475034806476895290968301793907036639337893245312498512195061668612557921619288298,0.00049702551252646443522473196965776050340841117108836066210675468750148780493833139,0.00019877334546267911185226097318850143739863511872531004807174400126208260732544915,1119201956503.9075,400401f7a3513971
paired_large_offset,12000,1024,21,chan_random,intercept,-5500960613170.8828,-5500463587658.356120678523054170446407543418558757044394136745930363526884537012616310515157312245790,497025512.52669182147694582955359245658144124295560586325406963647311546298738369,0.000090360658625554924303922887995386608480094334500712188646961795480546065684058468,508954124827.3324,c294032b368ccb88
paired_large_offset,12000,1024,22,chan_random,population_covariance,0.0021256690182843503,0.00212518262863159179687500000000000000000000000000000000000000000000000000000000000000000000000000,4.8638965275853499048430705897771986201405525207519531250000000000000000000000000E-7,0.00022886957864497603170596899845411306016820023016353996819713379304712249578231708,1121538180567.144,3f6169d9dd4d04d1
paired_large_offset,12000,1024,22,chan_random,correlation,nan,0.9999637668767483327675638724793272005849868759819888859838391849615406908556836267101765242278032544,NaN,NaN,nan,7ff8000000000000
paired_large_offset,12000,1024,22,chan_random,slope,2.5009893684341389,2.500463587658356120475034806476895290968301793907036639337893245312498512195061668612557921619288298,0.00052578077578276150525390909054450357210347953046336066210675468750148780493833139,0.00021027331826701253186464676600967173072098634104057322383014099280657290148787583,1183953052946.9075,40040206b6c88bec
paired_large_offset,12000,1024,22,chan_random,intercept,-5500989368434.1387,-5500463587658.356120678523054170446407543418558757044394136745930363526884537012616310515157312245790,525780775.78255119647694582955359245658144124295560586325406963647311546298738369,0.000095588447665078590200379534657044819363747016049891240020901830777679582283592689,538399514401.3324,c294033211a1c88e
paired_large_offset,12000,1024,23,chan_random,population_covariance,0.002125661686816565,0.00212518262863159179687500000000000000000000000000000000000000000000000000000000000000000000000000,4.7905818497323907068086157323705265298485755920410156250000000000000000000000000E-7,0.00022541977264405993037575582516753079605497717997384240057565566206122691212657604,1104632966827.144,3f6169d5edabeda5
paired_large_offset,12000,1024,23,chan_random,correlation,nan,0.9999637668767483327675638724793272005849868759819888859838391849615406908556836267101765242278032544,NaN,NaN,nan,7ff8000000000000
paired_large_offset,12000,1024,23,chan_random,slope,2.5009419394687105,2.500463587658356120475034806476895290968301793907036639337893245312498512195061668612557921619288298,0.00047835181035434160499072964769921863329122367108836066210675468750148780493833139,0.00019130524944068886500543505185663190285397857151802362203395068030276320651252974,1077152517431.9075,400401edd8f9b411
paired_large_offset,12000,1024,23,chan_random,intercept,-5500941939468.71,-5500463587658.356120678523054170446407543418558757044394136745930363526884537012616310515157312245790,478351810.35384025897694582955359245658144124295560586325406963647311546298738369,0.000086965726202995013271406181583267697753759454001677938885185137078242984081060420,489832253802.3324,c2940326c2cc32d7
paired_large_offset,12000,1024,24,chan_random,population_covariance,0.0021256694904943571,0.00212518262863159179687500000000000000000000000000000000000000000000000000000000000000000000000000,4.8686186276530873939805132977198809385299682617187500000000000000000000000000000E-7,0.00022909177602246815134926636041034187183673780764852874161035049343356299576986428,1122627022710.144,3f6169da1e336e70
paired_large_offset,12000,1024,24,chan_random,correlation,nan,0.9999637668767483327675638724793272005849868759819888859838391849615406908556836267101765242278032544,NaN,NaN,nan,7ff8000000000000
paired_large_offset,12000,1024,24,chan_random,slope,2.5009885514061634,2.500463587658356120475034806476895290968301793907036639337893245312498512195061668612557921619288298,0.00052496374780726440754016726744494998705098929608836066210675468750148780493833139,0.00020994656766783174905051084080620332146963699025431516699917123474803808655372693,1182113269503.9075,40040206491fadd9
paired_large_offset,12000,1024,24,chan_random,intercept,-5500988551406.1631,-5500463587658.356120678523054170446407543418558757044394136745930363526884537012616310515157312245790,524963747.80696525897694582955359245658144124295560586325406963647311546298738369,0.000095439909644134475443028634408301061003658759518004204062878817585194814581834818,537562877754.3324,c2940331dfc3b8a7
paired_large_offset,12000,1024,25,chan_random,population_covariance,0.0021256909110393581,0.00212518262863159179687500000000000000000000000000000000000000000000000000000000000000000000000000,5.0828240776626398833570874558063223958015441894531250000000000000000000000000000E-7,0.00023917116624162685452201536634705557884066055006348681383700660850725549162622500,1172019436654.144,3f6169e59e37db68
paired_large_offset,12000,1024,25,chan_random,correlation,nan,0.9999637668767483327675638724793272005849868759819888859838391849615406908556836267101765242278032544,NaN,NaN,nan,7ff8000000000000
paired_large_offset,12000,1024,25,chan_random,slope,2.5009790274869617,2.500463587658356120475034806476895290968301793907036639337893245312498512195061668612557921619288298,0.00051543982860553839095893414226494395982930960858836066210675468750148780493833139,0.00020613770628359339126278802000547391677612548913369450992679053295441935711221219,1160667310019.9075,400402014ad84e9d
paired_large_offset,12000,1024,25,chan_random,intercept,-5500979027486.9619,-5500463587658.356120678523054170446407543418558757044394136745930363526884537012616310515157312245790,515439828.60579338397694582955359245658144124295560586325406963647311546298738369,0.000093708433914972095051126653038953242593647260759743610768821079518355380462438825,527810384492.3324,c294032f9a787bd9
paired_large_offset,12000,1024,26,chan_random,population_covariance,0.002125689956733786,0.00212518262863159179687500000000000000000000000000000000000000000000000000000000000000000000000000,5.0732810219419888220215852925321087241172790527343750000000000000000000000000000E-7,0.00023872211985887922925684666166171202980323911766005935607609981172721155457768087,1169818957822.144,3f6169e51b0f36f8
paired_large_offset,12000,1024,26,chan_random,correlation,nan,0.9999637668767483327675638724793272005849868759819888859838391849615406908556836267101765242278032544,NaN,NaN,nan,7ff8000000000000
paired_large_offset,12000,1024,26,chan_random,slope,2.5009956971636806,2.500463587658356120475034806476895290968301793907036639337893245312498512195061668612557921619288298,0.00053210950532452173042849386577628219377706351483836066210675468750148780493833139,0.00021280434074340339123539471271061537370629875369730392173475453248682253775783236,1198204084949.9075,4004020a083609af
paired_large_offset,12000,1024,26,chan_random,intercept,-5500995697163.6807,-5500463587658.356120678523054170446407543418558757044394136745930363526884537012616310515157312245790,532109505.32454338397694582955359245658144124295560586325406963647311546298738369,0.000096739028782676068694312261517394075909914630103644630301791565209359474492906279,544880133452.3324,c294033393e82eb9
paired_large_offset,12000,1024,27,chan_random,population_covariance,0.0021256683752729436,0.00212518262863159179687500000000000000000000000000000000000000000000000000000000000000000000000000,4.8574664135182799018508603694499470293521881103515625000000000000000000000000000E-7,0.00022856701104535235311202815465770847744731626575026066727681619518442588467007163,1120055497210.144,3f6169d984ed10f4
paired_large_offset,12000,1024,27,chan_random,correlation,nan,0.9999637668767483327675638724793272005849868759819888859838391849615406908556836267101765242278032544,NaN,NaN,nan,7ff8000000000000
paired_large_offset,12000,1024,27,chan_random,slope,2.5009831899378758,2.500463587658356120475034806476895290968301793907036639337893245312498512195061668612557921619288298,0.00051960227951970750446172820405237043153951468671336066210675468750148780493833139,0.00020780237796076313631276779356292851823747582835735616452992172141047204965940049,1170040316212.9075,400402037985080e
paired_large_offset,12000,1024,27,chan_random,intercept,-5500983189937.876,-5500463587658.356120678523054170446407543418558757044394136745930363526884537012616310515157312245790,519602279.51985588397694582955359245658144124295560586325406963647311546298738369,0.000094465179387008667227181850074322042040666909619792868565081464180792916261189209,532072734228.3324,c29403309886c781
paired_large_offset,12000,1024,28,chan_random,population_covariance,0.0021256965149885603,0.00212518262863159179687500000000000000000000000000000000000000000000000000000000000000000000000000,5.1388635696851536760476619747350923717021942138671875000000000000000000000000000E-7,0.00024180809218236813112345310840010869690818431302420935413525888686378280890614879,1184941263746.144,3f6169e8a06b4a7c
paired_large_offset,12000,1024,28,chan_random,correlation,nan,0.9999637668767483327675638724793272005849868759819888859838391849615406908556836267101765242278032544,NaN,NaN,nan,7ff8000000000000
paired_large_offset,12000,1024,28,chan_random,slope,2.5009930205064932,2.500463587658356120475034806476895290968301793907036639337893245312498512195061668612557921619288298,0.00052943284813707137068569642027042472612569632733836066210675468750148780493833139,0.00021173387637005212556433370597213443557335743022920878921358771138805427743015908,1192176788793.9075,40040208a0f4cc13
paired_large_offset,12000,1024,28,chan_random,intercept,-5500993020506.4932,-5500463587658.356120678523054170446407543418558757044394136745930363526884537012616310515157312245790,529432848.13704338397694582955359245658144124295560586325406963647311546298738369,0.000096252404856375431198672867006093148987763576326114705867635187082976260203639872,542139236492.3324,c2940332f08969f9
paired_large_offset,12000,1024,29,chan_random,population_covariance,0.0021256634764521315,0.00212518262863159179687500000000000000000000000000000000000000000000000000000000000000000000000000,4.8084782053971555915161673055990831926465034484863281250000000000000000000000000E-7,0.00022626188171382436630555013859111392187913340218644144236117546301396665029479466,1108759585487.144,3f6169d6e3a321c9
paired_large_offset,12000,1024,29,chan_random,correlation,nan,0.9999637668767483327675638724793272005849868759819888859838391849615406908556836267101765242278032544,NaN,NaN,nan,7ff8000000000000
paired_large_offset,12000,1024,29,chan_random,slope,2.5009755280605726,2.500463587658356120475034806476895290968301793907036639337893245312498512195061668612557921619288298,0.00051194040221642978458668727428786123048970999921336066210675468750148780493833139,0.00020473819524636778509953497124829374642703922641773507244491034598848873161720115,1152787302328.9075,400401ff7528ee92
paired_large_offset,12000,1024,29,chan_random,intercept,-5500975528060.5723,-5500463587658.356120678523054170446407543418558757044394136745930363526884537012616310515157312245790,511940402.21614494647694582955359245658144124295560586325406963647311546298738369,0.000093072228196330440570681932582233608126090835574335486204520749988987483531548283,524226971869.3324,c294032ec4e1f24a
paired_large_offset,12000,1024,30,chan_random,population_covariance,0.0021256842239834794,0.00212518262863159179687500000000000000000000000000000000000000000000000000000000000000000000000000,5.0159535188761678048408043650852050632238388061523437500000000000000000000000000E-7,0.00023602458684249398427397185479653969308573737707353049734216980630407569862981118,1156600135604.144,3f6169e20727feae
paired_large_offset,12000,1024,30,chan_random,correlation,nan,0.9999637668767483327675638724793272005849868759819888859838391849615406908556836267101765242278032544,NaN,NaN,nan,7ff8000000000000
paired_large_offset,12000,1024,30,chan_random,slope,2.5009775863638528,2.500463587658356120475034806476895290968301793907036639337893245312498512195061668612557921619288298,0.00051399870549669102679410349113069141161153617108836066210675468750148780493833139,0.00020556136391413823245090696397514662546561828546993366940467964295208361676217424,1157422189271.9075,40040200896bb1b1
paired_large_offset,12000,1024,30,chan_random,intercept,-5500977586363.8525,-5500463587658.356120678523054170446407543418558757044394136745930363526884537012616310515157312245790,513998705.49641838397694582955359245658144124295560586325406963647311546298738369,0.000093446433615104913965293054027922510671661089273856696381260858155311811963118426,526334674428.3324,c294032f4282ef69
paired_large_offset,12000,1024,31,chan_random,population_covariance,0.0021256743428986436,0.00212518262863159179687500000000000000000000000000000000000000000000000000000000000000000000000000,4.9171426705185011796217509072448592633008956909179687500000000000000000000000000E-7,0.00023137506416023438595374413251546605859073408886269189924410416280087802297192781,1133815905212.144,3f6169dcb91c3ab6
paired_large_offset,12000,1024,31,chan_random,correlation,nan,0.9999637668767483327675638724793272005849868759819888859838391849615406908556836267101765242278032544,NaN,NaN,nan,7ff8000000000000
paired_large_offset,12000,1024,31,chan_random,slope,2.5009992569928454,2.500463587658356120475034806476895290968301793907036639337893245312498512195061668612557921619288298,0.00053566933448930043546362645459495151292989554608836066210675468750148780493833139,0.00021422800841141067772277741094142482833746859131250192539568909937227694845158913,1206220107599.9075,4004020be600d629
paired_large_offset,12000,1024,31,chan_random,intercept,-5500999256992.8457,-5500463587658.356120678523054170446407543418558757044394136745930363526884537012616310515157312245790,535669334.48958244647694582955359245658144124295560586325406963647311546298738369,0.000097386215898508707857107850392722689726697881593757602491712976166389718289838958,548525398517.3324,c29403346d2e8362
paired_scale_imbalanced,12000,31,,welford,population_covariance,1.6992376311281656e-09,1.699440827263726099374590366844901192271885974784368594164223825120845706098609500461154513888888898E-9,2.0319613556051161488510137197941650068810276627628224548832097045508109860950046E-13,0.00011956646698177671644933162932195027987051955941872668931336409195298827153778186,982596218900.06726,3e1d31537d9759da
paired_scale_imbalanced,12000,31,,welford,correlation,0.90129033721777496,0.9013984019696348606106007051351642195957107979057559203194757416293066960742829213942136016505488119,0.00010806475185989892390029725387449906043247759325592031947574162930669607428292139,0.00011988567055784426495752518329837210218609545424017983329820218809805085823703683,973360752416.25183,3fecd75ed551a310
paired_scale_imbalanced,12000,31,,welford,slope,1.999300696952434e-06,0.000001999541051532653268883723300664578408995900628100528621445367853988692093991531923174413962657123718,2.4035458021930102035432080865809353769416822065343833989910398869209399153192317E-10,0.00012020487403100257793404567825021960716697176256609293137836037998660324678285129,567521206815.91528,3ec0c5772e8e5f58
paired_scale_imbalanced,12000,31,,welford,intercept,-1999300.696952434,-1999541.051532653279463113034676003236840967131860451738380170042309292824339964518306957264577007500,240.35458021925562089749665110089309096713186045173838017004230929282433996451831,0.00012020487403097987235944216206556940256673920161264960057237594936132862739413356,1032315061485.5114,c13e81c4b26b7987
paired_scale_imbalanced,12000,31,,chan_left,population_covariance,1.6995298848886344e-09,1.699440827263726099374590366844901192271885974784368594164223825120845706098609500461154513888888898E-9,8.9057624908328460734344373377006327066169709154925321965063428958981401390499539E-14,0.000052404075199087904689226469997144946846070287141361647029777924632741090001588058,430656248740.9328,3e1d329c8a00a593
paired_scale_imbalanced,12000,31,,chan_left,correlation,0.90139883083135763,0.9013984019696348606106007051351642195957107979057559203194757416293066960742829213942136016505488119,4.2886172277303108653851783145620652003705518157968052425837069330392571707860579E-7,4.7577377753935492733580572210077782296730699270471784931234109491511395228540873E-7,3862842989.7481837,3fecd8425c62589e
paired_scale_imbalanced,12000,31,,chan_left,slope,1.9994381754830023e-06,0.000001999541051532653268883723300664578408995900628100528621445367853988692093991531923174413962657123718,1.0287604965098193623938699404710092482399096657266593999676023869209399153192317E-10,0.000051449831236086493053935119891006029283585949335587159891194428174409778881141587,242909204380.91528,3ec0c5c2c2f071db
paired_scale_imbalanced,12000,31,,chan_left,intercept,-1999438.1754830028,-1999541.051532653279463113034676003236840967131860451738380170042309292824339964518306957264577007500,102.87604965048641926118225901104934096713186045173838017004230929282433996451831,0.000051449831235838677425377388607662711709658617745399071833966162443465181992243770,441849268790.51141,c13e824e2cec743e
paired_scale_imbalanced,12000,31,,chan_balanced,population_covariance,1.6995388070343596e-09,1.699440827263726099374590366844901192271885974784368594164223825120845706098609500461154513888888898E-9,9.7979770633480012763809189837930464042188126199468051819647169193356401390499539E-14,0.000057654123086614015875537134659655410729956529172976022628098223953494308636170011,473801098074.9328,3e1d32a695a2cd49
paired_scale_imbalanced,12000,31,,chan_balanced,correlation,0.90140909242321277,0.9013984019696348606106007051351642195957107979057559203194757416293066960742829213942136016505488119,0.000010690453577904899642411160732250951011614203619079680524258370693303925717078606,0.000011859854149447477905332562387924499243770856699961417257769323580669800274444159,96291045499.748184,3fecd857e188caac
paired_scale_imbalanced,12000,31,,chan_balanced,slope,1.9994732024702516e-06,0.000001999541051532653268883723300664578408995900628100528621445367853988692093991531923174413962657123718,6.7849062401681247977290601391536310863540451421642075250666488692093991531923174E-11,0.000033932317793463040026279102486246169652335931153002279096250909206815300857578649,160204069089.91528,3ec0c5d6048ca896
paired_scale_imbalanced,12000,31,,chan_balanced,intercept,-1999473.2024702516,-1999541.051532653279463113034676003236840967131860451738380170042309292824339964518306957264577007500,67.849062401687586963857124733705590967131860451738380170042309292824339964518307,0.000033932317793466210067513539885117874475526083802376745298416080873260153217612232,291409504079.51141,c13e827133d51725
paired_scale_imbalanced,12000,31,0,chan_random,population_covariance,1.6995597459411364e-09,1.699440827263726099374590366844901192271885974784368594164223825120845706098609500461154513888888898E-9,1.1891867741029882848348098180462441628935748974472192469104609497460640139049954E-13,0.000069975179778262763406897973712847551695431032151026833785879392180037634063645779,575055438222.93274,3e1d32be28dd6b7d
paired_scale_imbalanced,12000,31,0,chan_random,correlation,0.9014132682577809,0.9013984019696348606106007051351642195957107979057559203194757416293066960742829213942136016505488119,0.000014866288146036874930863101019155524452165961431579680524258370693303925717078606,0.000016492472267038333567100690519763634363110697976670309522571536422564023864669106,133903619509.74818,3fecd860a36b1fe6
paired_scale_imbalanced,12000,31,0,chan_random,slope,1.9994670937578641e-06,0.000001999541051532653268883723300664578408995900628100528621445367853988692093991531923174413962657123718,7.3957774789134532360145025131209022099011521234416733453791488692093991531923174E-11,0.000036987375044111102941027339196991499166252966938469724706516985710055448157912311,174627858405.91528,3ec0c5d2a8d31992
paired_scale_imbalanced,12000,31,0,chan_random,intercept,-1999467.0937578643,-1999541.051532653279463113034676003236840967131860451738380170042309292824339964518306957264577007500,73.957774788958812416280220436830590967131860451738380170042309292824339964518307,0.000036987375044023222607170742233307168427632483718105473876513123756189868485268069,317646224003.51141,c13e826b180083f1
paired_scale_imbalanced,12000,31,1,chan_random,population_covariance,1.6995339351868622e-09,1.699440827263726099374590366844901192271885974784368594164223825120845706098609500461154513888888898E-9,9.3107923136147655439558623694593881372611852725091403155172681888668901390499539E-14,0.000054787387499723043572221108143878889491949029595778763115056886172768211925973687,450242289159.9328,3e1d32a1196be7f6
paired_scale_imbalanced,12000,31,1,chan_random,correlation,0.90140987120784521,0.9013984019696348606106007051351642195957107979057559203194757416293066960742829213942136016505488119,0.000011469238210354080589289347392138384063677191900329680524258370693303925717078606,0.000012723827982491188618220372155895388983556499831235423696800208623382230832902787,103305713860.74818,3fecd85983a422f5
paired_scale_imbalanced,12000,31,1,chan_random,slope,1.9994823890726899e-06,0.000001999541051532653268883723300664578408995900628100528621445367853988692093991531923174413962657123718,5.8662459963397442802802984062742834673355277075671921442072738692093991531923174E-11,0.000029337962288112324075337304102648198812912471082783558774913901510927401477564137,138512817366.91528,3ec0c5db1172e4a1
paired_scale_imbalanced,12000,31,1,chan_random,intercept,-1999482.3890726902,-1999541.051532653279463113034676003236840967131860451738380170042309292824339964518306957264577007500,58.662459963120380700314949440736840967131860451738380170042309292824339964518307,0.000029337962287973761072265472879875579612505847519295573614133204299378105992063408,251953347044.51141,c13e827a639a4490
paired_scale_imbalanced,12000,31,2,chan_random,population_covariance,1.6995531045507986e-09,1.699440827263726099374590366844901192271885974784368594164223825120845706098609500461154513888888898E-9,1.1227728707250341430697290844985893396813053493533191624149165161523140139049954E-13,0.000066067194144841955652587110656099048592541960392150958799648824928963224427498475,542939645192.9328,3e1d32b6ae9d4ef7
paired_scale_imbalanced,12000,31,2,chan_random,correlation,0.90140979752385175,0.9013984019696348606106007051351642195957107979057559203194757416293066960742829213942136016505488119,0.000011395554216891777112826653740000270088152289556579680524258370693303925717078606,0.000012642083890975941348904918069162215403110583522987298494932051707367567264914026,102642027449.74818,3fecd8595c1515ea
paired_scale_imbalanced,12000,31,2,chan_random,slope,1.9994595099040324e-06,0.000001999541051532653268883723300664578408995900628100528621445367853988692093991531923174413962657123718,8.1541628620876331050527919274833547994586582674884567926447738692093991531923174E-11,0.000040780172309227893398411747248810441339110917620706615188359379497269632281415051,192534726978.91528,3ec0c5ce7d7df835
paired_scale_imbalanced,12000,31,2,chan_random,intercept,-1999459.5099040323,-1999541.051532653279463113034676003236840967131860451738380170042309292824339964518306957264577007500,81.541628620939189851964424538393090967131860451738380170042309292824339964518307,0.000040780172309259329797258866633686005503104059504572389167340312124897072798525543,350218628189.51141,c13e826382891217
paired_scale_imbalanced,12000,31,3,chan_random,population_covariance,1.6995435053300183e-09,1.699440827263726099374590366844901192271885974784368594164223825120845706098609500461154513888888898E-9,1.0267806629219179879835029298434180897959350056625810804828486450585640139049954E-13,0.000060418735765877773210441586119373626265508135071385093217392014008552783653058943,496520661794.9328,3e1d32abdfd3d511
paired_scale_imbalanced,12000,31,3,chan_random,correlation,0.90140443417168103,0.9013984019696348606106007051351642195957107979057559203194757416293066960742829213942136016505488119,0.0000060322020461742935104243003135587198333305122128296805242583706933039257170786058,0.0000066920487466955799012148309212435028145537265399976586707198085092863375973300059,54333245774.748184,3fecd84e1ca7937f
paired_scale_imbalanced,12000,31,3,chan_random,slope,1.9994470096140231e-06,0.000001999541051532653268883723300664578408995900628100528621445367853988692093991531923174413962657123718,9.4041918630161803237142715283374909510695319070720444391291488692093991531923174E-11,0.000047031751890304245047202047480330891382802381800617192128940867403188212952971317,222050202261.91528,3ec0c5c79e3b8ee2
paired_scale_imbalanced,12000,31,3,chan_random,intercept,-1999447.0096140231,-1999541.051532653279463113034676003236840967131860451738380170042309292824339964518306957264577007500,94.041918630132312238896797585268090967131860451738380170042309292824339964518307,0.000047031751890289495914749605199767808713006922096452210883048335849457249124910389,403906964969.51141,c13e82570276108b
paired_scale_imbalanced,12000,31,4,chan_random,population_covariance,1.6995505941282919e-09,1.699440827263726099374590366844901192271885974784368594164223825120845706098609500461154513888888898E-9,1.0976686456579622561176749069849291682533048822224048319324336059960640139049954E-13,0.000064589989133385789677143303090082982592380848484218401813848417284169664291441064,530799986846.9328,3e1d32b3db08d28d
paired_scale_imbalanced,12000,31,4,chan_random,correlation,0.9014054963911412,0.9013984019696348606106007051351642195957107979057559203194757416293066960742829213942136016505488119,0.0000070944215063426722700145689142908079223197700253296805242583706933039257170786058,0.0000078704615970482494082209979260973483154530966615081409186824473369266247216157861,63900868104.748184,3fecd85056ede839
paired_scale_imbalanced,12000,31,4,chan_random,slope,1.9994433822522959e-06,0.000001999541051532653268883723300664578408995900628100528621445367853988692093991531923174413962657123718,9.7669280357409782259105191514896941832358892455005417535822738692093991531923174E-11,0.000048845849042482039592407571608846002114373858689269247289672240660288073038283345,230615067982.91528,3ec0c5c59fba1429
paired_scale_imbalanced,12000,31,4,chan_random,intercept,-1999443.382252296,-1999541.051532653279463113034676003236840967131860451738380170042309292824339964518306957264577007500,97.669280357312271655286262917299340967131860451738380170042309292824339964518307,0.000048845849042433272841405655451209714541058182174153597368931267422395883751190912,419486364958.51141,c13e825361db4956
paired_scale_imbalanced,12000,31,5,chan_random,population_covariance,1.6995542420433465e-09,1.699440827263726099374590366844901192271885974784368594164223825120845706098609500461154513888888898E-9,1.1341477962038228783615409187631530361318282609717828574642024048241890139049954E-13,0.000066736527568889648509430573289067380072141859699355119534342437680389875531580648,548440221635.9328,3e1d32b7f67971b2
paired_scale_imbalanced,12000,31,5,chan_random,correlation,0.90140549114190949,0.9013984019696348606106007051351642195957107979057559203194757416293066960742829213942136016505488119,0.0000070891722746267075727277330426539403991264106503296805242583706933039257170786058,0.0000078646381656948160496919160498699255648258589528899703638810724817548021327398566,63853587228.748184,3fecd850541c754d
paired_scale_imbalanced,12000,31,5,chan_random,slope,1.9994390673696234e-06,0.000001999541051532653268883723300664578408995900628100528621445367853988692093991531923174413962657123718,1.0198416302988246540234124116699973443881509770383812017254148869209399153192317E-10,0.000051003785569549245675014831411609645903658028602484295662898687391114231278022866,240803296637.91528,3ec0c5c340760bfa
paired_scale_imbalanced,12000,31,5,chan_random,intercept,-1999439.0673696236,-1999541.051532653279463113034676003236840967131860451738380170042309292824339964518306957264577007500,101.98416302970410353013367502667434096713186045173838017004230929282433996451831,0.000051003785569460043999630484413470591858030520440687238515523477279724662235391314,438018644922.51141,c13e824f113f22ba
paired_scale_imbalanced,12000,31,6,chan_random,population_covariance,1.6995473574752862e-09,1.699440827263726099374590366844901192271885974784368594164223825120845706098609500461154513888888898E-9,1.0653021156007474003707389622393832471448177182027978244289240845116890139049954E-13,0.000062685449149529553490787257639445597433476310728127937173172846921980699834744546,515148493295.9328,3e1d32b03621fbde
paired_scale_imbalanced,12000,31,6,chan_random,correlation,0.90140737849619545,0.9013984019696348606106007051351642195957107979057559203194757416293066960742829213942136016505488119,0.0000089765265605943537785182485660578233794730903378296805242583706933039257170786058,0.0000099584451680631483459720798936526256316094168395124301161754778670454306927089774,80853363346.748184,3fecd854496074c3
paired_scale_imbalanced,12000,31,6,chan_random,slope,1.9994555396022403e-06,0.000001999541051532653268883723300664578408995900628100528621445367853988692093991531923174413962657123718,8.5511930412999555350837821998260605930210034742259751031916488692093991531923174E-11,0.000042765778850829016287890828964903450625371550776937468338264468696970635801077737,201909337033.91528,3ec0c5cc4eb8c5ae
paired_scale_imbalanced,12000,31,6,chan_random,intercept,-1999455.5396022405,-1999541.051532653279463113034676003236840967131860451738380170042309292824339964518306957264577007500,85.511930412731925309384773659486840967131860451738380170042309292824339964518307,0.000042765778850695170326747020174907757369781849870221681007252898936460681363973367,367270944540.51141,c13e825f8a235f58
paired_scale_imbalanced,12000,31,7,chan_random,population_covariance,1.6995702905021609e-09,1.699440827263726099374590366844901192271885974784368594164223825120845706098609500461154513888888898E-9,1.2946323843478217203913953859122722487529727311484423819049677856835640139049954E-13,0.000076179903623494354949837361749607601229166074180485161244613424650226703346902727,626045806538.93274,3e1d32ca0820b1b9
paired_scale_imbalanced,12000,31,7,chan_random,correlation,0.90140928667167664,0.9013984019696348606106007051351642195957107979057559203194757416293066960742829213942136016505488119,0.000010884702041774405980553106621470592697100043462829680524258370693303925717078606,0.000012075350941371067235443970834184504275099359567391070107833313837633990083946219,98040680118.748184,3fecd85849d218e7
paired_scale_imbalanced,12000,31,7,chan_random,slope,1.99943702522417e-06,0.000001999541051532653268883723300664578408995900628100528621445367853988692093991531923174413962657123718,1.0402630848322300475712470836334119655201112796297050542644773869209399153192317E-10,0.000052025092659881414501582180236938742668737704474995716083251415086114390744891569,245625176258.91528,3ec0c5c2210e00b5
paired_scale_imbalanced,12000,31,7,chan_random,intercept,-1999437.0252241704,-1999541.051532653279463113034676003236840967131860451738380170042309292824339964518306957264577007500,104.02630848286473220654816477276809096713186045173838017004230929282433996451831,0.000052025092659702236834439183823655599509611823239258251913297008526558382595114125,446789592857.51141,c13e824d0675175b
paired_scale_imbalanced,12000,31,8,chan_random,population_covariance,1.6995369395532428e-09,1.699440827263726099374590366844901192271885974784368594164223825120845706098609500461154513888888898E-9,9.6112289516673629441460835926634115968909375964718883662069654544918901390499539E-14,0.000056555243333434719064774646519214291039899987551417707091517245488041679586759530,464770513515.9328,3e1d32a47b5f045a
paired_scale_imbalanced,12000,31,8,chan_random,correlation,0.90139979005587845,0.9013984019696348606106007051351642195957107979057559203194757416293066960742829213942136016505488119,0.0000013880862435864597692247258802916032866996528378296805242583706933039257170786058,0.0000015399253432814714673997572943800559946161863591958230761099424058570498600600664,12502769378.748184,3fecd8445f5d2913
paired_scale_imbalanced,12000,31,8,chan_random,slope,1.9994341313414476e-06,0.000001999541051532653268883723300664578408995900628100528621445367853988692093991531923174413962657123718,1.0692019120570404000630654385253734277919767369260765142254148869209399153192317E-10,0.000053472366133093113170881930685748834255197060277092534075490634123014041417465357,252458163645.91528,3ec0c5c089c6e3ba
paired_scale_imbalanced,12000,31,8,chan_random,intercept,-1999434.1313414478,-1999541.051532653279463113034676003236840967131860451738380170042309292824339964518306957264577007500,106.92019120545857614346833078839309096713186045173838017004230929282433996451831,0.000053472366132970352786265138107362587422330673332981349927785799759798329823685563,459218724509.51141,c13e824a219f97d7
paired_scale_imbalanced,12000,31,9,chan_random,population_covariance,1.699537018158469e-09,1.699440827263726099374590366844901192271885974784368594164223825120845706098609500461154513888888898E-9,9.6190894742865499643132902728790662541087206931839709906423902591793901390499539E-14,0.000056601496915748869226606821003692166985241978520909502172332110534367615914171803,465150625065.9328,3e1d32a492070f18
paired_scale_imbalanced,12000,31,9,chan_random,correlation,0.90141309048148011,0.9013984019696348606106007051351642195957107979057559203194757416293066960742829213942136016505488119,0.000014688511845245353750718473440598986823992133306579680524258370693303925717078606,0.000016295249484744661520608932836988076006867345580021585157719006684811661017014925,132302352945.74818,3fecd86043f9bc62
paired_scale_imbalanced,12000,31,9,chan_random,slope,1.999493043804829e-06,0.000001999541051532653268883723300664578408995900628100528621445367853988692093991531923174413962657123718,4.8007727824221175628892355768533943652966003312968979547541488692093991531923174E-11,0.000024009373444682784049394348180282607309088335495533682090822100340649268918891986,113355042397.91528,3ec0c5e0ecf8131a
paired_scale_imbalanced,12000,31,9,chan_random,intercept,-1999493.043804829,-1999541.051532653279463113034676003236840967131860451738380170042309292824339964518306957264577007500,48.007727824270585835660408425111840967131860451738380170042309292824339964518307,0.000024009373444707494696232861879183477121407467954684768324795174226689081029074701,206191620960.51141,c13e82850b36cb14
paired_scale_imbalanced,12000,31,10,chan_random,population_covariance,1.6995367029884328e-09,1.699440827263726099374590366844901192271885974784368594164223825120845706098609500461154513888888898E-9,9.5875724706732548709110797359393103069919837593621587185705518802731401390499539E-14,0.000056416041775989512619479481027285762403284163706762432870301884053288527099588044,463626556288.9328,3e1d32a4372f9d6f
paired_scale_imbalanced,12000,31,10,chan_random,correlation,0.90141635317572233,0.9013984019696348606106007051351642195957107979057559203194757416293066960742829213942136016505488119,0.000017951206087468494612088230189498804290727973150329680524258370693303925717078606,0.000019914841260250216799112417709245683684884799392793007847052491918983628617675750,161690090092.74817,3fecd8671b9f049d
paired_scale_imbalanced,12000,31,10,chan_random,slope,1.9995078890903405e-06,0.000001999541051532653268883723300664578408995900628100528621445367853988692093991531923174413962657123718,3.3162442312750389167173848414398944320947806730174790094416488692093991531923174E-11,0.000016585026992734804485376313362966542316671990983481343843134149812073313894496371,78302603033.915283,3ec0c5e91641da5e
paired_scale_imbalanced,12000,31,10,chan_random,intercept,-1999507.8890903408,-1999541.051532653279463113034676003236840967131860451738380170042309292824339964518306957264577007500,33.162442312462115944112251686830590967131860451738380170042309292824339964518307,0.000016585026992590634702865422304818715519051706755108470064322752966098578339675520,142431605187.51141,c13e8293e39b6cb1
paired_scale_imbalanced,12000,31,11,chan_random,population_covariance,1.6994971914677235e-09,1.699440827263726099374590366844901192271885974784368594164223825120845706098609500461154513888888898E-9,5.6364203997400203284997493024331100632935252519379382757986402591793901390499539E-14,0.000033166323353636471272292532583500493293879999242384704949045977830773813260238923,272560566057.9328,3e1d3277bac3f918
paired_scale_imbalanced,12000,31,11,chan_random,correlation,0.90140333366705394,0.9013984019696348606106007051351642195957107979057559203194757416293066960742829213942136016505488119,0.0000049316974190803035149232670502777320937675239315796805242583706933039257170786058,0.0000054711628158027687921807703224677681114642947205081422575171650848241080874035269,44420781317.748184,3fecd84bcdd35f36
paired_scale_imbalanced,12000,31,11,chan_random,slope,1.9994966152705201e-06,0.000001999541051532653268883723300664578408995900628100528621445367853988692093991531923174413962657123718,4.4436262133199423209990731053614181170797850384616623590510238692093991531923174E-11,0.000022223230725440178381677957604479308096435546984506710183082986418454243017652251,104922157460.91528,3ec0c5e2e39bafe3
paired_scale_imbalanced,12000,31,11,chan_random,intercept,-1999496.6152705203,-1999541.051532653279463113034676003236840967131860451738380170042309292824339964518306957264577007500,44.436262132951850355351875710268090967131860451738380170042309292824339964518307,0.000022223230725316363424461996003485142954568869934095153946848207089692546603513517,190852292617.51141,c13e82889d825e6b
paired_scale_imbalanced,12000,31,12,chan_random,population_covariance,1.6995242014394242e-09,1.699440827263726099374590366844901192271885974784368594164223825120845706098609500461154513888888898E-9,8.3374175698069856519345565137111515132801563026438480048025465091793901390499539E-14,0.000049059769755155773249881345101215204787465030168557918867412046465935843996182434,403172774761.9328,3e1d329623dc1d58
paired_scale_imbalanced,12000,31,12,chan_random,correlation,0.90140286692359206,0.9013984019696348606106007051351642195957107979057559203194757416293066960742829213942136016505488119,0.0000044649539572003886256001493731553775863212348690796805242583706933039257170786058,0.0000049533635154489637082728288037147729993554360941582612007233865736634117672630665,40216729955.748184,3fecd84ad33ea394
paired_scale_imbalanced,12000,31,12,chan_random,slope,1.9994627673061001e-06,0.000001999541051532653268883723300664578408995900628100528621445367853988692093991531923174413962657123718,7.8284226553120587589638946234976228758552055253886948297541488692093991531923174E-11,0.000039151097444643874708508897833518493033457302003499965394601632065044052308517055,184843403805.91528,3ec0c5d047ee3f5a
paired_scale_imbalanced,12000,31,12,chan_random,intercept,-1999462.7673061001,-1999541.051532653279463113034676003236840967131860451738380170042309292824339964518306957264577007500,78.284226553168008387769173073549340967131860451738380170042309292824339964518307,0.000039151097444667590342603612024585970924129153102535567804757974980080172441504502,336228192838.51141,c13e8266c46e2c2e
paired_scale_imbalanced,12000,31,13,chan_random,population_covariance,1.6995166929912508e-09,1.699440827263726099374590366844901192271885974784368594164223825120845706098609500461154513888888898E-9,7.5865727524720778021510652760282206832471550455371862082327222904293901390499539E-14,0.000044641582282610200970656121724975633804201930002677872649226918370129012312742179,366864147313.9328,3e1d328dafb26d60
paired_scale_imbalanced,12000,31,13,chan_random,correlation,0.90140563117429506,0.9013984019696348606106007051351642195957107979057559203194757416293066960742829213942136016505488119,0.0000072292046602027352797025884339626056747001411190796805242583706933039257170786058,0.0000080199883252580509268535447879630173292341986028951302700677012886513348333681555,65114886827.748184,3fecd8509f4a5cdc
paired_scale_imbalanced,12000,31,13,chan_random,slope,1.999483864129599e-06,0.000001999541051532653268883723300664578408995900628100528621445367853988692093991531923174413962657123718,5.7187403054267613895329803185979071592538561119937668512385238692093991531923174E-11,0.000028600264550924485866602297218398254785267235767340431070028661118419814873524258,135029937712.91528,3ec0c5dbe10b6b47
paired_scale_imbalanced,12000,31,13,chan_random,intercept,-1999483.8641295992,-1999541.051532653279463113034676003236840967131860451738380170042309292824339964518306957264577007500,57.187403054095665276730965065736840967131860451738380170042309292824339964518307,0.000028600264550838491672564428370045937768409651921697897747042052658360913986524040,245618025860.51141,c13e827bdd3798f0
paired_scale_imbalanced,12000,31,14,chan_random,population_covariance,1.6995402667785652e-09,1.699440827263726099374590366844901192271885974784368594164223825120845706098609500461154513888888898E-9,9.9439514839135693795794599287383403554258896633106296686971998294918901390499539E-14,0.000058513078680852633060165285041879499158295134840863181618183699854703167762874649,480859987915.9328,3e1d32a83a60e9ba
paired_scale_imbalanced,12000,31,14,chan_random,correlation,0.90141569299905588,0.9013984019696348606106007051351642195957107979057559203194757416293066960742829213942136016505488119,0.000017291029421023583036961477466490410049394965337829680524258370693303925717078606,0.000019182449606346274389210986998113657308191399745736408512568744314100774914634240,155743747314.74817,3fecd865b9310723
paired_scale_imbalanced,12000,31,14,chan_random,slope,1.9995007675135993e-06,0.000001999541051532653268883723300664578408995900628100528621445367853988692093991531923174413962657123718,4.0284019053987041641155809068158359757018219127559433649103988692093991531923174E-11,0.000020146632660084292461851701598917960537824118913370059838017742012522765766210058,95117950687.915283,3ec0c5e52bfc0298
paired_scale_imbalanced,12000,31,14,chan_random,intercept,-1999500.7675135995,-1999541.051532653279463113034676003236840967131860451738380170042309292824339964518306957264577007500,40.284019053799892128194282936830590967131860451738380170042309292824339964518307,0.000020146632659990696120852773804289757561037342205888447095401140688417579558629143,173018544387.51141,c13e828cc47bc571
paired_scale_imbalanced,12000,31,15,chan_random,population_covariance,1.6995341595848833e-09,1.699440827263726099374590366844901192271885974784368594164223825120845706098609500461154513888888898E-9,9.3332321157182954735722778884874601492811328511740093855703687748043901390499539E-14,0.000054919429767647489701754905924189761085087608202313224266436205925762021442297507,451327411405.9328,3e1d32a15a198ebc
paired_scale_imbalanced,12000,31,15,chan_random,correlation,0.90140833436420265,0.9013984019696348606106007051351642195957107979057559203194757416293066960742829213942136016505488119,0.0000099323945677851836499516281602944356994193794003296805242583706933039257170786058,0.000011018873059994367802676062296377091925858490964598506918521260787322067574905629,89463056948.748184,3fecd8564a8df465
paired_scale_imbalanced,12000,31,15,chan_random,slope,1.999475307109778e-06,0.000001999541051532653268883723300664578408995900628100528621445367853988692093991531923174413962657123718,6.5744422875279978235830980481529477280656750693225632379572738692093991531923174E-11,0.000032879756494564946273213637901167186162567925936899101980786860141094497193001045,155234629510.91528,3ec0c5d72cc049f1
paired_scale_imbalanced,12000,31,15,chan_random,intercept,-1999475.3071097783,-1999541.051532653279463113034676003236840967131860451738380170042309292824339964518306957264577007500,65.744422874998161853040169167299340967131860451738380170042309292824339964518307,0.000032879756494424005565633487750239585797857952136165548912458112260078105380852511,282370146142.51141,c13e82734e9ebf16
paired_scale_imbalanced,12000,31,16,chan_random,population_covariance,1.6995528642012012e-09,1.699440827263726099374590366844901192271885974784368594164223825120845706098609500461154513888888898E-9,1.1203693747512892550442649161190146809519801843125281277164301880273140139049954E-13,0.000065925765509305715013502726980398064492154706394950584309381556313546534259897760,541777385856.9328,3e1d32b66956a36f
paired_scale_imbalanced,12000,31,16,chan_random,correlation,0.90141114500883657,0.9013984019696348606106007051351642195957107979057559203194757416293066960742829213942136016505488119,0.000012743039201706738818805584434982679565386176275329680524258370693303925717078606,0.000014136966710682065069290796229175023829842367447746124388014814438297365682654792,114779093200.74818,3fecd85c2f820301
paired_scale_imbalanced,12000,31,16,chan_random,slope,1.9994657705113023e-06,0.000001999541051532653268883723300664578408995900628100528621445367853988692093991531923174413962657123718,7.5281021350930971300945138701826235653226207389735947320978988692093991531923174E-11,0.000037649150185352722915426042853075555099564752966071764361754199411467187821225407,177752286011.91528,3ec0c5d1ee981e3c
paired_scale_imbalanced,12000,31,16,chan_random,intercept,-1999465.7705113026,-1999541.051532653279463113034676003236840967131860451738380170042309292824339964518306957264577007500,75.281021350648114741528938698549340967131860451738380170042309292824339964518307,0.000037649150185211261974924510066801318223544187287361665001454829656421811252108008,323329524710.51141,c13e8269c5403a8e
paired_scale_imbalanced,12000,31,17,chan_random,population_covariance,1.6995425766830721e-09,1.699440827263726099374590366844901192271885974784368594164223825120845706098609500461154513888888898E-9,1.0174941934604759828814679689234303292767008622322139683231196411523140139049954E-13,0.000059872293117657171574832913420850756866324558494740017613311161136236724452226172,492030000712.9328,3e1d32aad429c837
paired_scale_imbalanced,12000,31,17,chan_random,correlation,0.90140524757909268,0.9013984019696348606106007051351642195957107979057559203194757416293066960742829213942136016505488119,0.0000068456094578226637814199563419486505584281684628296805242583706933039257170786058,0.0000075944326536017863802802483293565750322120725451530626481814177470695048569283439,61659768406.748184,3fecd84fd1597087
paired_scale_imbalanced,12000,31,17,chan_random,slope,1.9994517106487909e-06,0.000001999541051532653268883723300664578408995900628100528621445367853988692093991531923174413962657123718,8.9340883862417623823239110636001496338377650275134812067072738692093991531923174E-11,0.000044680694999453804950055717537461601085366333581342365158943228462616991623437019,210950197750.91528,3ec0c5ca33d82f81
paired_scale_imbalanced,12000,31,17,chan_random,intercept,-1999451.7106487912,-1999541.051532653279463113034676003236840967131860451738380170042309292824339964518306957264577007500,89.340883862113440693105171608705590967131860451738380170042309292824339964518307,0.000044680694999301678239481174688662830296567862871891545244546208763401627322106030,383716174383.51141,c13e825bb5ed1445
paired_scale_imbalanced,12000,31,18,chan_random,population_covariance,1.6995647114473417e-09,1.699440827263726099374590366844901192271885974784368594164223825120845706098609500461154513888888898E-9,1.2388418361556257347018669518195290233609312360785809698566279419335640139049954E-13,0.000072897026850313350111688692765302465667291715120344565446269869236652470785469604,599067152858.93274,3e1d32c3c0131bc9
paired_scale_imbalanced,12000,31,18,chan_random,correlation,0.90141547090565066,0.9013984019696348606106007051351642195957107979057559203194757416293066960742829213942136016505488119,0.000017068936015801415120270954195972822387651801275329680524258370693303925717078606,0.000018936061988244362654228778874265258859858830313644772542397741689979864526719901,153743307760.74817,3fecd86541f4be21
paired_scale_imbalanced,12000,31,18,chan_random,slope,1.9994710236233418e-06,0.000001999541051532653268883723300664578408995900628100528621445367853988692093991531923174413962657123718,7.0027909311450835024250028426201024437415357127094040582697738692093991531923174E-11,0.000035021991300340778487626155519884623758879672242599442018835886513905449315125944,165348725898.91528,3ec0c5d4d1e76ced
paired_scale_imbalanced,12000,31,18,chan_random,intercept,-1999471.0236233422,-1999541.051532653279463113034676003236840967131860451738380170042309292824339964518306957264577007500,70.027909311119327605451057839174340967131860451738380170042309292824339964518307,0.000035021991300174986547992726011397353581178308548406496717802983243311453441824334,300767580298.51141,c13e826f060c2dea
paired_scale_imbalanced,12000,31,19,chan_random,population_covariance,1.6995449817704194e-09,1.699440827263726099374590366844901192271885974784368594164223825120845706098609500461154513888888898E-9,1.0415450669328189798728583581870845218520599098555651846393427856835640139049954E-13,0.000061287515883080982662000408151025569814166031299030855225434148183986436420825933,503660289482.9328,3e1d32ad8961e7b9
paired_scale_imbalanced,12000,31,19,chan_random,correlation,0.9014131597700874,0.9013984019696348606106007051351642195957107979057559203194757416293066960742829213942136016505488119,0.000014757800452541512239398267103921912391619086431579680524258370693303925717078606,0.000016372117390373023831982067571588540841378866224249426602008677705601789791264117,132926449237.74818,3fecd860692cb086
paired_scale_imbalanced,12000,31,19,chan_random,slope,1.9994839821039561e-06,0.000001999541051532653268883723300664578408995900628100528621445367853988692093991531923174413962657123718,5.7069428697126773049218274047183567624398450746440659235041488692093991531923174E-11,0.000028541263833209581637334638337126069295867999930974328806599806638428198644425651,134751378637.91528,3ec0c5dbf1a5e4aa
paired_scale_imbalanced,12000,31,19,chan_random,intercept,-1999483.9821039562,-1999541.051532653279463113034676003236840967131860451738380170042309292824339964518306957264577007500,57.069428697114670932973335671205590967131860451738380170042309292824339964518307,0.000028541263833203529039322301738908137075496215073126381035894989604051116056392020,245111329855.51141,c13e827bfb6b2a35
paired_scale_imbalanced,12000,31,20,chan_random,population_covariance,1.6995728351541735e-09,1.699440827263726099374590366844901192271885974784368594164223825120845706098609500461154513888888898E-9,1.3200789044740990683778246972673111112828819693677035513385615356835640139049954E-13,0.000077677250263521172082351155223734860027498634054849051359173819265092475079686220,638350988618.93274,3e1d32cce592df39
paired_scale_imbalanced,12000,31,20,chan_random,correlation,0.90141479942425706,0.9013984019696348606106007051351642195957107979057559203194757416293066960742829213942136016505488119,0.000016397454622202121523563087668832681854204535650329680524258370693303925717078606,0.000018191129012845196603408974824846315839737011351013373043463649358895749212913789,147695141052.74817,3fecd863d9750aed
paired_scale_imbalanced,12000,31,20,chan_random,slope,1.999458487575475e-06,0.000001999541051532653268883723300664578408995900628100528621445367853988692093991531923174413962657123718,8.2563957178287715977264838451282284829159210815334091852228988692093991531923174E-11,0.000041291453913888006529889833827227931942505674288891842171433106278451928112288259,194948632035.91528,3ec0c5cded9cb394
paired_scale_imbalanced,12000,31,20,chan_random,intercept,-1999458.4875754751,-1999541.051532653279463113034676003236840967131860451738380170042309292824339964518306957264577007500,82.563957178152958214963386940736840967131860451738380170042309292824339964518307,0.000041291453913820611965003785276913100422017900002955169962789225575135220140598434,354609495908.51141,c13e82627cd1bf10
paired_scale_imbalanced,12000,31,21,chan_random,population_covariance,1.6995436312424902e-09,1.699440827263726099374590366844901192271885974784368594164223825120845706098609500461154513888888898E-9,1.0280397876405754403753931753358965071288394335569721999629817016991890139049954E-13,0.000060492826296036729802738169493370180005878069784687356619897974384471552326119974,497129537147.9328,3e1d32ac041e886a
paired_scale_imbalanced,12000,31,21,chan_random,correlation,0.90140324231376234,0.9013984019696348606106007051351642195957107979057559203194757416293066960742829213942136016505488119,0.0000048403441274822637829433148564810974196952583065796805242583706933039257170786058,0.0000053698166281476489830215300724794489000205477261089227876354031200611554062882308,43597944017.748184,3fecd84b9cc7df02
paired_scale_imbalanced,12000,31,21,chan_random,slope,1.9994415740560563e-06,0.000001999541051532653268883723300664578408995900628100528621445367853988692093991531923174413962657123718,9.9477476596938214265893052911798404117672647728824387262385238692093991531923174E-11,0.000049750154677088763480290691675393024230775129198288561604827982109852455299130012,234884550640.91528,3ec0c5c4a13ef187
paired_scale_imbalanced,12000,31,21,chan_random,intercept,-1999441.5740560566,-1999541.051532653279463113034676003236840967131860451738380170042309292824339964518306957264577007500,99.477476596718514621938179421205590967131860451738380170042309292824339964518307,0.000049750154676978888181600150458449214856275254459450611970712469067438683623661186,427252508671.51141,c13e825192f55675
paired_scale_imbalanced,12000,31,22,chan_random,population_covariance,1.6995541034777775e-09,1.699440827263726099374590366844901192271885974784368594164223825120845706098609500461154513888888898E-9,1.1327621405144324480400233646278730990320609941990954223140559204491890139049954E-13,0.000066654991591457502313930892694131428022753403955792925942387949154286187191681345,547770159659.9328,3e1d32b7ce891c1a
paired_scale_imbalanced,12000,31,22,chan_random,correlation,0.90141394261550434,0.9013984019696348606106007051351642195957107979057559203194757416293066960742829213942136016505488119,0.000015540645869477141385280825181495688636736273931579680524258370693303925717078606,0.000017240596206427104906544235166263988711954075975768418531002328097846806393568246,139977693893.74817,3fecd8620d7624f6
paired_scale_imbalanced,12000,31,22,chan_random,slope,1.9994767235825313e-06,0.000001999541051532653268883723300664578408995900628100528621445367853988692093991531923174413962657123718,6.4327950121997343182227158686208949681696425571346054742853988692093991531923174E-11,0.000032171357558620667905557683929444039337663533900852397239935806580237982270437589,151890077783.91528,3ec0c5d7f41a1920
paired_scale_imbalanced,12000,31,22,chan_random,intercept,-1999476.7235825316,-1999541.051532653279463113034676003236840967131860451738380170042309292824339964518306957264577007500,64.327950121721113384450386452455590967131860451738380170042309292824339964518307,0.000032171357558482521135368409236504937488388545446584693353963516521232175250585596,276286441991.51141,c13e8274b93cb46d
paired_scale_imbalanced,12000,31,23,chan_random,population_covariance,1.6995322364265484e-09,1.699440827263726099374590366844901192271885974784368594164223825120845706098609500461154513888888898E-9,9.1409162822297585909134667018986170707990189270637010960424757083981401390499539E-14,0.000053787787933443794100081294770169749857593660883160446033794706469393920642966227,442027588340.9328,3e1d329f2fc984e3
paired_scale_imbalanced,12000,31,23,chan_random,correlation,0.90140752691247883,0.9013984019696348606106007051351642195957107979057559203194757416293066960742829213942136016505488119,0.0000091249428439686068336899694824631435470145942440796805242583706933039257170786058,0.000010123096317932008120462908996416956072407352788376721232294190529378287120868461,82190178383.748184,3fecd854990ea280
paired_scale_imbalanced,12000,31,23,chan_random,slope,1.9994739875480526e-06,0.000001999541051532653268883723300664578408995900628100528621445367853988692093991531923174413962657123718,6.7063984600657405108171949536660176697279270186328659723322738692093991531923174E-11,0.000033539688794712512373583443981743189220588378279042302559126183360430222724012497,158350356542.91528,3ec0c5d6730a1139
paired_scale_imbalanced,12000,31,23,chan_random,intercept,-1999473.9875480526,-1999541.051532653279463113034676003236840967131860451738380170042309292824339964518306957264577007500,67.063984600713337124074409889955590967131860451738380170042309292824339964518307,0.000033539688794740484623030460474216255545320840167741104551928028804751046968096112,288037620599.51141,c13e8271fccff2fd
paired_scale_imbalanced,12000,31,24,chan_random,population_covariance,1.6995219311269021e-09,1.699440827263726099374590366844901192271885974784368594164223825120845706098609500461154513888888898E-9,8.1103863176020395940947873523261497188514388994368737368429517826168901390499539E-14,0.000047723852384202118797592888553917017331055589930563157097471276674300585201817061,392194217055.9328,3e1d3293957c9e4e
paired_scale_imbalanced,12000,31,24,chan_random,correlation,0.9014007259771214,0.9013984019696348606106007051351642195957107979057559203194757416293066960742829213942136016505488119,0.0000023240074865369590461827243981923086242240669003296805242583706933039257170786058,0.0000025782245469470526018615490031371712983376666902228572482028400657269037528161740,20932798500.748184,3fecd84655d53255
paired_scale_imbalanced,12000,31,24,chan_random,slope,1.9994559403374426e-06,0.000001999541051532653268883723300664578408995900628100528621445367853988692093991531923174413962657123718,8.5111195210667263651048431449402469176658372774028549860041488692093991531923174E-11,0.000042565365259907676036069005591536632868124830472076902119390769301971997474634690,200963127789.91528,3ec0c5cc871ec78a
paired_scale_imbalanced,12000,31,24,chan_random,intercept,-1999455.9403374428,-1999541.051532653279463113034676003236840967131860451738380170042309292824339964518306957264577007500,85.111195210486511052335213112611840967131860451738380170042309292824339964518307,0.000042565365259817278767710719612811362027508307010142013478904561459396778358027370,365549799952.51141,c13e825ff0b9f464
paired_scale_imbalanced,12000,31,25,chan_random,population_covariance,1.6995644413114214e-09,1.699440827263726099374590366844901192271885974784368594164223825120845706098609500461154513888888898E-9,1.2361404769535027913560649864062958645195094811642450633510432251366890139049954E-13,0.000072738071083287768614246273253090745166183084494722103540254507978294197201807647,597760855703.93274,3e1d32c372369886
paired_scale_imbalanced,12000,31,25,chan_random,correlation,0.90141097708391726,0.9013984019696348606106007051351642195957107979057559203194757416293066960742829213942136016505488119,0.000012575114282403563716846670706387899597124457525329680524258370693303925717078606,0.000013950672926561476026266162515854596548029740634427125045767786009645320158807587,113266559992.74818,3fecd85bd55a9629
paired_scale_imbalanced,12000,31,25,chan_random,slope,1.9994514055697668e-06,0.000001999541051532653268883723300664578408995900628100528621445367853988692093991531923174413962657123718,8.9645962886509911433817466297063274275370817079448471735041488692093991531923174E-11,0.000044833269523421914415810498965266023289558104247054039734676111049622339382316057,211670545229.91528,3ec0c5ca08e88e2a
paired_scale_imbalanced,12000,31,25,chan_random,intercept,-1999451.4055697671,-1999541.051532653279463113034676003236840967131860451738380170042309292824339964518306957264577007500,89.645962886165688098157356667299340967131860451738380170042309292824339964518307,0.000044833269523249763006513404241455461490728050896507871886013500009754599602924809,385026478814.51141,c13e825b67d36b96
paired_scale_imbalanced,12000,31,26,chan_random,population_covariance,1.6995355426898475e-09,1.699440827263726099374590366844901192271885974784368594164223825120845706098609500461154513888888898E-9,9.4715426121417243570363561736633845702499732737484400896871900638668901390499539E-14,0.000055733288621716112718080611119606086259751747172059169253808509233798109211883108,458015696615.9328,3e1d32a2e8c0b0d6
paired_scale_imbalanced,12000,31,26,chan_random,correlation,0.90139692568644258,0.9013984019696348606106007051351642195957107979057559203194757416293066960742829213942136016505488119,0.0000014762831922756421399268077382777707977730034121703194757416293066960742829213942,0.0000016377699239868113854903784860673280545930788639672729285370438287424866881033710,13297176869.251816,3fecd83e5d91390b
paired_scale_imbalanced,12000,31,26,chan_random,slope,1.9994230675387246e-06,0.000001999541051532653268883723300664578408995900628100528621445367853988692093991531923174413962657123718,1.1798399392866653474914867606407284244322119225492454595379148869209399153192317E-10,0.000059005537214768111539742654418410795297771351346887027873375515468453480619746604,278581829221.91528,3ec0c5ba74af6312
paired_scale_imbalanced,12000,31,26,chan_random,intercept,-1999423.0675387247,-1999541.051532653279463113034676003236840967131860451738380170042309292824339964518306957264577007500,117.98399392853290802308411447979934096713186045173838017004230929282433996451831,0.000059005537214701282529053071155479695798826642633613092644692687330678048100923026,506737395374.51141,c13e823f114a37c6
paired_scale_imbalanced,12000,31,27,chan_random,population_covariance,1.699560242768919e-09,1.699440827263726099374590366844901192271885974784368594164223825120845706098609500461154513888888898E-9,1.1941550519286820311442207664172989243456895871931595149501643188866890139049954E-13,0.000070267527575608151583032712641959338157889496733731691364810042400661318753370839,577457949959.93274,3e1d32beb810d6f6
paired_scale_imbalanced,12000,31,27,chan_random,correlation,0.90141236399268454,0.9013984019696348606106007051351642195957107979057559203194757416293066960742829213942136016505488119,0.000013962023049679326671642607527416489799456000494079680524258370693303925717078606,0.000015489291992498630125192894194094736400954575012620163020658490609816787328556940,125758723607.74818,3fecd85ebdf1e048
paired_scale_imbalanced,12000,31,27,chan_random,slope,1.999462497676584e-06,0.000001999541051532653268883723300664578408995900628100528621445367853988692093991531923174413962657123718,7.8553856069300420153041220616279642733371760144138107965510238692093991531923174E-11,0.000039285943146347853658023713539420631539919538899843647910920559081202639555159558,185480048500.91528,3ec0c5d021fbd203
paired_scale_imbalanced,12000,31,27,chan_random,intercept,-1999462.4976765842,-1999541.051532653279463113034676003236840967131860451738380170042309292824339964518306957264577007500,78.553856069108331859792183327455590967131860451738380170042309292824339964518307,0.000039285943146251787258825205251493647902856808505219694048229286631987706112366744,337386242791.51141,c13e82667f67bb8d
paired_scale_imbalanced,12000,31,28,chan_random,population_covariance,1.6995511246133114e-09,1.699440827263726099374590366844901192271885974784368594164223825120845706098609500461154513888888898E-9,1.1029734958530257832559502187690727079927937972970215025409541138085640139049954E-13,0.000064902141819725853639517302319018319004234680342105755324041567658733312480997010,533365254994.9328,3e1d32b473efb541
paired_scale_imbalanced,12000,31,28,chan_random,correlation,0.90140374436777793,0.9013984019696348606106007051351642195957107979057559203194757416293066960742829213942136016505488119,0.0000053423981430653836887844733266200048522514106503296805242583706933039257170786058,0.0000059267890107102180809349260960317563240847346980076107254806145187573967685966948,48120044572.748184,3fecd84caa51a64d
paired_scale_imbalanced,12000,31,28,chan_random,slope,1.99943498570575e-06,0.000001999541051532653268883723300664578408995900628100528621445367853988692093991531923174413962657123718,1.0606582690326466694673152092412379703726520706644035405926023869209399153192317E-10,0.000053045085932076734606031773731021656166309427336950771932489241263524712737433545,250440852972.91528,3ec0c5c102049b8b
paired_scale_imbalanced,12000,31,28,chan_random,intercept,-1999434.9857057501,-1999541.051532653279463113034676003236840967131860451738380170042309292824339964518306957264577007500,106.06582690321640139886231272198684096713186045173838017004230929282433996451831,0.000053045085932052596012319556791595102525777348156906029307893039813859091566200395,455549257772.51141,c13e824afc573648
paired_scale_imbalanced,12000,31,29,chan_random,population_covariance,1.6994952427937935e-09,1.699440827263726099374590366844901192271885974784368594164223825120845706098609500461154513888888898E-9,5.4415530067389375920389768814054116210627674603889709143484449466793901390499539E-14,0.000032019667407310648264064582523916862449258008167557845527351487025072549888431661,263137357145.9328,3e1d327589193748
paired_scale_imbalanced,12000,31,29,chan_random,correlation,0.90140093110747821,0.9013984019696348606106007051351642195957107979057559203194757416293066960742829213942136016505488119,0.0000025291378433487591869865497412200195388358833065796805242583706933039257170786058,0.0000028057935734325358832194928158607768532378656722943759680389231948570290242080016,22780448497.748184,3fecd846c3f61922
paired_scale_imbalanced,12000,31,29,chan_random,slope,1.9994882491985349e-06,0.000001999541051532653268883723300664578408995900628100528621445367853988692093991531923174413962657123718,5.2802334118360630260220756626160036709717418446445236871760238692093991531923174E-11,0.000026407226837322248385870760996064990283109529088562802215163695452668852839669294,124675986428.91528,3ec0c5de4a302d7b
paired_scale_imbalanced,12000,31,29,chan_random,intercept,-1999488.2491985352,-1999541.051532653279463113034676003236840967131860451738380170042309292824339964518306957264577007500,52.802334118055040300572822975893090967131860451738380170042309292824339964518307,0.000026407226837169418195769866360925682075438934336007813008423764960718188180651657,226784298189.51141,c13e82803fcb79a7
paired_scale_imbalanced,12000,31,30,chan_random,population_covariance,1.6995410025939272e-09,1.699440827263726099374590366844901192271885974784368594164223825120845706098609500461154513888888898E-9,1.0017533020106051543066450579191141787805491128383112493022761352929390139049954E-13,0.000058946053663046958577383787359595668995625027513209886848831995145030206076435100,484418172673.9328,3e1d32a90e7680f0
paired_scale_imbalanced,12000,31,30,chan_random,correlation,0.90141089553145037,0.9013984019696348606106007051351642195957107979057559203194757416293066960742829213942136016505488119,0.000012493561815512886194986472821425936897234320806579680524258370693303925717078606,0.000013860199650025287141927276224981772093046069137019086460341617216183506361755271,112532000673.74818,3fecd85ba99219d2
paired_scale_imbalanced,12000,31,30,chan_random,slope,1.9994786186191898e-06,0.000001999541051532653268883723300664578408995900628100528621445367853988692093991531923174413962657123718,6.2432913463478219286721671587719410915252696170711289117853988692093991531923174E-11,0.000031223621748412333594065794559736107146766592389209985584678852120105923834900661,147415548983.91528,3ec0c5d8fecdfd40
paired_scale_imbalanced,12000,31,30,chan_random,intercept,-1999478.6186191901,-1999541.051532653279463113034676003236840967131860451738380170042309292824339964518306957264577007500,62.432913463216135562146614479799340967131860451738380170042309292824339964518307,0.000031223621748281261488943955525739657418960447486741823725736058483241946340786822,268147321518.51141,c13e82769e5dd3c6
paired_scale_imbalanced,12000,31,31,chan_random,population_covariance,1.6995687481471909e-09,1.699440827263726099374590366844901192271885974784368594164223825120845706098609500461154513888888898E-9,1.2792088346477716494309880654247437224103150890586805882915339477929390139049954E-13,0.000075272337472757375971055620930400390016646614171996535665318821215503279769457737,618587435553.93274,3e1d32c84b92fc10
paired_scale_imbalanced,12000,31,31,chan_random,correlation,0.90141270461785339,0.9013984019696348606106007051351642195957107979057559203194757416293066960742829213942136016505488119,0.000014302648218528022763215099678006313522295355962829680524258370693303925717078606,0.000015867177251785090042995061320987178163923686364811310865946046101816745654650764,128826802374.74818,3fecd85f74d10af7
paired_scale_imbalanced,12000,31,31,chan_random,slope,1.9994540026042008e-06,0.000001999541051532653268883723300664578408995900628100528621445367853988692093991531923174413962657123718,8.7048928452505663511352962957295458060781414999866257379572738692093991531923174E-11,0.000043534454261782942579729681915238732541510228757415124808246434996094088920903591,205538471046.91528,3ec0c5cb766894f1
paired_scale_imbalanced,12000,31,31,chan_random,intercept,-1999454.002604201,-1999541.051532653279463113034676003236840967131860451738380170042309292824339964518306957264577007500,87.048928452309081614697884011049340967131860451738380170042309292824339964518307,0.000043534454261684628840648227916320815497677867909199201111614445809371411098542990,373872300854.51141,c13e825e00aaab3e
paired_scale_imbalanced,12000,257,,welford,population_covariance,1.6992376311281656e-09,1.699440827263726099374590366844901192271885974784368594164223825120845706098609500461154513888888898E-9,2.0319613556051161488510137197941650068810276627628224548832097045508109860950046E-13,0.00011956646698177671644933162932195027987051955941872668931336409195298827153778186,982596218900.06726,3e1d31537d9759da
paired_scale_imbalanced,12000,257,,welford,correlation,0.90129033721777496,0.9013984019696348606106007051351642195957107979057559203194757416293066960742829213942136016505488119,0.00010806475185989892390029725387449906043247759325592031947574162930669607428292139,0.00011988567055784426495752518329837210218609545424017983329820218809805085823703683,973360752416.25183,3fecd75ed551a310
paired_scale_imbalanced,12000,257,,welford,slope,1.999300696952434e-06,0.000001999541051532653268883723300664578408995900628100528621445367853988692093991531923174413962657123718,2.4035458021930102035432080865809353769416822065343833989910398869209399153192317E-10,0.00012020487403100257793404567825021960716697176256609293137836037998660324678285129,567521206815.91528,3ec0c5772e8e5f58
paired_scale_imbalanced,12000,257,,welford,intercept,-1999300.696952434,-1999541.051532653279463113034676003236840967131860451738380170042309292824339964518306957264577007500,240.35458021925562089749665110089309096713186045173838017004230929282433996451831,0.00012020487403097987235944216206556940256673920161264960057237594936132862739413356,1032315061485.5114,c13e81c4b26b7987
paired_scale_imbalanced,12000,257,,chan_left,population_covariance,1.6994436212922659e-09,1.699440827263726099374590366844901192271885974784368594164223825120845706098609500461154513888888898E-9,2.7940285397824788763674430650743203209461202044589573429473400917939013904995388E-15,0.0000016440869814109098308295491796239248647632081117184601996791987140579020378957111,13511092969.932795,3e1d323b6a36b4d8
paired_scale_imbalanced,12000,257,,chan_left,correlation,0.90137715162505172,0.9013984019696348606106007051351642195957107979057559203194757416293066960742829213942136016505488119,0.000021250344583140436558502719288129069129987358880920319475741629306696074282921394,0.000023574863830140549311503044809591824598874502172286256404152417745834480898287519,191406087892.25183,3fecd814e572eb5c
paired_scale_imbalanced,12000,257,,chan_left,slope,1.9994434875689132e-06,0.000001999541051532653268883723300664578408995900628100528621445367853988692093991531923174413962657123718,9.7563963740030739141508021050191527926455195441150437067072738692093991531923174E-11,0.000048793178647293944972275246886138530256590282423339979422358279177608240933259008,230366396150.91528,3ec0c5c5ae8c8281
paired_scale_imbalanced,12000,257,,chan_left,intercept,-1999443.4875689133,-1999541.051532653279463113034676003236840967131860451738380170042309292824339964518306957264577007500,97.563963740018988311971138405580590967131860451738380170042309292824339964518307,0.000048793178647288067950780775202593457894102531364969228399005211190286989587286338,419034033531.51141,c13e82537cd150f9
paired_scale_imbalanced,12000,257,,chan_balanced,population_covariance,1.6994449432929696e-09,1.699440827263726099374590366844901192271885974784368594164223825120845706098609500461154513888888898E-9,4.1160292434811231010588824546428017093833690290888899849303723183564013904995388E-15,0.0000024219903261406000337444111771126177247384454008585005073058356430964857861228840,19903896106.932796,3e1d323ce7412419
paired_scale_imbalanced,12000,257,,chan_balanced,correlation,0.90137507683090801,0.9013984019696348606106007051351642195957107979057559203194757416293066960742829213942136016505488119,0.000023325138726854246105127990029189445297284722162170319475741629306696074282921394,0.000025876614242810686837157995788553734431084461709454900197255862599588704795150637,210094172157.25183,3fecd8108b8d6233
paired_scale_imbalanced,12000,257,,chan_balanced,slope,1.9994327275599143e-06,0.000001999541051532653268883723300664578408995900628100528621445367853988692093991531923174413962657123718,1.0832397273897708768429365478971845720205357243051506109051023869209399153192317E-10,0.000054174418002544378292619091563894860439022922154872615534396272592696970092876130,255772749076.91528,3ec0c5bfc4365463
paired_scale_imbalanced,12000,257,,chan_balanced,intercept,-1999432.7275599143,-1999541.051532653279463113034676003236840967131860451738380170042309292824339964518306957264577007500,108.32397273893267875977845041729934096713186045173838017004230929282433996451831,0.000054174418002522168447208092853878231734113568234557645239869030794938137823701891,465247920286.51141,c13e8248ba415dd6
paired_scale_imbalanced,12000,257,0,chan_random,population_covariance,1.6994481090203136e-09,1.699440827263726099374590366844901192271885974784368594164223825120845706098609500461154513888888898E-9,7.2817565874632203311483235635339812198483772357544058845885754433564013904995388E-15,0.0000042847956049094070044065013205429739475656014426407849924211760937575472096301888,35212414202.932793,3e1d324077b696e9
paired_scale_imbalanced,12000,257,0,chan_random,correlation,0.90137618174751988,0.9013984019696348606106007051351642195957107979057559203194757416293066960742829213942136016505488119,0.000022220222114982736858516167865503289024396538568420319475741629306696074282921394,0.000024650833711741218352235433803199289319714572227683850027106348287405774098971154,200141968074.25183,3fecd812dcbff766
paired_scale_imbalanced,12000,257,0,chan_random,slope,1.9994339048741719e-06,0.000001999541051532653268883723300664578408995900628100528621445367853988692093991531923174413962657123718,1.0714665848135481060604407067507423550248978604307151861004148869209399153192317E-10,0.000053585625761084838002269340966959785156994007932155006654330785856440117089261160,252992894381.91528,3ec0c5c069e78bca
paired_scale_imbalanced,12000,257,0,chan_random,intercept,-1999433.9048741721,-1999541.051532653279463113034676003236840967131860451738380170042309292824339964518306957264577007500,107.14665848121778136559815256573684096713186045173838017004230929282433996451831,0.000053585625761016307372581041503239833721127120244101987956594171412201027044722183,460191394052.51141,c13e8249e7a5d570
paired_scale_imbalanced,12000,257,1,chan_random,population_covariance,1.6994499902087755e-09,1.699440827263726099374590366844901192271885974784368594164223825120845706098609500461154513888888898E-9,9.1629450494442500275169964297419418010124931010035926388152600136689013904995388E-15,0.0000053917411553525700743791862881292945074507941090933906203469594399153499394735671,44309283415.932793,3e1d324295edcc46
paired_scale_imbalanced,12000,257,1,chan_random,correlation,0.90137916943693819,0.9013984019696348606106007051351642195957107979057559203194757416293066960742829213942136016505488119,0.000019232532696672668013385722895521380226178765130920319475741629306696074282921394,0.000021336328813816278112145256161618606065548870535320376074119285108085603695590594,173231254172.25183,3fecd81920c0df94
paired_scale_imbalanced,12000,257,1,chan_random,slope,1.9994449462226139e-06,0.000001999541051532653268883723300664578408995900628100528621445367853988692093991531923174413962657123718,9.6105310039394150388335214551665612695597987069988022516291488692093991531923174E-11,0.000048063684396841558908190653347944658076607513335546461107541985408779384481265008,226922247477.91528,3ec0c5c67bd60c42
paired_scale_imbalanced,12000,257,1,chan_random,intercept,-1999444.9462226138,-1999541.051532653279463113034676003236840967131860451738380170042309292824339964518306957264577007500,96.105310039481008709157417702455590967131860451738380170042309292824339964518307,0.000048063684396884997782461915311269318563766659593680984308995268743178016427021714,412769163591.51141,c13e8254f23ba52d
paired_scale_imbalanced,12000,257,2,chan_random,population_covariance,1.6994492007267294e-09,1.699440827263726099374590366844901192271885974784368594164223825120845706098609500461154513888888898E-9,8.3734630032635808548697438871069205014239772703116888092406750527314013904995388E-15,0.0000049271871482255221866454637712535557099843327676305304599898496488040177773824099,40491582496.932793,3e1d3241b2604e0f
paired_scale_imbalanced,12000,257,2,chan_random,correlation,0.9013779140374133,0.9013984019696348606106007051351642195957107979057559203194757416293066960742829213942136016505488119,0.000020487932221563622423624641976687766830487847162170319475741629306696074282921394,0.000022729053187575756642903889000201560644889849326159318994376382303691718636881335,184538887837.25183,3fecd8167ec41393
paired_scale_imbalanced,12000,257,2,chan_random,slope,1.9994403055992367e-06,0.000001999541051532653268883723300664578408995900628100528621445367853988692093991531923174413962657123718,1.0074593341657072592110061582906751925018517245283104009441648869209399153192317E-10,0.000050384528659388469854181406606397542323074953010678390704854350012446879521832504,237879609625.91528,3ec0c5c3eeb9f85e
paired_scale_imbalanced,12000,257,2,chan_random,intercept,-1999440.3055992366,-1999541.051532653279463113034676003236840967131860451738380170042309292824339964518306957264577007500,100.74593341665142244168610422589309096713186045173838017004230929282433996451831,0.000050384528659428827108905469143590171501219262510152359885423778856983752628631702,432700489229.51141,c13e82504e3bc067
paired_scale_imbalanced,12000,257,3,chan_random,population_covariance,1.6994493613896682e-09,1.699440827263726099374590366844901192271885974784368594164223825120845706098609500461154513888888898E-9,8.5341259420879950851232557770189752567378521911418193863280773964814013904995388E-15,0.0000050217258554561222820000455664763732409591019969078762763299413048480598418800208,41268500796.932793,3e1d3241e0af232b
paired_scale_imbalanced,12000,257,3,chan_random,correlation,0.90137551364917257,0.9013984019696348606106007051351642195957107979057559203194757416293066960742829213942136016505488119,0.000022888320462294477639667624623883225242658257318420319475741629306696074282921394,0.000025392013578326168001517067572064753461722414527809772085160939996011388829313519,206159663010.25183,3fecd81176113a8e
paired_scale_imbalanced,12000,257,3,chan_random,slope,1.9994294674881512e-06,0.000001999541051532653268883723300664578408995900628100528621445367853988692093991531923174413962657123718,1.1158404450211664619407731014979986854721693266859031743816648869209399153192317E-10,0.000055804828021203762787408322028629705549738073099864047844651968132534030150299805,263470375889.91528,3ec0c5bdf965dda6
paired_scale_imbalanced,12000,257,3,chan_random,intercept,-1999429.4674881513,-1999541.051532653279463113034676003236840967131860451738380170042309292824339964518306957264577007500,111.58404450200297898122162668683059096713186045173838017004230929282433996451831,0.000055804828021146915840880476811477452391625489087534691694171317175065728932578313,479249821891.51141,c13e824577ad4db1
paired_scale_imbalanced,12000,257,4,chan_random,population_covariance,1.6994461711842243e-09,1.699440827263726099374590366844901192271885974784368594164223825120845706098609500461154513888888898E-9,5.3439204981928418616022912437304621470278137843674177215941906777314013904995388E-15,0.0000031445169566728025124711890056110551823773535723228920591695712819159985261610347,25841613872.932796,3e1d323e492b861f
paired_scale_imbalanced,12000,257,4,chan_random,correlation,0.90136824633197465,0.9013984019696348606106007051351642195957107979057559203194757416293066960742829213942136016505488119,0.000030155637660206548620359703216138936798139214349670319475741629306696074282921394,0.000033454283471452607036175818020472560399564468275378989291612188791176072816775250,271617837059.25183,3fecd8023874c22d
paired_scale_imbalanced,12000,257,4,chan_random,slope,1.9994009801939308e-06,0.000001999541051532653268883723300664578408995900628100528621445367853988692093991531923174413962657123718,1.4007133872250328007712100232232074619512906242837883062176023869209399153192317E-10,0.000070051744431622569080533510663389635301205685188218709474617788976662959452759036,330734097596.91528,3ec0c5ae502aecbb
paired_scale_imbalanced,12000,257,4,chan_random,intercept,-1999400.9801939307,-1999541.051532653279463113034676003236840967131860451738380170042309292824339964518306957264577007500,140.07133872260139352151245920636184096713186045173838017004230929282433996451831,0.000070051744431671636691929409416766040109894486788831617325722941512400028604238860,601601818920.51135,c13e8228faedfd4c
paired_scale_imbalanced,12000,257,5,chan_random,population_covariance,1.6994495194932194e-09,1.699440827263726099374590366844901192271885974784368594164223825120845706098609500461154513888888898E-9,8.6922294933140980200559282113006615923043713104529434727080822792939013904995388E-15,0.0000051147585452030585467902679368290523126129363969950381510923428129892425350322936,42033042657.932793,3e1d32420e411ed0
paired_scale_imbalanced,12000,257,5,chan_random,correlation,0.90137843817668861,0.9013984019696348606106007051351642195957107979057559203194757416293066960742829213942136016505488119,0.000019963792946248372803844708267036535064740776849670319475741629306696074282921394,0.000022147579696864036761935389501983410856189792482703881920335933048140065736188928,179817860947.25183,3fecd81798293add
paired_scale_imbalanced,12000,257,5,chan_random,slope,1.9994422558595029e-06,0.000001999541051532653268883723300664578408995900628100528621445367853988692093991531923174413962657123718,9.8795673150365498036791501179215228937192763581180344293635238692093991531923174E-11,0.000049409174707685228521920443700807570334932822290363715023364871490213264443479400,233274687768.91528,3ec0c5c50133805f
paired_scale_imbalanced,12000,257,5,chan_random,intercept,-1999442.2558595028,-1999541.051532653279463113034676003236840967131860451738380170042309292824339964518306957264577007500,98.795673150455439747060249733705590967131860451738380170042309292824339964518307,0.000049409174707730209437656528607897699195665490304922373268335639507660706340623119,424324185167.51141,c13e825241800225
paired_scale_imbalanced,12000,257,6,chan_random,population_covariance,1.6994457374858474e-09,1.699440827263726099374590366844901192271885974784368594164223825120845706098609500461154513888888898E-9,4.9102221213005899437538007138639612826412334237797314213164807167939013904995388E-15,0.0000028893163224791714505320830198547006466180283567825931096428260658026046720342878,23744377209.932796,3e1d323dcc2a3b68
paired_scale_imbalanced,12000,257,6,chan_random,correlation,0.90137468800936937,0.9013984019696348606106007051351642195957107979057559203194757416293066960742829213942136016505488119,0.000023713960265486979270869218760538555900617241693420319475741629306696074282921394,0.000026307967945882629138050982965304083343598652610802610399535996086521884619192119,213596365230.25183,3fecd80fbace2882
paired_scale_imbalanced,12000,257,6,chan_random,slope,1.9994300682068409e-06,0.000001999541051532653268883723300664578408995900628100528621445367853988692093991531923174413962657123718,1.1098332581238967894539243553800275537194585372438407964519773869209399153192317E-10,0.000055504399735789709970148134070848307402647336841400173043045121743477835009357823,262051968986.91528,3ec0c5be4df1099d
paired_scale_imbalanced,12000,257,6,chan_random,intercept,-1999430.0682068409,-1999541.051532653279463113034676003236840967131860451738380170042309292824339964518306957264577007500,110.98332581238620942899079172589309096713186045173838017004230929282433996451831,0.000055504399735787974520104905037771110373543109344524066760607502836577186361107933,476669754765.51141,c13e8246117600e7
paired_scale_imbalanced,12000,257,7,chan_random,population_covariance,1.6994398806403256e-09,1.699440827263726099374590366844901192271885974784368594164223825120845706098609500461154513888888898E-9,9.4662340045942788127627044454024886942961222812625226513066283789359860950046115E-16,5.5702051243736951499019593839398409226029033247008882899937858609329042700126691E-7,4577589881.0672045,3e1d3237340b4f75
paired_scale_imbalanced,12000,257,7,chan_random,correlation,0.90137273661846284,0.9013984019696348606106007051351642195957107979057559203194757416293066960742829213942136016505488119,0.000025665351172016383660726737014386512558026909662170319475741629306696074282921394,0.000028472816366143241397152428110377029830845265473896687848262008160758875114230363,231172931949.25183,3fecd80ba32908c3
paired_scale_imbalanced,12000,257,7,chan_random,slope,1.9994283017459073e-06,0.000001999541051532653268883723300664578408995900628100528621445367853988692093991531923174413962657123718,1.1274978674596188315873285302706704884893162120809532232097898869209399153192317E-10,0.000056387832927730534312750118311913436517507988640653432098470306027677196497609899,266222906939.91528,3ec0c5bd5555933c
paired_scale_imbalanced,12000,257,7,chan_random,intercept,-1999428.3017459076,-1999541.051532653279463113034676003236840967131860451738380170042309292824339964518306957264577007500,112.74978674564310377904267160870559096713186045173838017004230929282433996451831,0.000056387832927571107740340066236159638903811998593610147382525821334313638951705538,484256646703.51141,c13e82444d3f3845
paired_scale_imbalanced,12000,257,8,chan_random,population_covariance,1.6994476144026306e-09,1.699440827263726099374590366844901192271885974784368594164223825120845706098609500461154513888888898E-9,6.7871389045183633632647370376924817826423380887685472057708264199189013904995388E-15,0.0000039937482939293347363031361182620771770619978987532773147539041032560284034266301,32820589851.932796,3e1d323fe9263f0a
paired_scale_imbalanced,12000,257,8,chan_random,correlation,0.9013803515134704,0.9013984019696348606106007051351642195957107979057559203194757416293066960742829213942136016505488119,0.000018050456164459196148933719394165732185407280755920319475741629306696074282921394,0.000020024948041861800957009386229443986221018290853412669745523218393541343297326292,162584055312.25183,3fecd81b9b603c20
paired_scale_imbalanced,12000,257,8,chan_random,slope,1.9994529856111869e-06,0.000001999541051532653268883723300664578408995900628100528621445367853988692093991531923174413962657123718,8.8065921466373064769332657541616808764030169143581162164728988692093991531923174E-11,0.000044043067482345667982584879783075145425057561695762204949144151748544014572808604,207939777907.91528,3ec0c5cae7478c04
paired_scale_imbalanced,12000,257,8,chan_random,intercept,-1999452.9856111868,-1999541.051532653279463113034676003236840967131860451738380170042309292824339964518306957264577007500,88.065921466450998843396614479799340967131860451738380170042309292824339964518307,0.000044043067482384643730572371539300807597345694144466885013341329603085048431699705,378240252590.51141,c13e825cfc5103c6
paired_scale_imbalanced,12000,257,9,chan_random,population_covariance,1.6994353459444319e-09,1.699440827263726099374590366844901192271885974784368594164223825120845706098609500461154513888888898E-9,5.4813192941640883533418598772621703950559973469385748817078112753935986095004612E-15,0.0000032253663712372817210195660395315975396909741793785634353753920825068859571513940,26506033681.067204,3e1d32321901cfdd
paired_scale_imbalanced,12000,257,9,chan_random,correlation,0.9013738991631941,0.9013984019696348606106007051351642195957107979057559203194757416293066960742829213942136016505488119,0.000024502806440757287251878173572379805366559624505920319475741629306696074282921394,0.000027183103927427093432622953194901544536947190725759550105966103784629492375605391,220701659912.25183,3fecd80e134bf728
paired_scale_imbalanced,12000,257,9,chan_random,slope,1.9994387944683832e-06,0.000001999541051532653268883723300664578408995900628100528621445367853988692093991531923174413962657123718,1.0225706427011337400860419067874459857828816343774772710613523869209399153192317E-10,0.000051140267508753109039559689711995812658029896921638185426062129456360924644331580,241447666472.91528,3ec0c5c31a0dbe4f
paired_scale_imbalanced,12000,257,9,chan_random,intercept,-1999438.7944683831,-1999541.051532653279463113034676003236840967131860451738380170042309292824339964518306957264577007500,102.25706427020751899548859446026809096713186045173838017004230929282433996451831,0.000051140267508800192066827082271240548515570297065689437948163120686460238343699492,439190746825.51141,c13e824ecb6247ab
paired_scale_imbalanced,12000,257,10,chan_random,population_covariance,1.6994413416644723e-09,1.699440827263726099374590366844901192271885974784368594164223825120845706098609500461154513888888898E-9,5.1440074621901437515570505992014769492498396575359049304804809960640139049953885E-16,3.0268823601657981548802526708407973499539349059661432082057983199963982354564992E-7,2487489374.932795,3e1d3238d927dd4d
paired_scale_imbalanced,12000,257,10,chan_random,correlation,0.9013738572172848,0.9013984019696348606106007051351642195957107979057559203194757416293066960742829213942136016505488119,0.000024544752350058797905100240621152974884076714349670319475741629306696074282921394,0.000027229638189313796525059364679900459353968308674617363419832832343779782747197518,221079475075.25183,3fecd80dfcc6f6ad
paired_scale_imbalanced,12000,257,10,chan_random,slope,1.9994315542520539e-06,0.000001999541051532653268883723300664578408995900628100528621445367853988692093991531923174413962657123718,1.0949728059936852064953777320346858675018785466184593267254148869209399153192317E-10,0.000054761206585600519863345771501020715329881067705502202022430660403505801232958404,258543143933.91528,3ec0c5bf1f15757a
paired_scale_imbalanced,12000,257,10,chan_random,intercept,-1999431.5542520538,-1999541.051532653279463113034676003236840967131860451738380170042309292824339964518306957264577007500,109.49728059943565195866913645245559096713186045173838017004230929282433996451831,0.000054761206585634092932395672027356527845242312486083916558827923526798925964487388,470287239175.51141,c13e82478de3766d
paired_scale_imbalanced,12000,257,11,chan_random,population_covariance,1.6994500749212578e-09,1.699440827263726099374590366844901192271885974784368594164223825120845706098609500461154513888888898E-9,9.2476575316647436879022134765462488182950468166349584148772717324189013904995388E-15,0.0000054415884232665047058047468865645021992049098550596256547036349100487402255809518,44718927843.932793,3e1d3242ae5879d2
paired_scale_imbalanced,12000,257,11,chan_random,correlation,0.90137708701688624,0.9013984019696348606106007051351642195957107979057559203194757416293066960742829213942136016505488119,0.000021314952748624695519944529530960776130719780755920319475741629306696074282921394,0.000023646539312749664695160046784741295214787347073155273289240301001664814927108934,191988026512.25183,3fecd814c2c33da0
paired_scale_imbalanced,12000,257,11,chan_random,slope,1.9994356080928914e-06,0.000001999541051532653268883723300664578408995900628100528621445367853988692093991531923174413962657123718,1.0544343976184696619289998865645571628827502895822502202801023869209399153192317E-10,0.000052733820934070997520939695371323099651470490299335729222126490167009642456349837,248971282884.91528,3ec0c5c1599c77b3
paired_scale_imbalanced,12000,257,11,chan_random,intercept,-1999435.6080928915,-1999541.051532653279463113034676003236840967131860451738380170042309292824339964518306957264577007500,105.44343976176143652268738596417434096713186045173838017004230929282433996451831,0.000052733820934028222591143336661429317505526851199243459396776499204928070959347178,452876125354.51141,c13e824b9babf9ca
paired_scale_imbalanced,12000,257,12,chan_random,population_covariance,1.6994420359526709e-09,1.699440827263726099374590366844901192271885974784368594164223825120845706098609500461154513888888898E-9,1.2086889447848770978768467673139137353930922239637130783446789589814013904995388E-15,7.1122743751601529578444266515380609717437573615888054866699044625605596118407423E-7,5844861092.9327955,3e1d3239a1454a93
paired_scale_imbalanced,12000,257,12,chan_random,correlation,0.90137817732928427,0.9013984019696348606106007051351642195957107979057559203194757416293066960742829213942136016505488119,0.000020224640350591440327613403804037429611249565912170319475741629306696074282921394,0.000022436960512020900788146023615499816145772822793331271664747021143806668522260095,182167365493.25183,3fecd8170c1ea2bb
paired_scale_imbalanced,12000,257,12,chan_random,slope,1.9994499032283945e-06,0.000001999541051532653268883723300664578408995900628100528621445367853988692093991531923174413962657123718,9.1148304258729886464614201046635171102917696728610764215510238692093991531923174E-11,0.000045584612623413998385549773422754167331767625179882723605706624676425789609375337,215217848500.91528,3ec0c5c9357900c3
paired_scale_imbalanced,12000,257,12,chan_random,intercept,-1999449.9032283945,-1999541.051532653279463113034676003236840967131860451738380170042309292824339964518306957264577007500,91.148304258825118005956123757143090967131860451738380170042309292824339964518307,0.000045584612623461624844137130279234375293907227951618407125577812717608540022841159,391478985877.51141,c13e8259e739f9df
paired_scale_imbalanced,12000,257,13,chan_random,population_covariance,1.6994293473803368e-09,1.699440827263726099374590366844901192271885974784368594164223825120845706098609500461154513888888898E-9,1.1479883389322277294933836028969258899905704880078310341989183345706098609500461E-14,0.0000067550945023523214267946492306898430427452199854255745920703023824859022052930145,55513309742.067207,3e1d322b5809e7c0
paired_scale_imbalanced,12000,257,13,chan_random,correlation,0.90137135222046905,0.9013984019696348606106007051351642195957107979057559203194757416293066960742829213942136016505488119,0.000027049749165814131632893426592830278198285698724670319475741629306696074282921394,0.000030008650011701871725069302606467824863676733688819080288388432589797717558395847,243642480527.25183,3fecd808bbead2a1
paired_scale_imbalanced,12000,257,13,chan_random,slope,1.9994345526474337e-06,0.000001999541051532653268883723300664578408995900628100528621445367853988692093991531923174413962657123718,1.0649888521955977928104414343926606294824643005361534185222898869209399153192317E-10,0.000053261664789491625908475695822972687372493015885733927411096049694200152273600985,251463383011.91528,3ec0c5c0c5120994
paired_scale_imbalanced,12000,257,13,chan_random,intercept,-1999434.5526474337,-1999541.051532653279463113034676003236840967131860451738380170042309292824339964518306957264577007500,106.49888521957010990449280588604934096713186045173838017004230929282433996451831,0.000053261664789496792123975414990703570769504491970060996202950812426826394879957032,457409229078.51141,c13e824a8d7a4d5e
paired_scale_imbalanced,12000,257,14,chan_random,population_covariance,1.6994389132128336e-09,1.699440827263726099374590366844901192271885974784368594164223825120845706098609500461154513888888898E-9,1.9140508925141664681525677592996808250515611012847965671173571738310986095004612E-15,0.0000011262827524250930044665924235310349013313203851903911002326625554617912935513486,9255782176.0672054,3e1d32361d33c2ce
paired_scale_imbalanced,12000,257,14,chan_random,correlation,0.90137666295962082,0.9013984019696348606106007051351642195957107979057559203194757416293066960742829213942136016505488119,0.000021739010014038197713440771929356910507245659662170319475741629306696074282921394,0.000024116983085987890697967511363158991739345415942142290912183367268261943671447217,195807594797.25183,3fecd813df194103
paired_scale_imbalanced,12000,257,14,chan_random,slope,1.9994468588427163e-06,0.000001999541051532653268883723300664578408995900628100528621445367853988692093991531923174413962657123718,9.4192689937001872930540103412005519082396234764957199762385238692093991531923174E-11,0.000047107154846759929268189701952640405616929697232551103855291880232605690120428634,222406200944.91528,3ec0c5c789037307
paired_scale_imbalanced,12000,257,14,chan_random,intercept,-1999446.8588427163,-1999541.051532653279463113034676003236840967131860451738380170042309292824339964518306957264577007500,94.192689936959976614201973366518090967131860451738380170042309292824339964518307,0.000047107154846738976052615074757454686291509091122493542427436893609284368748627135,404554522801.51141,c13e8256dbdd1dc3
paired_scale_imbalanced,12000,257,15,chan_random,population_covariance,1.6994532796829788e-09,1.699440827263726099374590366844901192271885974784368594164223825120845706098609500461154513888888898E-9,1.2452419252681688854395849873283558897469723319224094776953077396481401390499539E-14,0.0000073273626553572683367076931937633813345254304995311127381303948329664244642522360,60216204604.932793,3e1d32464a0e272b
paired_scale_imbalanced,12000,257,15,chan_random,correlation,0.90137732679459193,0.9013984019696348606106007051351642195957107979057559203194757416293066960742829213942136016505488119,0.000021075175042934081890458932628292300025983452630920319475741629306696074282921394,0.000023380532955109493341035761232796280444244087277686430219117051688932502204252707,189828300940.25183,3fecd815437e09a4
paired_scale_imbalanced,12000,257,15,chan_random,slope,1.9994329013848262e-06,0.000001999541051532653268883723300664578408995900628100528621445367853988692093991531923174413962657123718,1.0815014782704412305477798040789735738779319395055748052410398869209399153192317E-10,0.000054087485597830942979420742895877776624969828781292812615085195938437294122134875,255362316607.91528,3ec0c5bfdcad0838
paired_scale_imbalanced,12000,257,15,chan_random,intercept,-1999432.9013848263,-1999541.051532653279463113034676003236840967131860451738380170042309292824339964518306957264577007500,108.15014782699556118317932932354934096713186045173838017004230929282433996451831,0.000054087485597806656184321428620547007711726443702356071776925112307825046405206345,464501347974.51141,c13e8248e6c127ee
paired_scale_imbalanced,12000,257,16,chan_random,population_covariance,1.6994490238714085e-09,1.699440827263726099374590366844901192271885974784368594164223825120845706098609500461154513888888898E-9,8.1966076823819779778911155657874671810534922537012154148467541542939013904995388E-15,0.0000048231203763530598374999595187522338830538818451576868626190195154827978653098697,39636362641.932793,3e1d32417f66af80
paired_scale_imbalanced,12000,257,16,chan_random,correlation,0.90136987241738731,0.9013984019696348606106007051351642195957107979057559203194757416293066960742829213942136016505488119,0.000028529552247552804775702119821119763176007866693420319475741629306696074282921394,0.000031650324856593068712465209806762721445098324983793757059566981888948852198562930,256971361742.25183,3fecd805a1743c62
paired_scale_imbalanced,12000,257,16,chan_random,slope,1.9994048379177758e-06,0.000001999541051532653268883723300664578408995900628100528621445367853988692093991531923174413962657123718,1.3621361487745987268102448920450939100826991666784263677410398869209399153192317E-10,0.000068122439783395190942776218740732245717263800595435425558156034864078960503175904,321625304703.91528,3ec0c5b06f1812f8
paired_scale_imbalanced,12000,257,16,chan_random,intercept,-1999404.8379177758,-1999541.051532653279463113034676003236840967131860451738380170042309292824339964518306957264577007500,136.21361487743244534798950998761184096713186045173838017004230929282433996451831,0.000068122439783381473768173679000665117184780453598051456162060536722667309364927590,585033021168.51135,c13e822cd681c784
paired_scale_imbalanced,12000,257,17,chan_random,population_covariance,1.6994370178198667e-09,1.699440827263726099374590366844901192271885974784368594164223825120845706098609500461154513888888898E-9,3.8094438594130198253502167870318922048224491169126575900665759238310986095004612E-15,0.0000022415866432646642091715768268917850342615955659404178370014125480237525704165226,18421340160.067204,3e1d3233fae471ee
paired_scale_imbalanced,12000,257,17,chan_random,correlation,0.90137349553976376,0.9013984019696348606106007051351642195957107979057559203194757416293066960742829213942136016505488119,0.000024906429871102344240122496865126945297284722162170319475741629306696074282921394,0.000027630878662176017172649758410141956643435464971964767186123667525276409315016474,224337176573.25183,3fecd80d3a9a6233
paired_scale_imbalanced,12000,257,17,chan_random,slope,1.9994350368137567e-06,0.000001999541051532653268883723300664578408995900628100528621445367853988692093991531923174413962657123718,1.0601471889653213183160457345713353776498598922719932622722898869209399153192317E-10,0.000053019526063379184886402157157719751809505764153938324717366157516853413640992824,250320177603.91528,3ec0c5c10935f7b4
paired_scale_imbalanced,12000,257,17,chan_random,intercept,-1999435.0368137567,-1999541.051532653279463113034676003236840967131860451738380170042309292824339964518306957264577007500,106.01471889659562176534027903058059096713186045173838017004230929282433996451831,0.000053019526063410936859072491218298063853443430417540422786616274095575870447305566,455329750555.51141,c13e824b096ca059
paired_scale_imbalanced,12000,257,18,chan_random,population_covariance,1.6994455308954713e-09,1.699440827263726099374590366844901192271885974784368594164223825120845706098609500461154513888888898E-9,4.7036317452015718057053966255001315822712998618921393440612316933564013904995388E-15,0.0000027677525864639258852190278649029711109383059936705683470113199893689959434979401,22745367450.932796,3e1d323d909e8d89
paired_scale_imbalanced,12000,257,18,chan_random,correlation,0.9013704744069343,0.9013984019696348606106007051351642195957107979057559203194757416293066960742829213942136016505488119,0.000027927562700563936690693103026035882751508354974670319475741629306696074282921394,0.000030982485257950040357605121169447211181518172257710389297643000623658475075045178,251549121943.25183,3fecd806e4a50c99
paired_scale_imbalanced,12000,257,18,chan_random,slope,1.9994116180730607e-06,0.000001999541051532653268883723300664578408995900628100528621445367853988692093991531923174413962657123718,1.2943345959257326645587410419671556143565004636278129644207273869209399153192317E-10,0.000064731584026925675067778708127776193128304047228460083151373221858131477130644493,305616115670.91528,3ec0c5b42950e9a1
paired_scale_imbalanced,12000,257,18,chan_random,intercept,-1999411.6180730604,-1999541.051532653279463113034676003236840967131860451738380170042309292824339964518306957264577007500,129.43345959286936587163300363995559096713186045173838017004230929282433996451831,0.000064731584027073758414560352593342856598144757363593599213579082007818920307539818,555912475959.51135,c13e82339e3a093d
paired_scale_imbalanced,12000,257,19,chan_random,population_covariance,1.699440521501945e-09,1.699440827263726099374590366844901192271885974784368594164223825120845706098609500461154513888888898E-9,3.0576178105339238840406060760599917568897274177613315120854369726859860950046115E-16,1.7991905110676915545968274091994690606243648369106729712369353251031652295782120E-7,1478573247.0672047,3e1d3237ecc28d2f
paired_scale_imbalanced,12000,257,19,chan_random,correlation,0.90137418480375531,0.9013984019696348606106007051351642195957107979057559203194757416293066960742829213942136016505488119,0.000024217165879553339156197202408123471061750054193420319475741629306696074282921394,0.000026866217897254643244323516865419021179474750262057501456288426135917810463144151,218128838462.25183,3fecd80eaca61af2
paired_scale_imbalanced,12000,257,19,chan_random,slope,1.9994339725010025e-06,0.000001999541051532653268883723300664578408995900628100528621445367853988692093991531923174413962657123718,1.0707903165079041633451911786870055936286127139558769292644773869209399153192317E-10,0.000053551804584714111262249242091204177273701526847286199664536167401118745832538908,252833215042.91528,3ec0c5c0736c0f35
paired_scale_imbalanced,12000,257,19,chan_random,intercept,-1999433.9725010025,-1999541.051532653279463113034676003236840967131860451738380170042309292824339964518306957264577007500,107.07903165079453057118744699933059096713186045173838017004230929282433996451831,0.000053551804584716168569409684899194187695745117039463022822807221625383330079573535,459900939027.51141,c13e8249f8f5d361
paired_scale_imbalanced,12000,257,20,chan_random,population_covariance,1.6994547788879174e-09,1.699440827263726099374590366844901192271885974784368594164223825120845706098609500461154513888888898E-9,1.3951624191350092714360739686661156502396173322628265051687574466793901390499539E-14,0.0000082095380830726760326588476274801543211970651748947566076465130043890498263359246,67465914841.932793,3e1d3247fa2bf3c8
paired_scale_imbalanced,12000,257,20,chan_random,correlation,0.90137943052323244,0.9013984019696348606106007051351642195957107979057559203194757416293066960742829213942136016505488119,0.000018971446402421745123271270438465930740399956537170319475741629306696074282921394,0.000021046682977213477005430563222786592069228164815135700049527766186311971702883336,170879597897.25183,3fecd819acec4ce7
paired_scale_imbalanced,12000,257,20,chan_random,slope,1.9994404705224651e-06,0.000001999541051532653268883723300664578408995900628100528621445367853988692093991531923174413962657123718,1.0058101018817979238918619623269165446525340844621635503582273869209399153192317E-10,0.000050302048118033982802971247207755267850063973504047908817789280631369133329042323,237490195662.91528,3ec0c5c405eff4a9
paired_scale_imbalanced,12000,257,20,chan_random,intercept,-1999440.4705224652,-1999541.051532653279463113034676003236840967131860451738380170042309292824339964518306957264577007500,100.58101018809513217278809397198684096713186045173838017004230929282433996451831,0.000050302048117991642712729948564638562067634689730047909725823076403817984391549632,431992149356.51141,c13e825078742908
paired_scale_imbalanced,12000,257,21,chan_random,population_covariance,1.6994363239642085e-09,1.699440827263726099374590366844901192271885974784368594164223825120845706098609500461154513888888898E-9,4.5032995175851579037846622422600444600672714164862280799499987753935986095004612E-15,0.0000026498713255206017686548956386591750138479223503217362357501533811832721720721292,21776620241.067204,3e1d323332e6ef1d
paired_scale_imbalanced,12000,257,21,chan_random,correlation,0.90136938208494455,0.9013984019696348606106007051351642195957107979057559203194757416293066960742829213942136016505488119,0.000029019884690312449269137309181872464935346245599670319475741629306696074282921394,0.000032194293474341031145991428886074068646072454513369944841466261642797773295143110,261387883755.25183,3fecd8049a357545
paired_scale_imbalanced,12000,257,21,chan_random,slope,1.9994176041816451e-06,0.000001999541051532653268883723300664578408995900628100528621445367853988692093991531923174413962657123718,1.2344735100812854708881988242644098124126804937353111333660398869209399153192317E-10,0.000061737842748217567519774078268052086436061486795250450648487046504086431737453817,291481816399.91528,3ec0c5b773c93428
paired_scale_imbalanced,12000,257,21,chan_random,intercept,-1999417.6041816452,-1999541.051532653279463113034676003236840967131860451738380170042309292824339964518306957264577007500,123.44735100807421869107575266339309096713186045173838017004230929282433996451831,0.000061737842748190396759338234163493686873868982993078328433057313683112143016286464,530202335357.51141,c13e82399aaba5f7
paired_scale_imbalanced,12000,257,22,chan_random,population_covariance,1.6994454600192295e-09,1.699440827263726099374590366844901192271885974784368594164223825120845706098609500461154513888888898E-9,4.6327555033678804417396784521490267018182779560415202663787365761689013904995388E-15,0.0000027260469614744348553173081607927186942627099630699449578487781682155394964846135,22402630975.932796,3e1d323d7c30cf2e
paired_scale_imbalanced,12000,257,22,chan_random,correlation,0.90137487549695372,0.9013984019696348606106007051351642195957107979057559203194757416293066960742829213942136016505488119,0.000023526472681140366436417556849676825325055718255920319475741629306696074282921394,0.000026099971588293203687924267348423344334629726730631452722184992390769737593662450,211907627200.25183,3fecd8101f764170
paired_scale_imbalanced,12000,257,22,chan_random,slope,1.9994312264220687e-06,0.000001999541051532653268883723300664578408995900628100528621445367853988692093991531923174413962657123718,1.0982511058452868218197756634515968459434708525171257085613523869209399153192317E-10,0.000054925159201081396847782270513373155621352563711162280305048196303045705156036361,259317210600.91528,3ec0c5bef0f2238f
paired_scale_imbalanced,12000,257,22,chan_random,intercept,-1999431.2264220684,-1999541.051532653279463113034676003236840967131860451738380170042309292824339964518306957264577007500,109.82511058484935230084748117901809096713186045173838017004230929282433996451831,0.000054925159201241768417823033332540634534479244935108554899587447593645257141369707,471695258241.51141,c13e824739f6cbf3
paired_scale_imbalanced,12000,257,23,chan_random,population_covariance,1.6994456547557279e-09,1.699440827263726099374590366844901192271885974784368594164223825120845706098609500461154513888888898E-9,4.8274920018199076845057294066967563474011543570635968731292248574189013904995388E-15,0.0000028406355339789409186558318828257409028713064292585568132000888395561888598545191,23344318899.932796,3e1d323db451d3a2
paired_scale_imbalanced,12000,257,23,chan_random,correlation,0.90137870548461985,0.9013984019696348606106007051351642195957107979057559203194757416293066960742829213942136016505488119,0.000019696485015014066508635173102277972023053765130920319475741629306696074282921394,0.000021851031654788285425244181565823265995882533242956392050208113964977759893761653,177410165148.25183,3fecd81827abc094
paired_scale_imbalanced,12000,257,23,chan_random,slope,1.9994479887147407e-06,0.000001999541051532653268883723300664578408995900628100528621445367853988692093991531923174413962657123718,9.3062817912593113330614603150997081563201676502132187555353988692093991531923174E-11,0.000046542089166541606249512549600635197551463436568824450558078832152856049210370758,219738366055.91528,3ec0c5c828076110
paired_scale_imbalanced,12000,257,23,chan_random,intercept,-1999447.9887147406,-1999541.051532653279463113034676003236840967131860451738380170042309292824339964518306957264577007500,93.062817912667850316251228737611840967131860451738380170042309292824339964518307,0.000046542089166578983073155374811614511093955755653497412019141642437100056230568429,399701759408.51141,c13e8257fd1c68c4
paired_scale_imbalanced,12000,257,24,chan_random,population_covariance,1.6994444657428407e-09,1.699440827263726099374590366844901192271885974784368594164223825120845706098609500461154513888888898E-9,3.6384791145707869091349244582902673151923439712813252495177746621064013904995388E-15,0.0000021409860562365746952296005070494720407912179263469541619380134530253999653742383,17594605382.932796,3e1d323c5d9c2935
paired_scale_imbalanced,12000,257,24,chan_random,correlation,0.90137733470385129,0.9013984019696348606106007051351642195957107979057559203194757416293066960742829213942136016505488119,0.000021067265783575519098073149814638950149579644037170319475741629306696074282921394,0.000023371758522692838991065904744520607224992801898533803260154774529335759252985620,189757060665.25183,3fecd81547bd13f7
paired_scale_imbalanced,12000,257,24,chan_random,slope,1.9994433062634167e-06,0.000001999541051532653268883723300664578408995900628100528621445367853988692093991531923174413962657123718,9.7745269236566390806909832577736378759237881197833786676447738692093991531923174E-11,0.000048883852202806436473334593319593110342258324525314451916258207489185420550918503,230794491650.91528,3ec0c5c595084a75
paired_scale_imbalanced,12000,257,24,chan_random,intercept,-1999443.3062634168,-1999541.051532653279463113034676003236840967131860451738380170042309292824339964518306957264577007500,97.745269236506754816258858132143090967131860451738380170042309292824339964518307,0.000048883852202776611375336936775038018375491978131993270122438384364074530353738139,419812734709.51141,c13e82534e67477f
paired_scale_imbalanced,12000,257,25,chan_random,population_covariance,1.6994490148399408e-09,1.699440827263726099374590366844901192271885974784368594164223825120845706098609500461154513888888898E-9,8.1875762146749846206280052863448921464171720566777640865691662636689013904995388E-15,0.0000048178060002582269589292421893695946390131744477578499634814430672770390885945416,39592689143.932793,3e1d32417ccc47e6
paired_scale_imbalanced,12000,257,25,chan_random,correlation,0.90137643149402691,0.9013984019696348606106007051351642195957107979057559203194757416293066960742829213942136016505488119,0.000021970475607952157535188766212571121971173882318420319475741629306696074282921394,0.000024373768091827913403314435513387510158995561700570779808510656256115623770878788,197892451522.25183,3fecd81362d4dd6e
paired_scale_imbalanced,12000,257,25,chan_random,slope,1.9994339471359135e-06,0.000001999541051532653268883723300664578408995900628100528621445367853988692093991531923174413962657123718,1.0710439673976318305503724393992712054294435252180076665691648869209399153192317E-10,0.000053564490040185667755536722284803166980704142106543964958094554037194123819609892,252893106665.91528,3ec0c5c06fda2f8e
paired_scale_imbalanced,12000,257,25,chan_random,intercept,-1999433.9471359134,-1999541.051532653279463113034676003236840967131860451738380170042309292824339964518306957264577007500,107.10439673986085718938202707745559096713186045173838017004230929282433996451831,0.000053564490040234515748725109220833128153753925736150259675704045796698820101521450,460009881255.51141,c13e8249f2777fcd
paired_scale_imbalanced,12000,257,26,chan_random,population_covariance,1.6994487834466396e-09,1.699440827263726099374590366844901192271885974784368594164223825120845706098609500461154513888888898E-9,7.9561829135217573469869463575401442391242229627063626335509777871064013904995388E-15,0.0000046816475077464316509104365536759884962067361895445462936718429384469598393066185,38473739798.932793,3e1d32413a1a7805
paired_scale_imbalanced,12000,257,26,chan_random,correlation,0.90137388142108688,0.9013984019696348606106007051351642195957107979057559203194757416293066960742829213942136016505488119,0.000024520548547985112239936447020057298461957573724670319475741629306696074282921394,0.000027202786797053949794786857180612458567929781555794993047190883483320198213090425,220861466607.25183,3fecd80e09c58241
paired_scale_imbalanced,12000,257,26,chan_random,slope,1.9994229062411974e-06,0.000001999541051532653268883723300664578408995900628100528621445367853988692093991531923174413962657123718,1.1814529145582015229795497303036341678942454923620201177410398869209399153192317E-10,0.000059086204489405950351124232328687154174585922816776437148314808891177646599799430,278962682239.91528,3ec0c5ba5dfc07f8
paired_scale_imbalanced,12000,257,26,chan_random,intercept,-1999422.9062411974,-1999541.051532653279463113034676003236840967131860451738380170042309292824339964518306957264577007500,118.14529145590760773488373606183059096713186045173838017004230929282433996451831,0.000059086204489449687793656729223318720128605958967286647665515927638085215520945445,507430162979.51141,c13e823ee7ff6c51
paired_scale_imbalanced,12000,257,27,chan_random,population_covariance,1.6994469177893568e-09,1.699440827263726099374590366844901192271885974784368594164223825120845706098609500461154513888888898E-9,6.0905256307043799442983629178407673855420429157642776058562756386689013904995388E-15,0.0000035838409510913953990162124781109356251075837770098773065081297956959759305353500,29451974759.932796,3e1d323f205d4256
paired_scale_imbalanced,12000,257,27,chan_random,correlation,0.90137729796401278,0.9013984019696348606106007051351642195957107979057559203194757416293066960742829213942136016505488119,0.000021104005622080348079131530846837617675824761224670319475741629306696074282921394,0.000023412517235404719996875819392983840549334421819069654815493573498738703151115348,190087983711.25183,3fecd815340397d1
paired_scale_imbalanced,12000,257,27,chan_random,slope,1.9994402583741527e-06,0.000001999541051532653268883723300664578408995900628100528621445367853988692093991531923174413962657123718,1.0079315850060623702434542460173957794448262025346733159832273869209399153192317E-10,0.000050408146621119894651383129409661989713003725836143992086816275182259495069225989,237991116702.91528,3ec0c5c3e81481d9
paired_scale_imbalanced,12000,257,27,chan_random,intercept,-1999440.2583741527,-1999541.051532653279463113034676003236840967131860451738380170042309292824339964518306957264577007500,100.79315850057438975640625803448684096713186045173838017004230929282433996451831,0.000050408146621103967095806221388202533625257648687012386266886270609597234724943241,432903319420.51141,c13e82504224cef8
paired_scale_imbalanced,12000,257,28,chan_random,population_covariance,1.6994474113090088e-09,1.699440827263726099374590366844901192271885974784368594164223825120845706098609500461154513888888898E-9,6.5840452826712707462312734906708828553976703682532662437804699746064013904995388E-15,0.0000038742421489733528546386396185694400722089346736567499708117013374490701412054398,31838489358.932796,3e1d323fae9c94fd
paired_scale_imbalanced,12000,257,28,chan_random,correlation,0.90136315547681456,0.9013984019696348606106007051351642195957107979057559203194757416293066960742829213942136016505488119,0.000035246492820301324631097108374718286315961479974670319475741629306696074282921394,0.000039102013874536093012514151350913518861945038794501609521477006546541392170798708,317472183863.25183,3fecd7f78b52f3f9
paired_scale_imbalanced,12000,257,28,chan_random,slope,1.9993769363556091e-06,0.000001999541051532653268883723300664578408995900628100528621445367853988692093991531923174413962657123718,1.6411517704421750553494957548486496295207081307401634282879148869209399153192317E-10,0.000082076422946367021376188862965487924853207782263674516600684059635773949567917654,387506005701.91528,3ec0c5a1184c5ab2
paired_scale_imbalanced,12000,257,28,chan_random,intercept,-1999376.936355609,-1999541.051532653279463113034676003236840967131860451738380170042309292824339964518306957264577007500,164.11517704429836040803284494854934096713186045173838017004230929282433996451831,0.000082076422946407457657655966799695039669978700181717372804691048107999738669601346,704869318182.51135,c13e8210efb5004e
paired_scale_imbalanced,12000,257,29,chan_random,population_covariance,1.6994463750008826e-09,1.699440827263726099374590366844901192271885974784368594164223825120845706098609500461154513888888898E-9,5.5477371565454155487437907019112776986278762473343068645843029824189013904995388E-15,0.0000032644485571632646578486097680517818958638147665309115885047469421254645272704567,26827210755.932796,3e1d323e83ea89f2
paired_scale_imbalanced,12000,257,29,chan_random,correlation,0.90137705648100841,0.9013984019696348606106007051351642195957107979057559203194757416293066960742829213942136016505488119,0.000021345488626451005362875170556265570442243218255920319475741629306696074282921394,0.000023680415429857911461220549022593311991320023318424341669174887592828266191231849,192263069248.25183,3fecd814b25e6bf0
paired_scale_imbalanced,12000,257,29,chan_random,slope,1.999439825659927e-06,0.000001999541051532653268883723300664578408995900628100528621445367853988692093991531923174413962657123718,1.0122587272628366977060415722269823151416977812280632085613523869209399153192317E-10,0.000050624553393736919042454607321137704216276440658961300501165537271859281376314069,239012834280.91528,3ec0c5c3ab2e558f
paired_scale_imbalanced,12000,257,29,chan_random,intercept,-1999439.8256599267,-1999541.051532653279463113034676003236840967131860451738380170042309292824339964518306957264577007500,101.22587272653155988522858469464309096713186045173838017004230929282433996451831,0.000050624553393860892280642209930875259067502418521235509489775785915771181507223710,434761812869.51141,c13e824fd35e72ef
paired_scale_imbalanced,12000,257,30,chan_random,population_covariance,1.6994474412865952e-09,1.699440827263726099374590366844901192271885974784368594164223825120845706098609500461154513888888898E-9,6.6140228691054429332596338232044437056632008301643783138640881386689013904995388E-15,0.0000038918818254794417270987926025008393825277469374751760253606280613128370072397379,31983452071.932796,3e1d323fb7408996
paired_scale_imbalanced,12000,257,30,chan_random,correlation,0.90137045784149439,0.9013984019696348606106007051351642195957107979057559203194757416293066960742829213942136016505488119,0.000027944128140472625663229868530664302627606987787170319475741629306696074282921394,0.000031000862747717597109469858361033727289082433985122556341713514166812703695900766,251698330161.25183,3fecd806dbc04fff
paired_scale_imbalanced,12000,257,30,chan_random,slope,1.9994092969942207e-06,0.000001999541051532653268883723300664578408995900628100528621445367853988692093991531923174413962657123718,1.3175453843254913533766664647209296150957135428419090337566648869209399153192317E-10,0.000065892389821933862614383002356555452612496893724547067278329661746519314169509339,311096608129.91528,3ec0c5b2e2a73bf6
paired_scale_imbalanced,12000,257,30,chan_random,intercept,-1999409.2969942207,-1999541.051532653279463113034676003236840967131860451738380170042309292824339964518306957264577007500,131.75453843258121079274506418683059096713186045173838017004230929282433996451831,0.000065892389821949903674381525467585768830671925696681700642048650771882261788813273,565881433667.51135,c13e82314c07d031
paired_scale_imbalanced,12000,257,31,chan_random,population_covariance,1.6994444979127953e-09,1.699440827263726099374590366844901192271885974784368594164223825120845706098609500461154513888888898E-9,3.6706490691858660725195545585710816617395752240521961735137463417939013904995388E-15,0.0000021599157854151281417075300567441821415685873053748100098835372218867760654821123,17750169737.932796,3e1d323c66e1e278
paired_scale_imbalanced,12000,257,31,chan_random,correlation,0.90137665221161167,0.9013984019696348606106007051351642195957107979057559203194757416293066960742829213942136016505488119,0.000021749758023187550524150159924659587661786675287170319475741629306696074282921394,0.000024128906791561217059035500262801283343247542118124361075143577797922230677231136,195904404257.25183,3fecd813d9540f0f
paired_scale_imbalanced,12000,257,31,chan_random,slope,1.9994402405949404e-06,0.000001999541051532653268883723300664578408995900628100528621445367853988692093991531923174413962657123718,1.0081093771285174236866516496127729612179001738061882085613523869209399153192317E-10,0.000050417038267646420092411260609291048500109833054612679825546357896797693077967950,238033096680.91528,3ec0c5c3e593f18f
paired_scale_imbalanced,12000,257,31,chan_random,intercept,-1999440.2405949405,-1999541.051532653279463113034676003236840967131860451738380170042309292824339964518306957264577007500,100.81093771278657978841156809308059096713186045173838017004230929282433996451831,0.000050417038267613831057249843820882674457065976235416372883545418902553803055426786,432979680555.51141,c13e82503d97a149
paired_scale_imbalanced,12000,1024,,welford,population_covariance,1.6992376311281656e-09,1.699440827263726099374590366844901192271885974784368594164223825120845706098609500461154513888888898E-9,2.0319613556051161488510137197941650068810276627628224548832097045508109860950046E-13,0.00011956646698177671644933162932195027987051955941872668931336409195298827153778186,982596218900.06726,3e1d31537d9759da
paired_scale_imbalanced,12000,1024,,welford,correlation,0.90129033721777496,0.9013984019696348606106007051351642195957107979057559203194757416293066960742829213942136016505488119,0.00010806475185989892390029725387449906043247759325592031947574162930669607428292139,0.00011988567055784426495752518329837210218609545424017983329820218809805085823703683,973360752416.25183,3fecd75ed551a310
paired_scale_imbalanced,12000,1024,,welford,slope,1.999300696952434e-06,0.000001999541051532653268883723300664578408995900628100528621445367853988692093991531923174413962657123718,2.4035458021930102035432080865809353769416822065343833989910398869209399153192317E-10,0.00012020487403100257793404567825021960716697176256609293137836037998660324678285129,567521206815.91528,3ec0c5772e8e5f58
paired_scale_imbalanced,12000,1024,,welford,intercept,-1999300.696952434,-1999541.051532653279463113034676003236840967131860451738380170042309292824339964518306957264577007500,240.35458021925562089749665110089309096713186045173838017004230929282433996451831,0.00012020487403097987235944216206556940256673920161264960057237594936132862739413356,1032315061485.5114,c13e81c4b26b7987
paired_scale_imbalanced,12000,1024,,chan_left,population_covariance,1.6992146907426012e-09,1.699440827263726099374590366844901192271885974784368594164223825120845706098609500461154513888888898E-9,2.2613652112493818600219571463428501136615950292762460765377202025976859860950046E-13,0.00013306525152102009978147847911903611933472417162307375061165439765279705050805653,1093529116583.0673,3e1d3139a979aa47
paired_scale_imbalanced,12000,1024,,chan_left,correlation,0.90126980159695624,0.9013984019696348606106007051351642195957107979057559203194757416293066960742829213942136016505488119,0.00012860037267861688286888837350289867095188677294342031947574162930669607428292139,0.00014266762887266468141127448319727157647671396520791224501581155438377421964481250,1158329180950.2517,3fecd733c457671a
paired_scale_imbalanced,12000,1024,,chan_left,slope,1.999236581588684e-06,0.000001999541051532653268883723300664578408995900628100528621445367853988692093991531923174413962657123718,3.0446994396930198455107491385354620421547343899240470952801023869209399153192317E-10,0.00015226991400647913834847312501647189670748070024566427490294300945542748474589162,718909329220.91528,3ec0c553ef1ef233
paired_scale_imbalanced,12000,1024,,chan_left,intercept,-1999236.5815886839,-1999541.051532653279463113034676003236840967131860451738380170042309292824339964518306957264577007500,304.46994396939673489400238840558059096713186045173838017004230929282433996451831,0.00015226991400652652358816704596401707956350339112836924357094770588689923297947026,1307688451963.5115,c13e818494e2fef9
paired_scale_imbalanced,12000,1024,,chan_balanced,population_covariance,1.6992151698267425e-09,1.699440827263726099374590366844901192271885974784368594164223825120845706098609500461154513888888898E-9,2.2565743698358481077943925696769532020834930938290523943439640990820609860950046E-13,0.00013278334459394882905667949538593682825182511197211445293862620309954801826834509,1091212407830.0673,3e1d313a338fd5d8
paired_scale_imbalanced,12000,1024,,chan_balanced,correlation,0.901269138916582,0.9013984019696348606106007051351642195957107979057559203194757416293066960742829213942136016505488119,0.00012926305305285843610722311890441522769169390184967031947574162930669607428292139,0.00014340279810836949105287369261237993612357311506919802378340679829219526422383659,1164298075123.2517,3fecd73260914e3d
paired_scale_imbalanced,12000,1024,,chan_balanced,slope,1.9992330779432083e-06,0.000001999541051532653268883723300664578408995900628100528621445367853988692093991531923174413962657123718,3.0797358944493770449002262358198464413997618426313377446941648869209399153192317E-10,0.00015402213883474668845857675522956070916519910187187715359922260280684828497585563,727182078201.91528,3ec0c5520206d07e
paired_scale_imbalanced,12000,1024,,chan_balanced,intercept,-1999233.0779432084,-1999541.051532653279463113034676003236840967131860451738380170042309292824339964518306957264577007500,307.97358944488489097424836008526809096713186045173838017004230929282433996451831,0.00015402213883472027482471111643562279090069107757976423794146013769469768232294076,1322736494697.5115,c13e818113f4160b
paired_scale_imbalanced,12000,1024,0,chan_random,population_covariance,1.6992137562839883e-09,1.699440827263726099374590366844901192271885974784368594164223825120845706098609500461154513888888898E-9,2.2707097973784142690316137020995677577627675111726018247142949096289359860950046E-13,0.00013361511392158853559843852056259140368872407741108624923954628767084035942354198,1098047881161.0673,3e1d31389c22ca25
paired_scale_imbalanced,12000,1024,0,chan_random,correlation,0.90126972498776126,0.9013984019696348606106007051351642195957107979057559203194757416293066960742829213942136016505488119,0.00012867698187360463629506428727637574843601763231842031947574162930669607428292139,0.00014275261814579890884171232672707348367687617292936266713092315807749792089539907,1159019215234.2517,3fecd7339b3650ae
paired_scale_imbalanced,12000,1024,0,chan_random,slope,1.9992373411646239e-06,0.000001999541051532653268883723300664578408995900628100528621445367853988692093991531923174413962657123718,3.0371036802935496744885873811006746097244223524560905523113523869209399153192317E-10,0.00015189003886494863552394657500947347274508478517426976029259302037832089927986949,717115831240.91528,3ec0c5545a058daf
paired_scale_imbalanced,12000,1024,0,chan_random,intercept,-1999237.3411646239,-1999541.051532653279463113034676003236840967131860451738380170042309292824339964518306957264577007500,303.71036802942664390870423166729934096713186045173838017004230929282433996451831,0.00015189003886498448117607091460956074895149748371021329040850669858478817766316855,1304426098142.5115,c13e818557569096
paired_scale_imbalanced,12000,1024,1,chan_random,population_covariance,1.6992164313741011e-09,1.699440827263726099374590366844901192271885974784368594164223825120845706098609500461154513888888898E-9,2.2439588962496675798051906949241083790479906076653021034732975951758109860950046E-13,0.00013204101374112986192787529364086602185805471795387594148497144162701266786681256,1085111939132.0673,3e1d313b9f2d99b2
paired_scale_imbalanced,12000,1024,1,chan_random,correlation,0.90126703701037514,0.9013984019696348606106007051351642195957107979057559203194757416293066960742829213942136016505488119,0.00013136495925972233772331181565988407305912554247467031947574162930669607428292139,0.00014573462630139829110193584676746704866301718028837968930463831375943685765245972,1183230363143.2517,3fecd72df81d8429
paired_scale_imbalanced,12000,1024,1,chan_random,slope,1.9992222685992696e-06,0.000001999541051532653268883723300664578408995900628100528621445367853988692093991531923174413962657123718,3.1878293338365315503317304391919748001508315969934440679363523869209399153192317E-10,0.00015942805132172966942747290080694302512109703205811878173898572360075619360148569,752704919960.91528,3ec0c54c10bf27df
paired_scale_imbalanced,12000,1024,1,chan_random,intercept,-1999222.2685992694,-1999541.051532653279463113034676003236840967131860451738380170042309292824339964518306957264577007500,318.78293338383347755738587229229934096713186045173838017004230929282433996451831,0.00015942805132181985054049537290269164780661060150501716665205658874557251097846842,1369162273406.5115,c13e817644c2ebf6
paired_scale_imbalanced,12000,1024,2,chan_random,population_covariance,1.6992150088463014e-09,1.699440827263726099374590366844901192271885974784368594164223825120845706098609500461154513888888898E-9,2.2581841742472721037303815155578766084897751773096712884441533080664359860950046E-13,0.00013287807012870110083895997707448890571557238703503204546439131449152031978026671,1091990861477.0673,3e1d313a05299349
paired_scale_imbalanced,12000,1024,2,chan_random,correlation,0.90127049100658896,0.9013984019696348606106007051351642195957107979057559203194757416293066960742829213942136016505488119,0.00012791096304590208371014030884708807639317095263092031947574162930669607428292139,0.00014190280653527382469259232139299611534708442760344435862659959195478986078932441,1152119531020.2517,3fecd73536772424
paired_scale_imbalanced,12000,1024,2,chan_random,slope,1.9992392658776103e-06,0.000001999541051532653268883723300664578408995900628100528621445367853988692093991531923174413962657123718,3.0178565504298023005429058075413337052576145102014518804363523869209399153192317E-10,0.00015092746148505466434154942798894577866012750753715559163033823397671142324912410,712571231192.91528,3ec0c55568e6a59f
paired_scale_imbalanced,12000,1024,2,chan_random,intercept,-1999239.2658776103,-1999541.051532653279463113034676003236840967131860451738380170042309292824339964518306957264577007500,301.78565504297413891621918528058059096713186045173838017004230929282433996451831,0.00015092746148505161727493023455338307251444782663905663718072092051039600628613957,1296159518811.5115,c13e818744108e19
paired_scale_imbalanced,12000,1024,3,chan_random,population_covariance,1.6992108045632974e-09,1.699440827263726099374590366844901192271885974784368594164223825120845706098609500461154513888888898E-9,2.3002270042872509670407826698902063402340417872037830409542241088476859860950046E-13,0.00013535199151304680521233574747577739881966559083274339836283711768649765523481551,1112321526583.0671,3e1d3135495c3eb7
paired_scale_imbalanced,12000,1024,3,chan_random,correlation,0.90126300509822443,0.9013984019696348606106007051351642195957107979057559203194757416293066960742829213942136016505488119,0.00013539687141042609136224799325447127989964067919342031947574162930669607428292139,0.00015020757870723090701356404810110176293123885999917868300306214131815927754155226,1219546599262.2517,3fecd725837fbad2
paired_scale_imbalanced,12000,1024,3,chan_random,slope,1.9992110013976721e-06,0.000001999541051532653268883723300664578408995900628100528621445367853988692093991531923174413962657123718,3.3005013498120200280151609385462194028785353471269584722332273869209399153192317E-10,0.00016506294518345484344745970470548996652311734962277494433859354360211160435594840,779308847550.91528,3ec0c545df076fb9
paired_scale_imbalanced,12000,1024,3,chan_random,intercept,-1999211.0013976719,-1999541.051532653279463113034676003236840967131860451738380170042309292824339964518306957264577007500,330.05013498140298789807648508526809096713186045173838017004230929282433996451831,0.00016506294518355535818815037932012689566587691229963203248627967360967533370630856,1417554535785.5115,c13e816b005b990b
paired_scale_imbalanced,12000,1024,4,chan_random,population_covariance,1.6992140364377994e-09,1.699440827263726099374590366844901192271885974784368594164223825120845706098609500461154513888888898E-9,2.2679082592670191206890293329843298277592084252828823980823674193945609860950046E-13,0.00013345026333859378009288210211353290955420120268805042983201954430903057872276680,1096693140458.0673,3e1d3138ece27e04
paired_scale_imbalanced,12000,1024,4,chan_random,correlation,0.90126907336525397,0.9013984019696348606106007051351642195957107979057559203194757416293066960742829213942136016505488119,0.00012932860438089075666216247949506685904697954638092031947574162930669607428292139,0.00014347551992359468463269914667788971736073025106623564040552552768003302957359241,1164888508996.2517,3fecd7323d5fffec
paired_scale_imbalanced,12000,1024,4,chan_random,slope,1.999234120629575e-06,0.000001999541051532653268883723300664578408995900628100528621445367853988692093991531923174413962657123718,3.0693090307829047637007274852385904511446034480562187261394773869209399153192317E-10,0.00015350067598913618879665506853597090938072120879183168102465460992325716385520315,724720104626.91528,3ec0c55294c58cc5
paired_scale_imbalanced,12000,1024,4,chan_random,intercept,-1999234.1206295751,-1999541.051532653279463113034676003236840967131860451738380170042309292824339964518306957264577007500,306.93090307817594176598877756573684096713186045173838017004230929282433996451831,0.00015350067598907890753806842718015627194142296870426105325577932827806726722487172,1318258190852.5115,c13e81821ee19470
paired_scale_imbalanced,12000,1024,5,chan_random,population_covariance,1.6992094302385313e-09,1.699440827263726099374590366844901192271885974784368594164223825120845706098609500461154513888888898E-9,2.3139702519480514011759888146838791069580992973497229275242009154883109860950046E-13,0.00013616068384527283931075540499231231816541552136640058881094717670605192322355073,1118967353360.0671,3e1d3133bd3cf9de
paired_scale_imbalanced,12000,1024,5,chan_random,correlation,0.90126726638908561,0.9013984019696348606106007051351642195957107979057559203194757416293066960742829213942136016505488119,0.00013113558054925220824674996432605729273991167528717031947574162930669607428292139,0.00014548015645768776665301795301000028786727339831068895654600055432087269092641692,1181164303393.2517,3fecd72e7343160f
paired_scale_imbalanced,12000,1024,5,chan_random,slope,1.9992315234932548e-06,0.000001999541051532653268883723300664578408995900628100528621445367853988692093991531923174413962657123718,3.0952803939849981772330783703586717808046279419889427251629148869209399153192317E-10,0.00015479954220557051996518715603637712033521920892007239438810780641452365904297920,730852419381.91528,3ec0c5512741da42
paired_scale_imbalanced,12000,1024,5,chan_random,intercept,-1999231.5234932548,-1999541.051532653279463113034676003236840967131860451738380170042309292824339964518306957264577007500,309.52803939848938053914398996808059096713186045173838017004230929282433996451831,0.00015479954220556529935626765757262397154804055731390435847660801486453075038889750,1329412806411.5115,c13e817f8603a769
paired_scale_imbalanced,12000,1024,6,chan_random,population_covariance,1.6992106204966451e-09,1.699440827263726099374590366844901192271885974784368594164223825120845706098609500461154513888888898E-9,2.3020676708102882028383219871210039688446585989877673444286503783789359860950046E-13,0.00013546030164032560535402725242277513933891269884145156203852461454304658690585065,1113211618297.0671,3e1d3135144e85f5
paired_scale_imbalanced,12000,1024,6,chan_random,correlation,0.90126803611912676,0.9013984019696348606106007051351642195957107979057559203194757416293066960742829213942136016505488119,0.00013036585050810198987751080889012262992100298388092031947574162930669607428292139,0.00014462622767384669208698038210543786825356816699752127063702970384238490777813403,1174231191540.2517,3fecd7301081fa3c
paired_scale_imbalanced,12000,1024,6,chan_random,slope,1.999233537975925e-06,0.000001999541051532653268883723300664578408995900628100528621445367853988692093991531923174413962657123718,3.0751355672831553557343281569649803702030232120981193609051023869209399153192317E-10,0.00015379206968149296922296207015251624610926356247363636233889379012278388302645908,726095856660.91528,3ec0c55242c53d63
paired_scale_imbalanced,12000,1024,6,chan_random,intercept,-1999233.537975925,-1999541.051532653279463113034676003236840967131860451738380170042309292824339964518306957264577007500,307.51355672825858956643433420636184096713186045173838017004230929282433996451831,0.00015379206968146448887044263868337814554917420680951917476964856947078306672647969,1320760669224.5115,c13e818189b8ca4c
paired_scale_imbalanced,12000,1024,7,chan_random,population_covariance,1.6992146660363528e-09,1.699440827263726099374590366844901192271885974784368594164223825120845706098609500461154513888888898E-9,2.2616122737325830300267886887883504389617400795541795548931279174414359860950046E-13,0.00013307978939013784752461158693324630700210557490986771180065139210585443918498341,1093648588669.0673,3e1d3139a25aaa71
paired_scale_imbalanced,12000,1024,7,chan_random,correlation,0.90126747595067391,0.9013984019696348606106007051351642195957107979057559203194757416293066960742829213942136016505488119,0.00013092601896094755625558408095258817843632280809967031947574162930669607428292139,0.00014524767147896277504830595655684681843179612035792511368053677697190936866830965,1179276740411.2517,3fecd72ee3c502f5
paired_scale_imbalanced,12000,1024,7,chan_random,slope,1.9992262929672311e-06,0.000001999541051532653268883723300664578408995900628100528621445367853988692093991531923174413962657123718,3.1475856542217899774980943762250859423782577682962394780926023869209399153192317E-10,0.00015741540549063284394783203087633272391470284541069808725420066827913517879986535,743202649772.91528,3ec0c54e47204acb
paired_scale_imbalanced,12000,1024,7,chan_random,intercept,-1999226.292967231,-1999541.051532653279463113034676003236840967131860451738380170042309292824339964518306957264577007500,314.75856542226658231088013498761184096713186045173838017004230929282433996451831,0.00015741540549067664544700337323557366157965812603864013022917144759079563155947454,1351877744624.5115,c13e817a4affe684
paired_scale_imbalanced,12000,1024,8,chan_random,population_covariance,1.699213635344829e-09,1.699440827263726099374590366844901192271885974784368594164223825120845706098609500461154513888888898E-9,2.2719191889711639914556093884721231159528515183920132574573674193945609860950046E-13,0.00013368627801117304716003930673098826113903398059020040911272925276393629901400241,1098632707050.0673,3e1d313879470e04
paired_scale_imbalanced,12000,1024,8,chan_random,correlation,0.90126800089251691,0.9013984019696348606106007051351642195957107979057559203194757416293066960742829213942136016505488119,0.00013040107711795332528840534390639112166599810106842031947574162930669607428292139,0.00014466530762980663406966496006223215464099691711714531905678877901796476570723699,1174548484634.2517,3fecd72ffd987816
paired_scale_imbalanced,12000,1024,8,chan_random,slope,1.9992298345319416e-06,0.000001999541051532653268883723300664578408995900628100528621445367853988692093991531923174413962657123718,3.1121700071163222845726931188273198119257477988233543462566648869209399153192317E-10,0.00015564421669316747008501756674622846060900733370838019662114381475275349055984615,734840366529.91528,3ec0c550398e9bb6
paired_scale_imbalanced,12000,1024,8,chan_random,intercept,-1999229.8345319417,-1999541.051532653279463113034676003236840967131860451738380170042309292824339964518306957264577007500,311.21700071159550017186493723370559096713186045173838017004230929282433996451831,0.00015564421669314910090375117098753025047370241557676877877119541107238155278791644,1336666840015.5115,c13e817dd5a3e2a5
paired_scale_imbalanced,12000,1024,9,chan_random,population_covariance,1.6992134263720329e-09,1.699440827263726099374590366844901192271885974784368594164223825120845706098609500461154513888888898E-9,2.2740089169317309352477464964587737174849707719259055909649052611914359860950046E-13,0.00013380924363180790150658991188569963133265866355015417903091959907077712926165530,1099643237485.0671,3e1d31383d0b9581
paired_scale_imbalanced,12000,1024,9,chan_random,correlation,0.90127042355355969,0.9013984019696348606106007051351642195957107979057559203194757416293066960742829213942136016505488119,0.00012797841607517532930064279238450870684818804247467031947574162930669607428292139,0.00014197763807383197476639456557796272045422103386168009815721802552528676002375066,1152727093895.2517,3fecd735124077a9
paired_scale_imbalanced,12000,1024,9,chan_random,slope,1.999240828510346e-06,0.000001999541051532653268883723300664578408995900628100528621445367853988692093991531923174413962657123718,3.0022302230730237591847658963309328088778903652658439702801023869209399153192317E-10,0.00015014596578408863906534425292430744516750640058702662418973788685058154161745612,708881568964.91528,3ec0c55644d26cb3
paired_scale_imbalanced,12000,1024,9,chan_random,intercept,-1999240.8285103459,-1999541.051532653279463113034676003236840967131860451738380170042309292824339964518306957264577007500,300.22302230738834506341309397198684096713186045173838017004230929282433996451831,0.00015014596578413163270951971057231820956872677993351247702293756629582699451680048,1289448062316.5115,c13e8188d4194108
paired_scale_imbalanced,12000,1024,10,chan_random,population_covariance,1.6992141146419032e-09,1.699440827263726099374590366844901192271885974784368594164223825120845706098609500461154513888888898E-9,2.2671262182292974052242041578259710778763719338312836942211308471289359860950046E-13,0.00013340424578828101741295164128478875729147833594133334906952626754662851641504087,1096314968617.0673,3e1d3139036cefc5
paired_scale_imbalanced,12000,1024,10,chan_random,correlation,0.90126713746210929,0.9013984019696348606106007051351642195957107979057559203194757416293066960742829213942136016505488119,0.00013126450752556937567664734555165813140110552294342031947574162930669607428292139,0.00014562318641651113558387824187120137426600777643793456292412218559928042725077666,1182325574358.2517,3fecd72e2e0b7f5a
paired_scale_imbalanced,12000,1024,10,chan_random,slope,1.9992254400185418e-06,0.000001999541051532653268883723300664578408995900628100528621445367853988692093991531923174413962657123718,3.1561151411148790964014548888719133162065310348501182622722898869209399153192317E-10,0.00015784197772262334224971024841857029753464112635946695265395375468321941778012228,745216617923.91528,3ec0c54dcf1593b4
paired_scale_imbalanced,12000,1024,10,chan_random,intercept,-1999225.4400185416,-1999541.051532653279463113034676003236840967131860451738380170042309292824339964518306957264577007500,315.61151411163420444794983713604934096713186045173838017004230929282433996451831,0.00015784197772269650560778204968186085371027831282715875370105638385952253977535423,1355541131350.5115,c13e817970a50e1e
paired_scale_imbalanced,12000,1024,11,chan_random,population_covariance,1.6992134344425475e-09,1.699440827263726099374590366844901192271885974784368594164223825120845706098609500461154513888888898E-9,2.2739282117855449588337501865421195692317696432437839564815678588476859860950046E-13,0.00013380449470822720114348897005326552861713016414107849568800076236711723143629720,1099604210871.0671,3e1d31383f5f1537
paired_scale_imbalanced,12000,1024,11,chan_random,correlation,0.9012689149300297,0.9013984019696348606106007051351642195957107979057559203194757416293066960742829213942136016505488119,0.00012948703960516414662510813681166217498020708544342031947574162930669607428292139,0.00014365128595993022178305112624953273760485343229528537039240896318931999386649254,1166315566630.2517,3fecd731e850d40a
paired_scale_imbalanced,12000,1024,11,chan_random,slope,1.9992341260198377e-06,0.000001999541051532653268883723300664578408995900628100528621445367853988692093991531923174413962657123718,3.0692551281557106712625931977902979257758608032693840093426023869209399153192317E-10,0.00015349798023917132681304253412792771117921436915508570799464164094836041588025028,724707377228.91528,3ec0c5529587c12b
paired_scale_imbalanced,12000,1024,11,chan_random,intercept,-1999234.1260198378,-1999541.051532653279463113034676003236840967131860451738380170042309292824339964518306957264577007500,306.92551281547904974290222971417434096713186045173838017004230929282433996451831,0.00015349798023912530674898757831867427844096653553718259389330063836010659129552414,1318235039850.5115,c13e81822042d60a
paired_scale_imbalanced,12000,1024,12,chan_random,population_covariance,1.6992151147600168e-09,1.699440827263726099374590366844901192271885974784368594164223825120845706098609500461154513888888898E-9,2.2571250370928450764713385282781630760450725267728882488742985717383109860950046E-13,0.00013281574744364872707527324348095274477245284479325858178462145137776859406946262,1091478694176.0673,3e1d313a23b0a0ce
paired_scale_imbalanced,12000,1024,12,chan_random,correlation,0.90126974384023817,0.9013984019696348606106007051351642195957107979057559203194757416293066960742829213942136016505488119,0.00012865812939669172459748241120706842116550981981842031947574162930669607428292139,0.00014273170344607044540545873295474709484099094121621002496201662727995063067765849,1158849407218.2517,3fecd733a555613e
paired_scale_imbalanced,12000,1024,12,chan_random,slope,1.9992358264677985e-06,0.000001999541051532653268883723300664578408995900628100528621445367853988692093991531923174413962657123718,3.0522506485475962293522772584800037281364103723993278569988523869209399153192317E-10,0.00015264756110948751935532594690205162923575231532212987792450537491608600507730223,720692308000.91528,3ec0c55384d8d957
paired_scale_imbalanced,12000,1024,12,chan_random,intercept,-1999235.8264677986,-1999541.051532653279463113034676003236840967131860451738380170042309292824339964518306957264577007500,305.22506485472233063050598947979934096713186045173838017004230929282433996451831,0.00015264756110946886811552709835730624475503667556723066321480031381005926868615081,1310931671470.5115,c13e8183d39364c6
paired_scale_imbalanced,12000,1024,13,chan_random,population_covariance,1.6992146711061933e-09,1.699440827263726099374590366844901192271885974784368594164223825120845706098609500461154513888888898E-9,2.2615615753282594813032489384780541687757676902547570523754277221289359860950046E-13,0.00013307680614979724806105906642522166576382240536646957668952610020061557454503415,1093624072425.0673,3e1d3139a3d0c105
paired_scale_imbalanced,12000,1024,13,chan_random,correlation,0.90127023084800129,0.9013984019696348606106007051351642195957107979057559203194757416293066960742829213942136016505488119,0.00012817112163357478232587398846391186885075151903717031947574162930669607428292139,0.00014219142318591823364569428024748359137109037075179668618441563550800094233178397,1154462831257.2517,3fecd734aacb3797
paired_scale_imbalanced,12000,1024,13,chan_random,slope,1.9992385090600209e-06,0.000001999541051532653268883723300664578408995900628100528621445367853988692093991531923174413962657123718,3.0254247263241649126263993542187932677459804285993553228191648869209399153192317E-10,0.00015130595713477196252532608458991670850049893631089703868428300994133403928516715,714358216201.91528,3ec0c554fe636b6e
paired_scale_imbalanced,12000,1024,13,chan_random,intercept,-1999238.5090600208,-1999541.051532653279463113034676003236840967131860451738380170042309292824339964518306957264577007500,302.54247263248809641667694895245559096713186045173838017004230929282433996451831,0.00015130595713480777251945320672089800361166189588359022682607661541759093327452358,1299410025607.5115,c13e81868251c1ed
paired_scale_imbalanced,12000,1024,14,chan_random,population_covariance,1.6992128622709674e-09,1.699440827263726099374590366844901192271885974784368594164223825120845706098609500461154513888888898E-9,2.2796499275871025617150774851277981671626066292956563291088261596289359860950046E-13,0.00013414117696922537615597562922233349625039759619656967618503548770432126780617388,1102371062857.0671,3e1d31379a7445a5
paired_scale_imbalanced,12000,1024,14,chan_random,correlation,0.9012676359167493,0.9013984019696348606106007051351642195957107979057559203194757416293066960742829213942136016505488119,0.00013076605288556162514982732712979958228306353075592031947574162930669607428292139,0.00014507020713574185170427355238363378041218710568798679050041916415509143853910386,1177835894096.2517,3fecd72f39a694e0
paired_scale_imbalanced,12000,1024,14,chan_random,slope,1.9992291248925242e-06,0.000001999541051532653268883723300664578408995900628100528621445367853988692093991531923174413962657123718,3.1192664012910572929454383673777925638840435017576194829754148869209399153192317E-10,0.00015599911784257351025133811651440354386680939726007058766529059697702074248195364,736515955229.91528,3ec0c54fd5af275a
paired_scale_imbalanced,12000,1024,14,chan_random,intercept,-1999229.1248925242,-1999541.051532653279463113034676003236840967131860451738380170042309292824339964518306957264577007500,311.92664012906872695752472727276809096713186045173838017004230929282433996451831,0.00015599911784255500401093549430590812973627462085271085686587861713215562419307136,1339714718105.5115,c13e817d1ff8f4db
paired_scale_imbalanced,12000,1024,15,chan_random,population_covariance,1.6992139042781498e-09,1.699440827263726099374590366844901192271885974784368594164223825120845706098609500461154513888888898E-9,2.2692298557633279717420145096546589204888250299118551072612919799414359860950046E-13,0.00013352802988833807197605729402079946107394684167950177985004741267218954907039175,1097332225309.0673,3e1d3138c6cad4d1
paired_scale_imbalanced,12000,1024,15,chan_random,correlation,0.90126945696796279,0.9013984019696348606106007051351642195957107979057559203194757416293066960742829213942136016505488119,0.00012894500167207077106827144629079446963505327684967031947574162930669607428292139,0.00014304995592438880640434387840717439009916103394368430208088087666326508254490342,1161433322963.2517,3fecd7330b51f45d
paired_scale_imbalanced,12000,1024,15,chan_random,slope,1.9992359779726808e-06,0.000001999541051532653268883723300664578408995900628100528621445367853988692093991531923174413962657123718,3.0507355997249448481325878658146308213597996105184532232097898869209399153192317E-10,0.00015257179128113165276941286364034006504105810271483887275602867043789377390687402,720334577211.91528,3ec0c5539a2b633c
paired_scale_imbalanced,12000,1024,15,chan_random,intercept,-1999235.9779726805,-1999541.051532653279463113034676003236840967131860451738380170042309292824339964518306957264577007500,305.07355997280948823758454172589309096713186045173838017004230929282433996451831,0.00015257179128128918982521267484195727770135707900231719441161692197655316702970163,1310280962957.5115,c13e8183fa5c6ae7
paired_scale_imbalanced,12000,1024,16,chan_random,population_covariance,1.699214557767714e-09,1.699440827263726099374590366844901192271885974784368594164223825120845706098609500461154513888888898E-9,2.2626949601214114494141727699789344232283355870604606923595585815039359860950046E-13,0.00013314349778006582491900501184813486577991182001380146074208073735755109546867058,1094172143681.0673,3e1d31398325d9ad
paired_scale_imbalanced,12000,1024,16,chan_random,correlation,0.90127021874526247,0.9013984019696348606106007051351642195957107979057559203194757416293066960742829213942136016505488119,0.00012818322437238591954059901066813216380314409716217031947574162930669607428292139,0.00014220484981146437580102645719558605543834604721387382943621336910772364176437429,1154571843037.2517,3fecd734a44bd453
paired_scale_imbalanced,12000,1024,16,chan_random,slope,1.9992385887165599e-06,0.000001999541051532653268883723300664578408995900628100528621445367853988692093991531923174413962657123718,3.0246281609339849154270557564053120574224641491403556890301023869209399153192317E-10,0.00015126611972360356326616446462218580569343821961269650968413271978860581835222979,714170132516.91528,3ec0c55509995953
paired_scale_imbalanced,12000,1024,16,chan_random,intercept,-1999238.5887165598,-1999541.051532653279463113034676003236840967131860451738380170042309292824339964518306957264577007500,302.46281609346889919110627024151809096713186045173838017004230929282433996451831,0.00015126611972363877437025432268196177436241985733308407153933836874424074734063972,1299067903377.5115,c13e818696b620e3
paired_scale_imbalanced,12000,1024,17,chan_random,population_covariance,1.6992163528513779e-09,1.699440827263726099374590366844901192271885974784368594164223825120845706098609500461154513888888898E-9,2.2447441234816433214321084462026443741888187707955109533802189818945609860950046E-13,0.00013208721877630252151056414936975142161216507273468262966344292379386840078799531,1085491651722.0673,3e1d313b888ba564
paired_scale_imbalanced,12000,1024,17,chan_random,correlation,0.90126772082692352,0.9013984019696348606106007051351642195957107979057559203194757416293066960742829213942136016505488119,0.00013068114271133655273974598852675006560520708544342031947574162930669607428292139,0.00014497600886110597903737160041779593980927753412682222851041844776471098118376066,1177071091238.2517,3fecd72f673c8c0a
paired_scale_imbalanced,12000,1024,17,chan_random,slope,1.9992253947187776e-06,0.000001999541051532653268883723300664578408995900628100528621445367853988692093991531923174413962657123718,3.1565681387565826808902363976819202422755671609868980474285398869209399153192317E-10,0.00015786463280346583661368846075782632431498491231531826162425785730455379858646194,745323578967.91528,3ec0c54dc8b57b20
paired_scale_imbalanced,12000,1024,17,chan_random,intercept,-1999225.3947187774,-1999541.051532653279463113034676003236840967131860451738380170042309292824339964518306957264577007500,315.65681387589112883874268381573684096713186045173838017004230929282433996451831,0.00015786463280358229287720407166708167941511238852541799684284232314631827229932233,1355735692356.5115,c13e8179650c4a30
paired_scale_imbalanced,12000,1024,18,chan_random,population_covariance,1.6992153152105065e-09,1.699440827263726099374590366844901192271885974784368594164223825120845706098609500461154513888888898E-9,2.2551205321962812180649606039271247095211919861467647013202824584570609860950046E-13,0.00013269779659391003292354195274796840415856781965962082578851467313023187900704158,1090509375086.0673,3e1d313a5d774380
paired_scale_imbalanced,12000,1024,18,chan_random,correlation,0.90126756414802389,0.9013984019696348606106007051351642195957107979057559203194757416293066960742829213942136016505488119,0.00013083782161096866497377648951243207625584185106842031947574162930669607428292139,0.00014514982645307170145878639884117970307149857952553806371305683319471999198051546,1178482329306.2517,3fecd72f131ec356
paired_scale_imbalanced,12000,1024,18,chan_random,slope,1.9992259204612356e-06,0.000001999541051532653268883723300664578408995900628100528621445367853988692093991531923174413962657123718,3.1513107141771770908523914224111336795156722833147026128582273869209399153192317E-10,0.00015760170123847617256992683066089796674055798148092198912788893870172880901315433,744082204686.91528,3ec0c54e12b35969
paired_scale_imbalanced,12000,1024,18,chan_random,intercept,-1999225.9204612353,-1999541.051532653279463113034676003236840967131860451738380170042309292824339964518306957264577007500,315.13107141794436639615387766339309096713186045173838017004230929282433996451831,0.00015760170123858952640350338221628535283307771504545213520859801795975018995507943,1353477645693.5115,c13e8179eba358f7
paired_scale_imbalanced,12000,1024,19,chan_random,population_covariance,1.6992162366290474e-09,1.699440827263726099374590366844901192271885974784368594164223825120845706098609500461154513888888898E-9,2.2459063467874106570611210472322081745699024088535549697414555541601859860950046E-13,0.00013215560734783276032816423404687141305730759961347264326827755501819130044935011,1086053668427.0673,3e1d313b670bf3a3
paired_scale_imbalanced,12000,1024,19,chan_random,correlation,0.90126809375400396,0.9013984019696348606106007051351642195957107979057559203194757416293066960742829213942136016505488119,0.00013030821563089787412440872170719847850040972216217031947574162930669607428292139,0.00014456228826916372562878406430293831953842717799773692153725213780602078196692922,1173712062717.2517,3fecd7302f734133
paired_scale_imbalanced,12000,1024,19,chan_random,slope,1.9992271859427617e-06,0.000001999541051532653268883723300664578408995900628100528621445367853988692093991531923174413962657123718,3.1386558989152143704255554291740423638382827807893730230144773869209399153192317E-10,0.00015696881524434953173154310338646963025009087079693303877999214982314552261543088,741094170914.91528,3ec0c54ec4cd2055
paired_scale_imbalanced,12000,1024,19,chan_random,intercept,-1999227.1859427618,-1999541.051532653279463113034676003236840967131860451738380170042309292824339964518306957264577007500,313.86558989144661492177338449933059096713186045173838017004230929282433996451831,0.00015696881524431211125379943397985844151367558473629540601747069529004368647041925,1348042443923.5115,c13e817b2f99f1e1
paired_scale_imbalanced,12000,1024,20,chan_random,population_covariance,1.6992141481200642e-09,1.699440827263726099374590366844901192271885974784368594164223825120845706098609500461154513888888898E-9,2.2667914366190998373821879851512027183912295788614171204105534545508109860950046E-13,0.00013338454627272114937419029862822605930119306795099489214703525112925426978219341,1096153078164.0673,3e1d31390d13305a
paired_scale_imbalanced,12000,1024,20,chan_random,correlation,0.9012694271293864,0.9013984019696348606106007051351642195957107979057559203194757416293066960742829213942136016505488119,0.00012897484024845826860787072686235950164036333544342031947574162930669607428292139,0.00014308305846408967299499869577574176228546202195679450504124985910829875637418992,1161702084966.2517,3fecd732fb4cf8ca
paired_scale_imbalanced,12000,1024,20,chan_random,slope,1.9992355586983146e-06,0.000001999541051532653268883723300664578408995900628100528621445367853988692093991531923174413962657123718,3.0549283433867981131122487704579412808651005794038749761394773869209399153192317E-10,0.00015278147658159795309206417883345457024814394530075848672401790771540917908346996,721324560818.91528,3ec0c5535f296fc5
paired_scale_imbalanced,12000,1024,20,chan_random,intercept,-1999235.5586983147,-1999541.051532653279463113034676003236840967131860451738380170042309292824339964518306957264577007500,305.49283433857173687287659494854934096713186045173838017004230929282433996451831,0.00015278147658154390266154152143559212404264945642637695237673172403537904020447963,1312081732646.5115,c13e81838f06da4e
paired_scale_imbalanced,12000,1024,21,chan_random,population_covariance,1.6992138652644787e-09,1.699440827263726099374590366844901192271885974784368594164223825120845706098609500461154513888888898E-9,2.2696199924738255168321688887220964272228202082770037111774601928320609860950046E-13,0.00013355098665766117369167096394945678623208979203439505708261329815368120164628625,1097520883846.0673,3e1d3138bb8c2168
paired_scale_imbalanced,12000,1024,21,chan_random,correlation,0.90126564660196884,0.9013984019696348606106007051351642195957107979057559203194757416293066960742829213942136016505488119,0.00013275536766602111976357863053436920813755571825592031947574162930669607428292139,0.00014727712782265750042763444194358357100226572942135488712883551130425012909775014,1195754048704.2517,3fecd72b0da53d70
paired_scale_imbalanced,12000,1024,21,chan_random,slope,1.9992191192636592e-06,0.000001999541051532653268883723300664578408995900628100528621445367853988692093991531923174413962657123718,3.2193226899408263702018068220758692392972199191083885259441648869209399153192317E-10,0.00016100308055557085927610017077007236167581633290705054310864182317906944780454112,760141078425.91528,3ec0c54a558461de
paired_scale_imbalanced,12000,1024,21,chan_random,intercept,-1999219.1192636592,-1999541.051532653279463113034676003236840967131860451738380170042309292824339964518306957264577007500,321.93226899404809838601441233136184096713186045173838017004230929282433996451831,0.00016100308055555358514339150135120743896616490322449006509449459647813320881378743,1382688566856.5115,c13e81731e88102c
paired_scale_imbalanced,12000,1024,22,chan_random,population_covariance,1.6992134025430607e-09,1.699440827263726099374590366844901192271885974784368594164223825120845706098609500461154513888888898E-9,2.2742472066537519521425914383819997734758516946895139870182194701758109860950046E-13,0.00013382326528635439653040527716693429427369197448046922328301688179763682396057189,1099758467324.0671,3e1d3138362d50f2
paired_scale_imbalanced,12000,1024,22,chan_random,correlation,0.90126939557267216,0.9013984019696348606106007051351642195957107979057559203194757416293066960742829213942136016505488119,0.00012900639696269997807935086196977243594364702684967031947574162930669607428292139,0.00014311806708422118784220413722273280550936887806244741906347796837497688555101766,1161986322579.2517,3fecd732ea5bd99d
paired_scale_imbalanced,12000,1024,22,chan_random,slope,1.999236295917312e-06,0.000001999541051532653268883723300664578408995900628100528621445367853988692093991531923174413962657123718,3.0475561534124942911170991267602545109819522072305656499676023869209399153192317E-10,0.00015241278247708566914819813253943960817334170125907185250160925253191152260486660,719583851676.91528,3ec0c553c6ea8cdb
paired_scale_imbalanced,12000,1024,22,chan_random,intercept,-1999236.2959173119,-1999541.051532653279463113034676003236840967131860451738380170042309292824339964518306957264577007500,304.75561534136333531209320871808059096713186045173838017004230929282433996451831,0.00015241278247714263451425638956634767155214476005056025940800472017465735951638096,1308915401163.5115,c13e81844bc13ca9
paired_scale_imbalanced,12000,1024,23,chan_random,population_covariance,1.6992125729566599e-09,1.699440827263726099374590366844901192271885974784368594164223825120845706098609500461154513888888898E-9,2.2825430706615179405960418819530242597647856803232895788685002318945609860950046E-13,0.00013431141785246187199426608683163334219328299506583463954272181394943846307396034,1103770101002.0671,3e1d31374710a4e4
paired_scale_imbalanced,12000,1024,23,chan_random,correlation,0.90126196388257018,0.9013984019696348606106007051351642195957107979057559203194757416293066960742829213942136016505488119,0.00013643808706467772845275847824979171923832476122467031947574162930669607428292139,0.00015136269020063547620872666823983668502579116904740314779526939006768449523747134,1228925036127.2517,3fecd723548023d1
paired_scale_imbalanced,12000,1024,23,chan_random,slope,1.9992043014823227e-06,0.000001999541051532653268883723300664578408995900628100528621445367853988692093991531923174413962657123718,3.3675005033058708906561068475674033822268148828973747319988523869209399153192317E-10,0.00016841367176356160555567367861468737883803649922895806395795854760813726762342686,795128575392.91528,3ec0c54230198bd7
paired_scale_imbalanced,12000,1024,23,chan_random,intercept,-1999204.3014823224,-1999541.051532653279463113034676003236840967131860451738380170042309292824339964518306957264577007500,336.75005033088647788831086008526809096713186045173838017004230929282433996451831,0.00016841367176371133343485716638598204725092515661769771409431618284260072546839231,1446330453097.5115,c13e81644d2df20b
paired_scale_imbalanced,12000,1024,24,chan_random,population_covariance,1.6992148086199326e-09,1.699440827263726099374590366844901192271885974784368594164223825120845706098609500461154513888888898E-9,2.2601864379351893772731606211962772025924523097783418950573124877539359860950046E-13,0.00013299588909925867672609054520978544546850542417026012999259274838403904810714973,1092959096785.0673,3e1d3139cb737a1d
paired_scale_imbalanced,12000,1024,24,chan_random,correlation,0.90126989403998958,0.9013984019696348606106007051351642195957107979057559203194757416293066960742829213942136016505488119,0.00012850792964527755396279333975854859523014605028717031947574162930669607428292139,0.00014256507373928821575495406234084039717983822632527192074782422124220373524137070,1157496528129.2517,3fecd733f5f8ad2f
paired_scale_imbalanced,12000,1024,24,chan_random,slope,1.9992368530208002e-06,0.000001999541051532653268883723300664578408995900628100528621445367853988692093991531923174413962657123718,3.0419851185308446343084770647727196762114664484491325444988523869209399153192317E-10,0.00015213416679788371205440850123413594076512706474342698036298183683291520237581503,718268428256.91528,3ec0c55415525197
paired_scale_imbalanced,12000,1024,24,chan_random,intercept,-1999236.8530208003,-1999541.051532653279463113034676003236840967131860451738380170042309292824339964518306957264577007500,304.19851185300187236138672678448684096713186045173838017004230929282433996451831,0.00015213416679784240623631373663346221026455483315796170686710669231017900529565077,1306522659900.5115,c13e8184da5f9238
paired_scale_imbalanced,12000,1024,25,chan_random,population_covariance,1.6992167726087198e-09,1.699440827263726099374590366844901192271885974784368594164223825120845706098609500461154513888888898E-9,2.2405465500634350625230495474774692834284878392791467365757145873633109860950046E-13,0.00013184022144924837615944393049676051980677747715137507197963348080120055736943156,1083461829768.0673,3e1d313c01884566
paired_scale_imbalanced,12000,1024,25,chan_random,correlation,0.90126467865017135,0.9013984019696348606106007051351642195957107979057559203194757416293066960742829213942136016505488119,0.00013372331946351365866480280996057734660343706591217031947574162930669607428292139,0.00014835096131889787428733707359092502950146577561722377099041145325032116635824905,1204472583413.2517,3fecd72905faf53b
paired_scale_imbalanced,12000,1024,25,chan_random,slope,1.9992114043384571e-06,0.000001999541051532653268883723300664578408995900628100528621445367853988692093991531923174413962657123718,3.2964719419613110273348105584381670256969420184125877446941648869209399153192317E-10,0.00016486142854804391005450034461784806701343118357592916424048811988821191016146854,778357430521.91528,3ec0c54617bce87e
paired_scale_imbalanced,12000,1024,25,chan_random,intercept,-1999211.4043384572,-1999541.051532653279463113034676003236840967131860451738380170042309292824339964518306957264577007500,329.64719419612349039384217112042434096713186045173838017004230929282433996451831,0.00016486142854804010213879571168493902866270384340852140969975115373382458282501582,1415823918290.5115,c13e816b6782b9a2
paired_scale_imbalanced,12000,1024,26,chan_random,population_covariance,1.6992137972809088e-09,1.699440827263726099374590366844901192271885974784368594164223825120845706098609500461154513888888898E-9,2.2702998281731424433616311910142580512183457960927950796619572631445609860950046E-13,0.00013359099015106973983038962140406988858861944895868249139018825954956447893426249,1097849632218.0673,3e1d3138a7f3d414
paired_scale_imbalanced,12000,1024,26,chan_random,correlation,0.90126630641461147,0.9013984019696348606106007051351642195957107979057559203194757416293066960742829213942136016505488119,0.00013209555502338730287096639980319485835270464403717031947574162930669607428292139,0.00014654514001217096286163041918601061450563446861775662514095786646961326878362548,1189810984761.2517,3fecd72c6fe132f7
paired_scale_imbalanced,12000,1024,26,chan_random,slope,1.9992221264904497e-06,0.000001999541051532653268883723300664578408995900628100528621445367853988692093991531923174413962657123718,3.1892504220354978408623197795271295023392787147989250249676023869209399153192317E-10,0.00015949912204057672799798640623009520838506640361903803620880528877934542314963345,753040464924.91528,3ec0c54bfcbf255b
paired_scale_imbalanced,12000,1024,26,chan_random,intercept,-1999222.1264904498,-1999541.051532653279463113034676003236840967131860451738380170042309292824339964518306957264577007500,318.92504220351376599141449778058059096713186045173838017004230929282433996451831,0.00015949912204055871397312142773027419318809433732596276966821571851830737316735388,1369772626139.5115,c13e81762061ad99
paired_scale_imbalanced,12000,1024,27,chan_random,population_covariance,1.6992142274192693e-09,1.699440827263726099374590366844901192271885974784368594164223825120845706098609500461154513888888898E-9,2.2659984445682678053547137252208474802227983366320001539722599975195609860950046E-13,0.00013333788433321079698964616311446540655936607014788613844628730415986600057408153,1095769610738.0673,3e1d313923ee6ffc
paired_scale_imbalanced,12000,1024,27,chan_random,correlation,0.90126885614783148,0.9013984019696348606106007051351642195957107979057559203194757416293066960742829213942136016505488119,0.00012954582180338423308189393022786424330906450731842031947574162930669607428292139,0.00014371649818805448091079548611754168476242115886099973226565396822064265291711977,1166845029602.2517,3fecd731c8c1dd4e
paired_scale_imbalanced,12000,1024,27,chan_random,slope,1.9992329322456941e-06,0.000001999541051532653268883723300664578408995900628100528621445367853988692093991531923174413962657123718,3.0811928695920218398580786635057535010399198104372001714519773869209399153192317E-10,0.00015409500431262862640774799926678707811648266786645389178708585951231291845608609,727526096730.91528,3ec0c551ed85821d
paired_scale_imbalanced,12000,1024,27,chan_random,intercept,-1999232.9322456939,-1999541.051532653279463113034676003236840967131860451738380170042309292824339964518306957264577007500,308.11928695941143697568268625714309096713186045173838017004230929282433996451831,0.00015409500431273327610197824351310621186563377788344911629482046412566492128930062,1323362260757.5115,c13e8180eea7a75f
paired_scale_imbalanced,12000,1024,28,chan_random,population_covariance,1.6992154190313086e-09,1.699440827263726099374590366844901192271885974784368594164223825120845706098609500461154513888888898E-9,2.2540823241754614666249508478097139321005188014678748902813115111914359860950046E-13,0.00013263670543944533921865915758503886675767694752992594368935914191771617539132071,1090007328493.0673,3e1d313a7b63e301
paired_scale_imbalanced,12000,1024,28,chan_random,correlation,0.90126529400258104,0.9013984019696348606106007051351642195957107979057559203194757416293066960742829213942136016505488119,0.00013310796705381953325190496283340797595219194872467031947574162930669607428292139,0.00014766829712917940326859790366656265611280213640104542571755102546333731025240155,1198929981647.2517,3fecd72a50585961
paired_scale_imbalanced,12000,1024,28,chan_random,slope,1.9992157268777336e-06,0.000001999541051532653268883723300664578408995900628100528621445367853988692093991531923174413962657123718,3.2532465491968006247996830827509626021035848130216575689129148869209399153192317E-10,0.00016269966284028922155987714667020216803344105641484150265997619253572433940884602,768151123221.91528,3ec0c5487814cc62
paired_scale_imbalanced,12000,1024,28,chan_random,intercept,-1999215.7268777338,-1999541.051532653279463113034676003236840967131860451738380170042309292824339964518306957264577007500,325.32465491944723790952057688214309096713186045173838017004230929282433996451831,0.00016269966284017278169407273508763241742054816996362712651515567372304854088131830,1397258753461.5115,c13e816fba14a8bf
paired_scale_imbalanced,12000,1024,29,chan_random,population_covariance,1.6992134096648908e-09,1.699440827263726099374590366844901192271885974784368594164223825120845706098609500461154513888888898E-9,2.2741759883530894305535477536029585412290971055481674727932133666601859860950046E-13,0.00013381907459612735341811390511705872699634783244771117320055950121086505508967565,1099724028267.0671,3e1d3138383ad083
paired_scale_imbalanced,12000,1024,29,chan_random,correlation,0.90126808040142914,0.9013984019696348606106007051351642195957107979057559203194757416293066960742829213942136016505488119,0.00013032156820572147376328447020370111636356890184967031947574162930669607428292139,0.00014457710144699322154027708367835603657642913763578564883119893571373861259324716,1173832332019.2517,3fecd7302848173d
paired_scale_imbalanced,12000,1024,29,chan_random,slope,1.9992304527983245e-06,0.000001999541051532653268883723300664578408995900628100528621445367853988692093991531923174413962657123718,3.1059873432875171240854922428645209935619397033681846685222898869209399153192317E-10,0.00015533501254734280031698779410767177776796272193261576890857088419834001257846603,733380526307.91528,3ec0c55090920094
paired_scale_imbalanced,12000,1024,29,chan_random,intercept,-1999230.4527983246,-1999541.051532653279463113034676003236840967131860451738380170042309292824339964518306957264577007500,310.59873432864234811135620920636184096713186045173838017004230929282433996451831,0.00015533501254728810479550359007714695590693979326511509244237023005656426160111617,1334011406120.5115,c13e817e73ea974c
paired_scale_imbalanced,12000,1024,30,chan_random,population_covariance,1.699215734228219e-09,1.699440827263726099374590366844901192271885974784368594164223825120845706098609500461154513888888898E-9,2.2509303550714227449315685051437683707786136130889969524875798217383109860950046E-13,0.00013245123448608983375023457193938798695036396299315815613837930478523235990273464,1088483129760.0673,3e1d313ad63d504e
paired_scale_imbalanced,12000,1024,30,chan_random,correlation,0.90126528584168253,0.9013984019696348606106007051351642195957107979057559203194757416293066960742829213942136016505488119,0.00013311612795233205469362163452189014128880083544342031947574162930669607428292139,0.00014767735072689456357955801570623102206091387424748728892343421042077683570402529,1199003488486.2517,3fecd72a4bf6b94a
paired_scale_imbalanced,12000,1024,30,chan_random,slope,1.999215319826639e-06,0.000001999541051532653268883723300664578408995900628100528621445367853988692093991531923174413962657123718,3.2573170601428970992406580821046332845706393887033439702801023869209399153192317E-10,0.00016290323510218284047380351566742121747794304035325547265636590706989649377672698,769112245444.91528,3ec0c5483ecb3cb3
paired_scale_imbalanced,12000,1024,30,chan_random,intercept,-1999215.319826639,-1999541.051532653279463113034676003236840967131860451738380170042309292824339964518306957264577007500,325.73170601425492233105988352276809096713186045173838017004230929282433996451831,0.00016290323510216544182305009819402525806371164657436166919647428138329656738881276,1399007024601.5115,c13e816f51e0289b
paired_scale_imbalanced,12000,1024,31,chan_random,population_covariance,1.6992130574949945e-09,1.699440827263726099374590366844901192271885974784368594164223825120845706098609500461154513888888898E-9,2.2776976873158571874997251579814870272355137478880676087871708861914359860950046E-13,0.00013402630152078809922358793698131483966796456493286391557547766949538862621517218,1101427017389.0671,3e1d3137d2b94341
paired_scale_imbalanced,12000,1024,31,chan_random,correlation,0.90126986550141619,0.9013984019696348606106007051351642195957107979057559203194757416293066960742829213942136016505488119,0.00012853646821867090915606839583944127730564653856842031947574162930669607428292139,0.00014259673407209000006929290341670221296375199823764901365244881664352229332244924,1157753580746.2517,3fecd733e6a65d66
paired_scale_imbalanced,12000,1024,31,chan_random,slope,1.9992387867242362e-06,0.000001999541051532653268883723300664578408995900628100528621445367853988692093991531923174413962657123718,3.0226480841707943800339281116243369967103837002744651861004148869209399153192317E-10,0.00015116709316139956142531979494478932487869794337313439193790944413950620213828761,713702600109.91528,3ec0c555257753ca
paired_scale_imbalanced,12000,1024,31,chan_random,intercept,-1999238.7867242361,-1999541.051532653279463113034676003236840967131860451738380170042309292824339964518306957264577007500,302.26480841718413895436615793683059096713186045173838017004230929282433996451831,0.00015116709316145192311683770648959834246176361695283957053899928175597022379161364,1298217466883.5115,c13e8186c966c271
