dataset,n,method,construction,capacity,seed,partition_size,merge_seed,q,value,oracle_value,value_error,target_index,tie_lower_index,tie_upper_index,rank_error,retained,retained_fraction
normal,20000,exact_median,exact,,,,,,-0.0056825734998276886,-0.0056825734998276886,0,,,,,20000,1
normal,20000,kll,sequential,32,11,,,0.01,-2.4141009886980584,-2.3706471596639775,0.043453829034080904,199,172,172,0.0013500675033751687,35,0.00175
normal,20000,kll,sequential,32,11,,,0.10000000000000001,-1.5884400767152476,-1.2913587514538585,0.29708132526138908,1999,1160,1160,0.041952097604880244,35,0.00175
normal,20000,kll,sequential,32,11,,,0.25,-0.7312797308883171,-0.68207070925987068,0.049209021628446425,4999,4682,4682,0.015850792539626981,35,0.00175
normal,20000,kll,sequential,32,11,,,0.5,-0.14756369924987653,-0.0057934692610270306,0.1417702299888495,9999,8872,8872,0.056352817640882041,35,0.00175
normal,20000,kll,sequential,32,11,,,0.75,0.55022998980717264,0.66396027043969696,0.11373028063252433,14999,14223,14223,0.038801940097004849,35,0.00175
normal,20000,kll,sequential,32,11,,,0.90000000000000002,1.1257565815285067,1.2605493334517524,0.13479275192324569,17999,17473,17473,0.026301315065753287,35,0.00175
normal,20000,kll,sequential,32,11,,,0.98999999999999999,1.7890334913111976,2.3085331684105435,0.51949967709934586,19799,19263,19263,0.026801340067003351,35,0.00175
normal,20000,kll,balanced_merge,32,11,257,20260823,0.01,-2.0090590713384149,-2.3706471596639775,0.36158808832556266,199,461,461,0.013100655032751637,68,0.0033999999999999998
normal,20000,kll,balanced_merge,32,11,257,20260823,0.10000000000000001,-1.3582493363478076,-1.2913587514538585,0.066890584893949168,1999,1797,1797,0.010100505025251262,68,0.0033999999999999998
normal,20000,kll,balanced_merge,32,11,257,20260823,0.25,-0.69507093356573946,-0.68207070925987068,0.013000224305868779,4999,4913,4913,0.0043002150107505372,68,0.0033999999999999998
normal,20000,kll,balanced_merge,32,11,257,20260823,0.5,-0.020198183408656194,-0.0057934692610270306,0.014404714147629163,9999,9881,9881,0.0059002950147507378,68,0.0033999999999999998
normal,20000,kll,balanced_merge,32,11,257,20260823,0.75,0.65886945040376266,0.66396027043969696,0.005090820035934307,14999,14965,14965,0.0017000850042502124,68,0.0033999999999999998
normal,20000,kll,balanced_merge,32,11,257,20260823,0.90000000000000002,1.3512077869820209,1.2605493334517524,0.090658453530268579,17999,18262,18262,0.013150657532876643,68,0.0033999999999999998
normal,20000,kll,balanced_merge,32,11,257,20260823,0.98999999999999999,2.0986853645122183,2.3085331684105435,0.20984780389832514,19799,19639,19639,0.0080004000200010004,68,0.0033999999999999998
normal,20000,kll,sequential,32,29,,,0.01,-1.8641633592501243,-2.3706471596639775,0.50648380041385321,199,640,640,0.022051102555127756,35,0.00175
normal,20000,kll,sequential,32,29,,,0.10000000000000001,-1.4219737962311312,-1.2913587514538585,0.1306150447772727,1999,1611,1611,0.019400970048502424,35,0.00175
normal,20000,kll,sequential,32,29,,,0.25,-0.70695388127754544,-0.68207070925987068,0.02488317201767476,4999,4839,4839,0.0080004000200010004,35,0.00175
normal,20000,kll,sequential,32,29,,,0.5,-0.02787887731786165,-0.0057934692610270306,0.022085408056834621,9999,9819,9819,0.0090004500225011243,35,0.00175
normal,20000,kll,sequential,32,29,,,0.75,0.72142346956385717,0.66396027043969696,0.057463199124160202,14999,15378,15378,0.018950947547377368,35,0.00175
normal,20000,kll,sequential,32,29,,,0.90000000000000002,1.6073201455979078,1.2605493334517524,0.34677081214615546,17999,18938,18938,0.046952347617380867,35,0.00175
normal,20000,kll,sequential,32,29,,,0.98999999999999999,2.8292155879369041,2.3085331684105435,0.52068241952636063,19799,19949,19949,0.0075003750187509375,35,0.00175
normal,20000,kll,balanced_merge,32,29,257,20260841,0.01,-3.6839396368886823,-2.3706471596639775,1.3132924772247048,199,1,1,0.009900495024751238,68,0.0033999999999999998
normal,20000,kll,balanced_merge,32,29,257,20260841,0.10000000000000001,-1.2836662845007989,-1.2913587514538585,0.0076924669530595846,1999,2019,2019,0.001000050002500125,68,0.0033999999999999998
normal,20000,kll,balanced_merge,32,29,257,20260841,0.25,-0.74610014933375735,-0.68207070925987068,0.064029440073886668,4999,4584,4584,0.020751037551877592,68,0.0033999999999999998
normal,20000,kll,balanced_merge,32,29,257,20260841,0.5,-0.058790675596847822,-0.0057934692610270306,0.052997206335820793,9999,9574,9574,0.021251062553127656,68,0.0033999999999999998
normal,20000,kll,balanced_merge,32,29,257,20260841,0.75,0.60453016707792573,0.66396027043969696,0.059430103361771236,14999,14612,14612,0.01935096754837742,68,0.0033999999999999998
normal,20000,kll,balanced_merge,32,29,257,20260841,0.90000000000000002,1.2029043769625769,1.2605493334517524,0.057644956489175447,17999,17791,17791,0.0104005200260013,68,0.0033999999999999998
normal,20000,kll,balanced_merge,32,29,257,20260841,0.98999999999999999,2.1760129804534749,2.3085331684105435,0.13252018795706855,19799,19707,19707,0.0046002300115005751,68,0.0033999999999999998
normal,20000,kll,sequential,32,47,,,0.01,-1.8076745319766319,-2.3706471596639775,0.56297262768734568,199,743,743,0.027201360068003399,35,0.00175
normal,20000,kll,sequential,32,47,,,0.10000000000000001,-1.50042922028058,-1.2913587514538585,0.20907046882672153,1999,1384,1384,0.030751537576878842,35,0.00175
normal,20000,kll,sequential,32,47,,,0.25,-0.61188496743408993,-0.68207070925987068,0.070185741825780745,4999,5458,5458,0.022951147557377868,35,0.00175
normal,20000,kll,sequential,32,47,,,0.5,-0.062571528981764518,-0.0057934692610270306,0.056778059720737489,9999,9532,9532,0.023351167558377919,35,0.00175
normal,20000,kll,sequential,32,47,,,0.75,0.67547604368080438,0.66396027043969696,0.011515773241107419,14999,15069,15069,0.0035001750087504373,35,0.00175
normal,20000,kll,sequential,32,47,,,0.90000000000000002,1.2864511978154543,1.2605493334517524,0.025901864363701899,17999,18081,18081,0.0041002050102505122,35,0.00175
normal,20000,kll,sequential,32,47,,,0.98999999999999999,2.1311069247686927,2.3085331684105435,0.17742624364185078,19799,19669,19669,0.0065003250162508127,35,0.00175
normal,20000,kll,balanced_merge,32,47,257,20260859,0.01,-2.12039334085665,-2.3706471596639775,0.25025381880732755,199,367,367,0.0084004200210010503,68,0.0033999999999999998
normal,20000,kll,balanced_merge,32,47,257,20260859,0.10000000000000001,-1.4238604611911063,-1.2913587514538585,0.13250170973724784,1999,1604,1604,0.019750987549377468,68,0.0033999999999999998
normal,20000,kll,balanced_merge,32,47,257,20260859,0.25,-0.71673654293134492,-0.68207070925987068,0.034665833671474244,4999,4760,4760,0.011950597529876494,68,0.0033999999999999998
normal,20000,kll,balanced_merge,32,47,257,20260859,0.5,-0.02063875364699214,-0.0057934692610270306,0.014845284385965109,9999,9876,9876,0.0061503075153757688,68,0.0033999999999999998
normal,20000,kll,balanced_merge,32,47,257,20260859,0.75,0.62430953082247498,0.66396027043969696,0.039650739617221986,14999,14733,14733,0.013300665033251663,68,0.0033999999999999998
normal,20000,kll,balanced_merge,32,47,257,20260859,0.90000000000000002,1.2757031095315667,1.2605493334517524,0.015153776079814385,17999,18049,18049,0.0025001250062503125,68,0.0033999999999999998
normal,20000,kll,balanced_merge,32,47,257,20260859,0.98999999999999999,2.0348854176210502,2.3085331684105435,0.27364775078949322,19799,19576,19576,0.011150557527876394,68,0.0033999999999999998
normal,20000,kll,sequential,32,83,,,0.01,-1.5995120882592657,-2.3706471596639775,0.77113507140471182,199,1139,1139,0.047002350117505878,35,0.00175
normal,20000,kll,sequential,32,83,,,0.10000000000000001,-1.2074537016652656,-1.2913587514538585,0.083905049788592923,1999,2295,2295,0.014800740037001849,35,0.00175
normal,20000,kll,sequential,32,83,,,0.25,-0.63317027804837356,-0.68207070925987068,0.04890043121149712,4999,5307,5307,0.015400770038501925,35,0.00175
normal,20000,kll,sequential,32,83,,,0.5,-0.030489672229096664,-0.0057934692610270306,0.024696202968069632,9999,9795,9795,0.010200510025501276,35,0.00175
normal,20000,kll,sequential,32,83,,,0.75,0.71842661198674418,0.66396027043969696,0.054466341547047215,14999,15354,15354,0.01775088754437722,35,0.00175
normal,20000,kll,sequential,32,83,,,0.90000000000000002,1.5191388475082723,1.2605493334517524,0.25858951405651998,17999,18709,18709,0.035501775088754441,35,0.00175
normal,20000,kll,sequential,32,83,,,0.98999999999999999,2.8192913367570638,2.3085331684105435,0.51075816834652032,19799,19946,19946,0.0073503675183759186,35,0.00175
normal,20000,kll,balanced_merge,32,83,257,20260895,0.01,-2.5633956774352851,-2.3706471596639775,0.19274851777130753,199,113,113,0.0043002150107505372,68,0.0033999999999999998
normal,20000,kll,balanced_merge,32,83,257,20260895,0.10000000000000001,-1.5435441542687296,-1.2913587514538585,0.25218540281487112,1999,1277,1277,0.036101805090254513,68,0.0033999999999999998
normal,20000,kll,balanced_merge,32,83,257,20260895,0.25,-0.72574166488323943,-0.68207070925987068,0.043670955623368757,4999,4711,4711,0.014400720036001799,68,0.0033999999999999998
normal,20000,kll,balanced_merge,32,83,257,20260895,0.5,-0.036199334591946533,-0.0057934692610270306,0.030405865330919504,9999,9753,9753,0.012300615030751538,68,0.0033999999999999998
normal,20000,kll,balanced_merge,32,83,257,20260895,0.75,0.65486108514480579,0.66396027043969696,0.0090991852948911767,14999,14937,14937,0.0031001550077503874,68,0.0033999999999999998
normal,20000,kll,balanced_merge,32,83,257,20260895,0.90000000000000002,1.2678210755793362,1.2605493334517524,0.0072717421275838579,17999,18021,18021,0.0011000550027501375,68,0.0033999999999999998
normal,20000,kll,balanced_merge,32,83,257,20260895,0.98999999999999999,1.8604582872815469,2.3085331684105435,0.44807488112899652,19799,19370,19370,0.02145107255362768,68,0.0033999999999999998
normal,20000,kll,sequential,32,101,,,0.01,-2.5036337161876854,-2.3706471596639775,0.13298655652370783,199,136,136,0.0031501575078753939,35,0.00175
normal,20000,kll,sequential,32,101,,,0.10000000000000001,-1.5335596612009061,-1.2913587514538585,0.24220090974704767,1999,1298,1298,0.035051752587629381,35,0.00175
normal,20000,kll,sequential,32,101,,,0.25,-0.78579802932421872,-0.68207070925987068,0.10372732006434804,4999,4318,4318,0.034051702585129254,35,0.00175
normal,20000,kll,sequential,32,101,,,0.5,-0.11396027983795341,-0.0057934692610270306,0.10816681057692638,9999,9131,9131,0.043402170108505424,35,0.00175
normal,20000,kll,sequential,32,101,,,0.75,0.5885200640750341,0.66396027043969696,0.075440206364662865,14999,14487,14487,0.025601280064003199,35,0.00175
normal,20000,kll,sequential,32,101,,,0.90000000000000002,1.154845913120309,1.2605493334517524,0.10570342033144331,17999,17590,17590,0.020451022551127556,35,0.00175
normal,20000,kll,sequential,32,101,,,0.98999999999999999,1.8467280404856958,2.3085331684105435,0.46180512792484762,19799,19351,19351,0.0224011200560028,35,0.00175
normal,20000,kll,balanced_merge,32,101,257,20260913,0.01,-2.5283764945459342,-2.3706471596639775,0.15772933488195662,199,122,122,0.0038501925096254812,68,0.0033999999999999998
normal,20000,kll,balanced_merge,32,101,257,20260913,0.10000000000000001,-1.2922428250824494,-1.2913587514538585,0.00088407362859088678,1999,1996,1996,0.00015000750037501875,68,0.0033999999999999998
normal,20000,kll,balanced_merge,32,101,257,20260913,0.25,-0.74222921705975753,-0.68207070925987068,0.060158507799886851,4999,4621,4621,0.018900945047252364,68,0.0033999999999999998
normal,20000,kll,balanced_merge,32,101,257,20260913,0.5,-0.051789547343255984,-0.0057934692610270306,0.045996078082228956,9999,9620,9620,0.018950947547377368,68,0.0033999999999999998
normal,20000,kll,balanced_merge,32,101,257,20260913,0.75,0.60764892940862791,0.66396027043969696,0.056311341031069051,14999,14633,14633,0.018300915045752288,68,0.0033999999999999998
normal,20000,kll,balanced_merge,32,101,257,20260913,0.90000000000000002,1.2679690687394074,1.2605493334517524,0.0074197352876550493,17999,18022,18022,0.0011500575028751438,68,0.0033999999999999998
normal,20000,kll,balanced_merge,32,101,257,20260913,0.98999999999999999,2.1760129804534749,2.3085331684105435,0.13252018795706855,19799,19707,19707,0.0046002300115005751,68,0.0033999999999999998
normal,20000,kll,sequential,64,11,,,0.01,-2.2845569779376564,-2.3706471596639775,0.086090181726321102,199,252,252,0.0026501325066253315,125,0.0062500000000000003
normal,20000,kll,sequential,64,11,,,0.10000000000000001,-1.2907967894912431,-1.2913587514538585,0.00056196196261537601,1999,2004,2004,0.00025001250062503126,125,0.0062500000000000003
normal,20000,kll,sequential,64,11,,,0.25,-0.71876526154614107,-0.68207070925987068,0.036694552286270388,4999,4745,4745,0.012700635031751588,125,0.0062500000000000003
normal,20000,kll,sequential,64,11,,,0.5,-0.036515414987580076,-0.0057934692610270306,0.030721945726553047,9999,9751,9751,0.01240062003100155,125,0.0062500000000000003
normal,20000,kll,sequential,64,11,,,0.75,0.62937192461868952,0.66396027043969696,0.034588345821007449,14999,14770,14770,0.011450572528626432,125,0.0062500000000000003
normal,20000,kll,sequential,64,11,,,0.90000000000000002,1.2351617454333139,1.2605493334517524,0.025387588018438434,17999,17902,17902,0.0048502425121256061,125,0.0062500000000000003
normal,20000,kll,sequential,64,11,,,0.98999999999999999,2.1573662738226074,2.3085331684105435,0.15116689458793608,19799,19686,19686,0.0056502825141257059,125,0.0062500000000000003
normal,20000,kll,balanced_merge,64,11,257,20260823,0.01,-2.1077013312473825,-2.3706471596639775,0.26294582841659508,199,378,378,0.0089504475223761183,105,0.0052500000000000003
normal,20000,kll,balanced_merge,64,11,257,20260823,0.10000000000000001,-1.3006345569869493,-1.2913587514538585,0.0092758055330908196,1999,1972,1972,0.0013500675033751687,105,0.0052500000000000003
normal,20000,kll,balanced_merge,64,11,257,20260823,0.25,-0.66592811313407929,-0.68207070925987068,0.016142596125791386,4999,5095,5095,0.0048002400120006001,105,0.0052500000000000003
normal,20000,kll,balanced_merge,64,11,257,20260823,0.5,0.020818909175790979,-0.0057934692610270306,0.026612378436818011,9999,10190,10190,0.0095504775238761941,105,0.0052500000000000003
normal,20000,kll,balanced_merge,64,11,257,20260823,0.75,0.68004579316977321,0.66396027043969696,0.01608552273007624,14999,15110,15110,0.0055502775138756939,105,0.0052500000000000003
normal,20000,kll,balanced_merge,64,11,257,20260823,0.90000000000000002,1.3158654228369859,1.2605493334517524,0.05531608938523358,17999,18157,18157,0.0079003950197509883,105,0.0052500000000000003
normal,20000,kll,balanced_merge,64,11,257,20260823,0.98999999999999999,2.2581733984066918,2.3085331684105435,0.050359770003851612,19799,19759,19759,0.0020001000050002501,105,0.0052500000000000003
normal,20000,kll,sequential,64,29,,,0.01,-2.0539636604944538,-2.3706471596639775,0.31668349916952376,199,423,423,0.0112005600280014,125,0.0062500000000000003
normal,20000,kll,sequential,64,29,,,0.10000000000000001,-1.4033017019389751,-1.2913587514538585,0.1119429504851166,1999,1674,1674,0.016250812540627033,125,0.0062500000000000003
normal,20000,kll,sequential,64,29,,,0.25,-0.68299330351432508,-0.68207070925987068,0.0009225942544544008,4999,4990,4990,0.00045002250112505623,125,0.0062500000000000003
normal,20000,kll,sequential,64,29,,,0.5,0.00072879671347663919,-0.0057934692610270306,0.0065222659745036698,9999,10048,10048,0.0024501225061253061,125,0.0062500000000000003
normal,20000,kll,sequential,64,29,,,0.75,0.68407424144901896,0.66396027043969696,0.020113971009321996,14999,15136,15136,0.0068503425171258566,125,0.0062500000000000003
normal,20000,kll,sequential,64,29,,,0.90000000000000002,1.2861084647180017,1.2605493334517524,0.025559131266249313,17999,18079,18079,0.0040002000100005002,125,0.0062500000000000003
normal,20000,kll,sequential,64,29,,,0.98999999999999999,2.186767405157799,2.3085331684105435,0.12176576325274446,19799,19714,19714,0.0042502125106255312,125,0.0062500000000000003
normal,20000,kll,balanced_merge,64,29,257,20260841,0.01,-3.2504530900046085,-2.3706471596639775,0.87980593034063093,199,13,13,0.0093004650232511622,105,0.0052500000000000003
normal,20000,kll,balanced_merge,64,29,257,20260841,0.10000000000000001,-1.2385613342682955,-1.2913587514538585,0.052797417185562967,1999,2180,2180,0.0090504525226261321,105,0.0052500000000000003
normal,20000,kll,balanced_merge,64,29,257,20260841,0.25,-0.6721811909729698,-0.68207070925987068,0.009889518286900878,4999,5058,5058,0.0029501475073753689,105,0.0052500000000000003
normal,20000,kll,balanced_merge,64,29,257,20260841,0.5,0.021148803500576019,-0.0057934692610270306,0.026942272761603048,9999,10192,10192,0.0096504825241262061,105,0.0052500000000000003
normal,20000,kll,balanced_merge,64,29,257,20260841,0.75,0.67492314575111489,0.66396027043969696,0.01096287531141793,14999,15064,15064,0.0032501625081254064,105,0.0052500000000000003
normal,20000,kll,balanced_merge,64,29,257,20260841,0.90000000000000002,1.2249225059950732,1.2605493334517524,0.035626827456679111,17999,17867,17867,0.0066003300165008248,105,0.0052500000000000003
normal,20000,kll,balanced_merge,64,29,257,20260841,0.98999999999999999,2.2558191694899121,2.3085331684105435,0.052713998920631333,19799,19756,19756,0.0021501075053752686,105,0.0052500000000000003
normal,20000,kll,sequential,64,47,,,0.01,-2.6438279355803065,-2.3706471596639775,0.27318077591632894,199,89,89,0.0055002750137506879,125,0.0062500000000000003
normal,20000,kll,sequential,64,47,,,0.10000000000000001,-1.210321393367263,-1.2913587514538585,0.081037358086595512,1999,2281,2281,0.014100705035251763,125,0.0062500000000000003
normal,20000,kll,sequential,64,47,,,0.25,-0.63245273665922752,-0.68207070925987068,0.049617972600643157,4999,5312,5312,0.015650782539126957,125,0.0062500000000000003
normal,20000,kll,sequential,64,47,,,0.5,-0.0047113163793028783,-0.0057934692610270306,0.0010821528817241523,9999,10013,10013,0.00070003500175008749,125,0.0062500000000000003
normal,20000,kll,sequential,64,47,,,0.75,0.69054939282872307,0.66396027043969696,0.02658912238902611,14999,15177,15177,0.0089004450222511123,125,0.0062500000000000003
normal,20000,kll,sequential,64,47,,,0.90000000000000002,1.3521571801591559,1.2605493334517524,0.091607846707403517,17999,18264,18264,0.013250662533126656,125,0.0062500000000000003
normal,20000,kll,sequential,64,47,,,0.98999999999999999,2.2591951721712995,2.3085331684105435,0.049337996239243953,19799,19761,19761,0.0019000950047502376,125,0.0062500000000000003
normal,20000,kll,balanced_merge,64,47,257,20260859,0.01,-2.3139683166153877,-2.3706471596639775,0.056678843048589833,199,238,238,0.0019500975048752439,105,0.0052500000000000003
normal,20000,kll,balanced_merge,64,47,257,20260859,0.10000000000000001,-1.2981552971381543,-1.2913587514538585,0.0067965456842957739,1999,1977,1977,0.0011000550027501375,105,0.0052500000000000003
normal,20000,kll,balanced_merge,64,47,257,20260859,0.25,-0.7163009108838716,-0.68207070925987068,0.034230201624000922,4999,4763,4763,0.011800590029501476,105,0.0052500000000000003
normal,20000,kll,balanced_merge,64,47,257,20260859,0.5,-0.010231300413283753,-0.0057934692610270306,0.0044378311522567226,9999,9965,9965,0.0017000850042502124,105,0.0052500000000000003
normal,20000,kll,balanced_merge,64,47,257,20260859,0.75,0.6518062054759971,0.66396027043969696,0.012154064963699862,14999,14922,14922,0.0038501925096254812,105,0.0052500000000000003
normal,20000,kll,balanced_merge,64,47,257,20260859,0.90000000000000002,1.2396494001679672,1.2605493334517524,0.020899933283785144,17999,17918,17918,0.0040502025101255062,105,0.0052500000000000003
normal,20000,kll,balanced_merge,64,47,257,20260859,0.98999999999999999,2.1311069247686927,2.3085331684105435,0.17742624364185078,19799,19669,19669,0.0065003250162508127,105,0.0052500000000000003
normal,20000,kll,sequential,64,83,,,0.01,-2.1743901993903565,-2.3706471596639775,0.19625696027362105,199,317,317,0.0059002950147507378,125,0.0062500000000000003
normal,20000,kll,sequential,64,83,,,0.10000000000000001,-1.2357656686980281,-1.2913587514538585,0.055593082755830414,1999,2193,2193,0.0097004850242512122,125,0.0062500000000000003
normal,20000,kll,sequential,64,83,,,0.25,-0.62491526747075632,-0.68207070925987068,0.057155441789114358,4999,5370,5370,0.01855092754637732,125,0.0062500000000000003
normal,20000,kll,sequential,64,83,,,0.5,-0.009032895340817363,-0.0057934692610270306,0.0032394260797903324,9999,9975,9975,0.00120006000300015,125,0.0062500000000000003
normal,20000,kll,sequential,64,83,,,0.75,0.74321202075485759,0.66396027043969696,0.07925175031516063,14999,15528,15528,0.026451322566128307,125,0.0062500000000000003
normal,20000,kll,sequential,64,83,,,0.90000000000000002,1.4048101263581567,1.2605493334517524,0.14426079290640437,17999,18417,18417,0.020901045052252612,125,0.0062500000000000003
normal,20000,kll,sequential,64,83,,,0.98999999999999999,2.3838520108135088,2.3085331684105435,0.07531884240296538,19799,19827,19827,0.001400070003500175,125,0.0062500000000000003
normal,20000,kll,balanced_merge,64,83,257,20260895,0.01,-2.7166634475891445,-2.3706471596639775,0.34601628792516692,199,64,64,0.0067503375168758437,105,0.0052500000000000003
normal,20000,kll,balanced_merge,64,83,257,20260895,0.10000000000000001,-1.3654725328674266,-1.2913587514538585,0.074113781413568169,1999,1781,1781,0.010900545027251362,105,0.0052500000000000003
normal,20000,kll,balanced_merge,64,83,257,20260895,0.25,-0.71963101264438756,-0.68207070925987068,0.03756030338451688,4999,4744,4744,0.012750637531876594,105,0.0052500000000000003
normal,20000,kll,balanced_merge,64,83,257,20260895,0.5,-0.034977520603522869,-0.0057934692610270306,0.02918405134249584,9999,9764,9764,0.01175058752937647,105,0.0052500000000000003
normal,20000,kll,balanced_merge,64,83,257,20260895,0.75,0.65757822924158293,0.66396027043969696,0.0063820411981140301,14999,14958,14958,0.0020501025051252561,105,0.0052500000000000003
normal,20000,kll,balanced_merge,64,83,257,20260895,0.90000000000000002,1.2453770102223238,1.2605493334517524,0.015172323229428519,17999,17943,17943,0.00280014000700035,105,0.0052500000000000003
normal,20000,kll,balanced_merge,64,83,257,20260895,0.98999999999999999,2.0528239388553051,2.3085331684105435,0.25570922955523834,19799,19601,19601,0.009900495024751238,105,0.0052500000000000003
normal,20000,kll,sequential,64,101,,,0.01,-2.5283764945459342,-2.3706471596639775,0.15772933488195662,199,122,122,0.0038501925096254812,125,0.0062500000000000003
normal,20000,kll,sequential,64,101,,,0.10000000000000001,-1.287148458355327,-1.2913587514538585,0.0042102930985314924,1999,2012,2012,0.00065003250162508125,125,0.0062500000000000003
normal,20000,kll,sequential,64,101,,,0.25,-0.71123459869374739,-0.68207070925987068,0.029163889433876711,4999,4805,4805,0.0097004850242512122,125,0.0062500000000000003
normal,20000,kll,sequential,64,101,,,0.5,-0.038514013530510219,-0.0057934692610270306,0.03272054426948319,9999,9734,9734,0.013250662533126656,125,0.0062500000000000003
normal,20000,kll,sequential,64,101,,,0.75,0.65493984056471377,0.66396027043969696,0.0090204298749831935,14999,14939,14939,0.0030001500075003749,125,0.0062500000000000003
normal,20000,kll,sequential,64,101,,,0.90000000000000002,1.2690341099763169,1.2605493334517524,0.0084847765245645856,17999,18032,18032,0.0016500825041252062,125,0.0062500000000000003
normal,20000,kll,sequential,64,101,,,0.98999999999999999,2.0742502083156986,2.3085331684105435,0.23428296009484484,19799,19620,19620,0.0089504475223761183,125,0.0062500000000000003
normal,20000,kll,balanced_merge,64,101,257,20260913,0.01,-2.8369604463711804,-2.3706471596639775,0.46631328670720285,199,51,51,0.0074003700185009246,105,0.0052500000000000003
normal,20000,kll,balanced_merge,64,101,257,20260913,0.10000000000000001,-1.3307288549828704,-1.2913587514538585,0.039370103529011935,1999,1868,1868,0.0065503275163758187,105,0.0052500000000000003
normal,20000,kll,balanced_merge,64,101,257,20260913,0.25,-0.70499586357623112,-0.68207070925987068,0.022925154316360441,4999,4852,4852,0.0073503675183759186,105,0.0052500000000000003
normal,20000,kll,balanced_merge,64,101,257,20260913,0.5,-0.0032901345014754572,-0.0057934692610270306,0.0025033347595515734,9999,10023,10023,0.00120006000300015,105,0.0052500000000000003
normal,20000,kll,balanced_merge,64,101,257,20260913,0.75,0.65412433330952935,0.66396027043969696,0.0098359371301676157,14999,14934,14934,0.0032501625081254064,105,0.0052500000000000003
normal,20000,kll,balanced_merge,64,101,257,20260913,0.90000000000000002,1.2496343153689635,1.2605493334517524,0.01091501808278883,17999,17960,17960,0.0019500975048752439,105,0.0052500000000000003
normal,20000,kll,balanced_merge,64,101,257,20260913,0.98999999999999999,2.1789793929464385,2.3085331684105435,0.12955377546410496,19799,19708,19708,0.0045502275113755691,105,0.0052500000000000003
normal,20000,kll,sequential,128,11,,,0.01,-2.2371405795319057,-2.3706471596639775,0.13350658013207184,199,278,278,0.0039501975098754942,163,0.0081499999999999993
normal,20000,kll,sequential,128,11,,,0.10000000000000001,-1.2620931600042005,-1.2913587514538585,0.029265591449658013,1999,2095,2095,0.0048002400120006001,163,0.0081499999999999993
normal,20000,kll,sequential,128,11,,,0.25,-0.65941996366388111,-0.68207070925987068,0.022650745595989563,4999,5140,5140,0.0070503525176258816,163,0.0081499999999999993
normal,20000,kll,sequential,128,11,,,0.5,0.0043360591250777283,-0.0057934692610270306,0.010129528386104758,9999,10071,10071,0.0036001800090004498,163,0.0081499999999999993
normal,20000,kll,sequential,128,11,,,0.75,0.67594371856736324,0.66396027043969696,0.011983448127666274,14999,15074,15074,0.0037501875093754688,163,0.0081499999999999993
normal,20000,kll,sequential,128,11,,,0.90000000000000002,1.29505383425556,1.2605493334517524,0.034504500803807625,17999,18097,18097,0.0049002450122506121,163,0.0081499999999999993
normal,20000,kll,sequential,128,11,,,0.98999999999999999,2.1185667961957382,2.3085331684105435,0.18996637221480528,19799,19659,19659,0.0070003500175008747,163,0.0081499999999999993
normal,20000,kll,balanced_merge,128,11,257,20260823,0.01,-2.3391109463974891,-2.3706471596639775,0.031536213266488478,199,214,214,0.00075003750187509373,100,0.0050000000000000001
normal,20000,kll,balanced_merge,128,11,257,20260823,0.10000000000000001,-1.2339574147526091,-1.2913587514538585,0.057401336701249361,1999,2204,2204,0.010250512525626282,100,0.0050000000000000001
normal,20000,kll,balanced_merge,128,11,257,20260823,0.25,-0.68273298881777711,-0.68207070925987068,0.00066227955790643112,4999,4993,4993,0.0003000150007500375,100,0.0050000000000000001
normal,20000,kll,balanced_merge,128,11,257,20260823,0.5,0.02141631089974028,-0.0057934692610270306,0.027209780160767312,9999,10195,10195,0.0098004900245012242,100,0.0050000000000000001
normal,20000,kll,balanced_merge,128,11,257,20260823,0.75,0.69988285337847989,0.66396027043969696,0.035922582938782921,14999,15235,15235,0.011800590029501476,100,0.0050000000000000001
normal,20000,kll,balanced_merge,128,11,257,20260823,0.90000000000000002,1.2480253087424802,1.2605493334517524,0.012524024709272163,17999,17955,17955,0.0022001100055002751,100,0.0050000000000000001
normal,20000,kll,balanced_merge,128,11,257,20260823,0.98999999999999999,2.4232737447191801,2.3085331684105435,0.11474057630863665,19799,19843,19843,0.0022001100055002751,100,0.0050000000000000001
normal,20000,kll,sequential,128,29,,,0.01,-2.2558392948869694,-2.3706471596639775,0.11480786477700811,199,267,267,0.0034001700085004249,163,0.0081499999999999993
normal,20000,kll,sequential,128,29,,,0.10000000000000001,-1.2658688402382647,-1.2913587514538585,0.025489911215593741,1999,2081,2081,0.0041002050102505122,163,0.0081499999999999993
normal,20000,kll,sequential,128,29,,,0.25,-0.69421967989242217,-0.68207070925987068,0.012148970632551492,4999,4919,4919,0.0040002000100005002,163,0.0081499999999999993
normal,20000,kll,sequential,128,29,,,0.5,0.0089001190676139385,-0.0057934692610270306,0.014693588328640969,9999,10108,10108,0.005450272513625681,163,0.0081499999999999993
normal,20000,kll,sequential,128,29,,,0.75,0.68657542615622236,0.66396027043969696,0.022615155716525392,14999,15154,15154,0.0077503875193759685,163,0.0081499999999999993
normal,20000,kll,sequential,128,29,,,0.90000000000000002,1.346576560510004,1.2605493334517524,0.08602722705825161,17999,18247,18247,0.01240062003100155,163,0.0081499999999999993
normal,20000,kll,sequential,128,29,,,0.98999999999999999,2.4798069818122306,2.3085331684105435,0.17127381340168712,19799,19862,19862,0.0031501575078753939,163,0.0081499999999999993
normal,20000,kll,balanced_merge,128,29,257,20260841,0.01,-2.4951713346782478,-2.3706471596639775,0.12452417501427027,199,139,139,0.0030001500075003749,100,0.0050000000000000001
normal,20000,kll,balanced_merge,128,29,257,20260841,0.10000000000000001,-1.2833577790654098,-1.2913587514538585,0.0080009723884486572,1999,2020,2020,0.0010500525026251313,100,0.0050000000000000001
normal,20000,kll,balanced_merge,128,29,257,20260841,0.25,-0.69230934822561152,-0.68207070925987068,0.010238638965740843,4999,4929,4929,0.0035001750087504373,100,0.0050000000000000001
normal,20000,kll,balanced_merge,128,29,257,20260841,0.5,-0.0015823836307741561,-0.0057934692610270306,0.004211085630252874,9999,10033,10033,0.0017000850042502124,100,0.0050000000000000001
normal,20000,kll,balanced_merge,128,29,257,20260841,0.75,0.67767781740993904,0.66396027043969696,0.013717546970242078,14999,15093,15093,0.0047002350117505871,100,0.0050000000000000001
normal,20000,kll,balanced_merge,128,29,257,20260841,0.90000000000000002,1.2276356886101274,1.2605493334517524,0.032913644841624956,17999,17878,17878,0.0060503025151257559,100,0.0050000000000000001
normal,20000,kll,balanced_merge,128,29,257,20260841,0.98999999999999999,2.2254552690484188,2.3085331684105435,0.083077899362124619,19799,19739,19739,0.0030001500075003749,100,0.0050000000000000001
normal,20000,kll,sequential,128,47,,,0.01,-2.594105480372519,-2.3706471596639775,0.22345832070854144,199,104,104,0.004750237511875594,163,0.0081499999999999993
normal,20000,kll,sequential,128,47,,,0.10000000000000001,-1.3021811368473744,-1.2913587514538585,0.010822385393515876,1999,1966,1966,0.0016500825041252062,163,0.0081499999999999993
normal,20000,kll,sequential,128,47,,,0.25,-0.69894748979528032,-0.68207070925987068,0.016876780535409641,4999,4885,4885,0.0057002850142507128,163,0.0081499999999999993
normal,20000,kll,sequential,128,47,,,0.5,0.0066047637427498552,-0.0057934692610270306,0.012398233003776887,9999,10091,10091,0.0046002300115005751,163,0.0081499999999999993
normal,20000,kll,sequential,128,47,,,0.75,0.67286252098811794,0.66396027043969696,0.0089022505484209757,14999,15050,15050,0.002550127506375319,163,0.0081499999999999993
normal,20000,kll,sequential,128,47,,,0.90000000000000002,1.2390920859550816,1.2605493334517524,0.021457247496670773,17999,17916,17916,0.0041502075103755191,163,0.0081499999999999993
normal,20000,kll,sequential,128,47,,,0.98999999999999999,2.2264269111452646,2.3085331684105435,0.08210625726527887,19799,19741,19741,0.0029001450072503624,163,0.0081499999999999993
normal,20000,kll,balanced_merge,128,47,257,20260859,0.01,-2.4665711633126097,-2.3706471596639775,0.095924003648632183,199,149,149,0.0025001250062503125,100,0.0050000000000000001
normal,20000,kll,balanced_merge,128,47,257,20260859,0.10000000000000001,-1.3011472581025667,-1.2913587514538585,0.0097885066487082284,1999,1969,1969,0.0015000750037501875,100,0.0050000000000000001
normal,20000,kll,balanced_merge,128,47,257,20260859,0.25,-0.67975246903301334,-0.68207070925987068,0.0023182402268573377,4999,5018,5018,0.00095004750237511881,100,0.0050000000000000001
normal,20000,kll,balanced_merge,128,47,257,20260859,0.5,-0.020674640509438194,-0.0057934692610270306,0.014881171248411163,9999,9875,9875,0.0062003100155007748,100,0.0050000000000000001
normal,20000,kll,balanced_merge,128,47,257,20260859,0.75,0.65430505477687684,0.66396027043969696,0.0096552156628201269,14999,14935,14935,0.0032001600080003999,100,0.0050000000000000001
normal,20000,kll,balanced_merge,128,47,257,20260859,0.90000000000000002,1.3017384051710019,1.2605493334517524,0.04118907171924957,17999,18117,18117,0.0059002950147507378,100,0.0050000000000000001
normal,20000,kll,balanced_merge,128,47,257,20260859,0.98999999999999999,2.5681710137648177,2.3085331684105435,0.25963784535427425,19799,19889,19889,0.0045002250112505622,100,0.0050000000000000001
normal,20000,kll,sequential,128,83,,,0.01,-2.4582591614822906,-2.3706471596639775,0.087612001818313079,199,152,152,0.0023501175058752936,163,0.0081499999999999993
normal,20000,kll,sequential,128,83,,,0.10000000000000001,-1.3122426202422588,-1.2913587514538585,0.020883868788400317,1999,1931,1931,0.0034001700085004249,163,0.0081499999999999993
normal,20000,kll,sequential,128,83,,,0.25,-0.72461418272926004,-0.68207070925987068,0.042543473469389359,4999,4718,4718,0.014050702535126757,163,0.0081499999999999993
normal,20000,kll,sequential,128,83,,,0.5,-0.020128916459902096,-0.0057934692610270306,0.014335447198875065,9999,9883,9883,0.0058002900145007249,163,0.0081499999999999993
normal,20000,kll,sequential,128,83,,,0.75,0.63814473522227988,0.66396027043969696,0.025815535217417085,14999,14830,14830,0.0084504225211260563,163,0.0081499999999999993
normal,20000,kll,sequential,128,83,,,0.90000000000000002,1.1775921827457643,1.2605493334517524,0.082957150705988081,17999,17688,17688,0.015550777538876943,163,0.0081499999999999993
normal,20000,kll,sequential,128,83,,,0.98999999999999999,2.2265367783573788,2.3085331684105435,0.081996390053164614,19799,19742,19742,0.0028501425071253564,163,0.0081499999999999993
normal,20000,kll,balanced_merge,128,83,257,20260895,0.01,-2.3840538978639367,-2.3706471596639775,0.013406738199959189,199,189,189,0.00050002500125006252,100,0.0050000000000000001
normal,20000,kll,balanced_merge,128,83,257,20260895,0.10000000000000001,-1.3232576421992637,-1.2913587514538585,0.031898890745405195,1999,1896,1896,0.005150257512875644,100,0.0050000000000000001
normal,20000,kll,balanced_merge,128,83,257,20260895,0.25,-0.69554123174588667,-0.68207070925987068,0.01347052248601599,4999,4909,4909,0.0045002250112505622,100,0.0050000000000000001
normal,20000,kll,balanced_merge,128,83,257,20260895,0.5,-0.0017354023746282497,-0.0057934692610270306,0.0040580668863987807,9999,10032,10032,0.0016500825041252062,100,0.0050000000000000001
normal,20000,kll,balanced_merge,128,83,257,20260895,0.75,0.66986044261929911,0.66396027043969696,0.0059001721796021478,14999,15031,15031,0.0016000800040001999,100,0.0050000000000000001
normal,20000,kll,balanced_merge,128,83,257,20260895,0.90000000000000002,1.2457756848879256,1.2605493334517524,0.014773648563826791,17999,17946,17946,0.0026501325066253315,100,0.0050000000000000001
normal,20000,kll,balanced_merge,128,83,257,20260895,0.98999999999999999,2.1789793929464385,2.3085331684105435,0.12955377546410496,19799,19708,19708,0.0045502275113755691,100,0.0050000000000000001
normal,20000,kll,sequential,128,101,,,0.01,-2.9451910501103749,-2.3706471596639775,0.57454389044639731,199,39,39,0.0080004000200010004,163,0.0081499999999999993
normal,20000,kll,sequential,128,101,,,0.10000000000000001,-1.3422596021050164,-1.2913587514538585,0.050900850651157903,1999,1838,1838,0.0080504025201260064,163,0.0081499999999999993
normal,20000,kll,sequential,128,101,,,0.25,-0.69325862055570653,-0.68207070925987068,0.011187911295835851,4999,4924,4924,0.0037501875093754688,163,0.0081499999999999993
normal,20000,kll,sequential,128,101,,,0.5,-0.043839905427221222,-0.0057934692610270306,0.038046436166194193,9999,9688,9688,0.015550777538876943,163,0.0081499999999999993
normal,20000,kll,sequential,128,101,,,0.75,0.64514786405304436,0.66396027043969696,0.018812406386652603,14999,14877,14877,0.0061003050152507628,163,0.0081499999999999993
normal,20000,kll,sequential,128,101,,,0.90000000000000002,1.201838380142541,1.2605493334517524,0.058710953309211389,17999,17783,17783,0.01080054002700135,163,0.0081499999999999993
normal,20000,kll,sequential,128,101,,,0.98999999999999999,2.1936598762485042,2.3085331684105435,0.11487329216203923,19799,19717,19717,0.0041002050102505122,163,0.0081499999999999993
normal,20000,kll,balanced_merge,128,101,257,20260913,0.01,-2.3654876733946315,-2.3706471596639775,0.0051594862693460364,199,203,203,0.00020001000050002499,100,0.0050000000000000001
normal,20000,kll,balanced_merge,128,101,257,20260913,0.10000000000000001,-1.2963813802695845,-1.2913587514538585,0.0050226288157260157,1999,1982,1982,0.00085004250212510621,100,0.0050000000000000001
normal,20000,kll,balanced_merge,128,101,257,20260913,0.25,-0.6811394215259462,-0.68207070925987068,0.00093128773392447961,4999,5006,5006,0.00035001750087504374,100,0.0050000000000000001
normal,20000,kll,balanced_merge,128,101,257,20260913,0.5,-0.0050395351876065583,-0.0057934692610270306,0.00075393407342047233,9999,10007,10007,0.00040002000100004999,100,0.0050000000000000001
normal,20000,kll,balanced_merge,128,101,257,20260913,0.75,0.67655451199123329,0.66396027043969696,0.012594241551536323,14999,15079,15079,0.0040002000100005002,100,0.0050000000000000001
normal,20000,kll,balanced_merge,128,101,257,20260913,0.90000000000000002,1.2359656541212751,1.2605493334517524,0.024583679330477226,17999,17904,17904,0.004750237511875594,100,0.0050000000000000001
normal,20000,kll,balanced_merge,128,101,257,20260913,0.98999999999999999,2.2526556331773437,2.3085331684105435,0.055877535233199715,19799,19755,19755,0.0022001100055002751,100,0.0050000000000000001
heavy_tail,20000,exact_median,exact,,,,,,-1.0020710058740416,-1.0020710058740416,0,,,,,20000,1
heavy_tail,20000,kll,sequential,32,11,,,0.01,-26.022183569637807,-13.164012854605495,12.858170715032312,199,73,73,0.0063003150157507877,35,0.00175
heavy_tail,20000,kll,sequential,32,11,,,0.10000000000000001,-3.6300208731001469,-2.9008135571619906,0.72920731593815624,1999,1431,1431,0.02840142007100355,35,0.00175
heavy_tail,20000,kll,sequential,32,11,,,0.25,-1.6476542635774241,-1.583535778691336,0.064118484886088067,4999,4736,4736,0.013150657532876643,35,0.00175
heavy_tail,20000,kll,sequential,32,11,,,0.5,-1.0364759611120733,-1.0020776007814378,0.03439836033063548,9999,9528,9528,0.023551177558877943,35,0.00175
heavy_tail,20000,kll,sequential,32,11,,,0.75,1.5407614636475708,1.5738050763580405,0.033043612710469628,14999,14837,14837,0.0081004050202510124,35,0.00175
heavy_tail,20000,kll,sequential,32,11,,,0.90000000000000002,2.8267892733143367,2.875138721444507,0.048349448130170281,17999,17936,17936,0.0031501575078753939,35,0.00175
heavy_tail,20000,kll,sequential,32,11,,,0.98999999999999999,4.2782574600394554,13.813202967028108,9.5349455069886524,19799,18873,18873,0.046302315115755791,35,0.00175
heavy_tail,20000,kll,balanced_merge,32,11,257,20260823,0.01,-7.5300262047867745,-13.164012854605495,5.6339866498187208,199,466,466,0.013350667533376669,68,0.0033999999999999998
heavy_tail,20000,kll,balanced_merge,32,11,257,20260823,0.10000000000000001,-2.6419415210734751,-2.9008135571619906,0.2588720360885155,1999,2347,2347,0.017400870043502176,68,0.0033999999999999998
heavy_tail,20000,kll,balanced_merge,32,11,257,20260823,0.25,-1.6325581703190437,-1.583535778691336,0.049022391627707718,4999,4798,4798,0.010050502525126256,68,0.0033999999999999998
heavy_tail,20000,kll,balanced_merge,32,11,257,20260823,0.5,-1.0001907650602782,-1.0020776007814378,0.0018868357211596631,9999,10030,10030,0.0015500775038751937,68,0.0033999999999999998
heavy_tail,20000,kll,balanced_merge,32,11,257,20260823,0.75,1.583242626103925,1.5738050763580405,0.0094375497458845103,14999,15055,15055,0.00280014000700035,68,0.0033999999999999998
heavy_tail,20000,kll,balanced_merge,32,11,257,20260823,0.90000000000000002,3.1172262381898994,2.875138721444507,0.24208751674539242,17999,18225,18225,0.011300565028251412,68,0.0033999999999999998
heavy_tail,20000,kll,balanced_merge,32,11,257,20260823,0.98999999999999999,10.750071595885561,13.813202967028108,3.0631313711425463,19799,19705,19705,0.0047002350117505871,68,0.0033999999999999998
heavy_tail,20000,kll,sequential,32,29,,,0.01,-5.0100116585189918,-13.164012854605495,8.1540011960865044,199,841,841,0.03210160508025401,35,0.00175
heavy_tail,20000,kll,sequential,32,29,,,0.10000000000000001,-3.0574099256246723,-2.9008135571619906,0.15659636846268166,1999,1862,1862,0.0068503425171258566,35,0.00175
heavy_tail,20000,kll,sequential,32,29,,,0.25,-1.5660730822297035,-1.583535778691336,0.017462696461632454,4999,5089,5089,0.0045002250112505622,35,0.00175
heavy_tail,20000,kll,sequential,32,29,,,0.5,-1.0061822893545691,-1.0020776007814378,0.0041046885731312877,9999,9935,9935,0.0032001600080003999,35,0.00175
heavy_tail,20000,kll,sequential,32,29,,,0.75,1.6606299140185339,1.5738050763580405,0.086824837660493426,14999,15416,15416,0.020851042552127608,35,0.00175
heavy_tail,20000,kll,sequential,32,29,,,0.90000000000000002,4.893155204169731,2.875138721444507,2.018016482725224,17999,19070,19070,0.053552677633881697,35,0.00175
heavy_tail,20000,kll,sequential,32,29,,,0.98999999999999999,19.705016802478415,13.813202967028108,5.8918138354503071,19799,19883,19883,0.0042002100105005252,35,0.00175
heavy_tail,20000,kll,balanced_merge,32,29,257,20260841,0.01,-13.249677586612277,-13.164012854605495,0.085664732006781819,199,197,197,0.0001000050002500125,68,0.0033999999999999998
heavy_tail,20000,kll,balanced_merge,32,29,257,20260841,0.10000000000000001,-2.9738496620055153,-2.9008135571619906,0.07303610484352463,1999,1934,1934,0.0032501625081254064,68,0.0033999999999999998
heavy_tail,20000,kll,balanced_merge,32,29,257,20260841,0.25,-1.6127080502173821,-1.583535778691336,0.029172271526046067,4999,4880,4880,0.0059502975148757438,68,0.0033999999999999998
heavy_tail,20000,kll,balanced_merge,32,29,257,20260841,0.5,-1.0435313964037767,-1.0020776007814378,0.041453795622338863,9999,9426,9426,0.028651432571628582,68,0.0033999999999999998
heavy_tail,20000,kll,balanced_merge,32,29,257,20260841,0.75,1.5652543596818824,1.5738050763580405,0.0085507166761580322,14999,14958,14958,0.0020501025051252561,68,0.0033999999999999998
heavy_tail,20000,kll,balanced_merge,32,29,257,20260841,0.90000000000000002,2.8245477527819607,2.875138721444507,0.05059096866254631,17999,17928,17928,0.0035501775088754438,68,0.0033999999999999998
heavy_tail,20000,kll,balanced_merge,32,29,257,20260841,0.98999999999999999,6.5907558559545372,13.813202967028108,7.2224471110735706,19799,19401,19401,0.019900995049752488,68,0.0033999999999999998
heavy_tail,20000,kll,sequential,32,47,,,0.01,-16.480152363857876,-13.164012854605495,3.3161395092523804,199,143,143,0.00280014000700035,35,0.00175
heavy_tail,20000,kll,sequential,32,47,,,0.10000000000000001,-3.6674315368335324,-2.9008135571619906,0.76661797967154177,1999,1414,1414,0.029251462573128658,35,0.00175
heavy_tail,20000,kll,sequential,32,47,,,0.25,-1.4864255189658391,-1.583535778691336,0.097110259725496917,4999,5489,5489,0.024501225061253063,35,0.00175
heavy_tail,20000,kll,sequential,32,47,,,0.5,-1.0133824193185568,-1.0020776007814378,0.011304818537118955,9999,9826,9826,0.0086504325216260804,35,0.00175
heavy_tail,20000,kll,sequential,32,47,,,0.75,1.5461474338636323,1.5738050763580405,0.027657642494408163,14999,14871,14871,0.0064003200160007998,35,0.00175
heavy_tail,20000,kll,sequential,32,47,,,0.90000000000000002,4.0499578671969036,2.875138721444507,1.1748191457523967,17999,18778,18778,0.038951947597379868,35,0.00175
heavy_tail,20000,kll,sequential,32,47,,,0.98999999999999999,18.044113477199659,13.813202967028108,4.230910510171551,19799,19864,19864,0.0032501625081254064,35,0.00175
heavy_tail,20000,kll,balanced_merge,32,47,257,20260859,0.01,-31.022578333054348,-13.164012854605495,17.858565478448853,199,59,59,0.0070003500175008747,68,0.0033999999999999998
heavy_tail,20000,kll,balanced_merge,32,47,257,20260859,0.10000000000000001,-3.5204957694247465,-2.9008135571619906,0.61968221226275588,1999,1493,1493,0.025301265063253163,68,0.0033999999999999998
heavy_tail,20000,kll,balanced_merge,32,47,257,20260859,0.25,-1.5751948434200918,-1.583535778691336,0.0083409352712442431,4999,5046,5046,0.0023501175058752936,68,0.0033999999999999998
heavy_tail,20000,kll,balanced_merge,32,47,257,20260859,0.5,-1.0111836121408806,-1.0020776007814378,0.0091060113594427783,9999,9858,9858,0.0070503525176258816,68,0.0033999999999999998
heavy_tail,20000,kll,balanced_merge,32,47,257,20260859,0.75,1.5406572675061634,1.5738050763580405,0.03314780885187707,14999,14834,14834,0.0082504125206260305,68,0.0033999999999999998
heavy_tail,20000,kll,balanced_merge,32,47,257,20260859,0.90000000000000002,2.701223008773268,2.875138721444507,0.17391571267123895,17999,17773,17773,0.011300565028251412,68,0.0033999999999999998
heavy_tail,20000,kll,balanced_merge,32,47,257,20260859,0.98999999999999999,7.1606736827305761,13.813202967028108,6.6525292842975317,19799,19468,19468,0.016550827541377069,68,0.0033999999999999998
heavy_tail,20000,kll,sequential,32,83,,,0.01,-6.8633306518919053,-13.164012854605495,6.30068220271359,199,534,534,0.016750837541877093,35,0.00175
heavy_tail,20000,kll,sequential,32,83,,,0.10000000000000001,-2.545681858487824,-2.9008135571619906,0.35513169867416661,1999,2488,2488,0.024451222561128055,35,0.00175
heavy_tail,20000,kll,sequential,32,83,,,0.25,-1.5148305383296217,-1.583535778691336,0.068705240361714326,4999,5332,5332,0.016650832541627081,35,0.00175
heavy_tail,20000,kll,sequential,32,83,,,0.5,-1.0298523378400757,-1.0020776007814378,0.027774737058637866,9999,9618,9618,0.01905095254762738,35,0.00175
heavy_tail,20000,kll,sequential,32,83,,,0.75,1.7006037261044233,1.5738050763580405,0.12679864974638289,14999,15567,15567,0.02840142007100355,35,0.00175
heavy_tail,20000,kll,sequential,32,83,,,0.90000000000000002,4.7748519262811238,2.875138721444507,1.8997132048366168,17999,19035,19035,0.051802590129506478,35,0.00175
heavy_tail,20000,kll,sequential,32,83,,,0.98999999999999999,68.694665703150505,13.813202967028108,54.881462736122401,19799,19978,19978,0.0089504475223761183,35,0.00175
heavy_tail,20000,kll,balanced_merge,32,83,257,20260895,0.01,-14.079614079601907,-13.164012854605495,0.91560122499641139,199,180,180,0.00095004750237511881,68,0.0033999999999999998
heavy_tail,20000,kll,balanced_merge,32,83,257,20260895,0.10000000000000001,-3.7210831779672064,-2.9008135571619906,0.82026962080521582,1999,1383,1383,0.03080154007700385,68,0.0033999999999999998
heavy_tail,20000,kll,balanced_merge,32,83,257,20260895,0.25,-1.6870711796719191,-1.583535778691336,0.10353540098058311,4999,4586,4586,0.02065103255162758,68,0.0033999999999999998
heavy_tail,20000,kll,balanced_merge,32,83,257,20260895,0.5,-1.0243259671369078,-1.0020776007814378,0.022248366355470006,9999,9690,9690,0.015450772538626931,68,0.0033999999999999998
heavy_tail,20000,kll,balanced_merge,32,83,257,20260895,0.75,1.5230780890336137,1.5738050763580405,0.050726987324426709,14999,14743,14743,0.0128006400320016,68,0.0033999999999999998
heavy_tail,20000,kll,balanced_merge,32,83,257,20260895,0.90000000000000002,2.8452468027156157,2.875138721444507,0.029891918728891298,17999,17960,17960,0.0019500975048752439,68,0.0033999999999999998
heavy_tail,20000,kll,balanced_merge,32,83,257,20260895,0.98999999999999999,5.2147615598902224,13.813202967028108,8.5984414071378854,19799,19166,19166,0.031651582579128958,68,0.0033999999999999998
heavy_tail,20000,kll,sequential,32,101,,,0.01,-26.80109662858731,-13.164012854605495,13.637083773981814,199,69,69,0.0065003250162508127,35,0.00175
heavy_tail,20000,kll,sequential,32,101,,,0.10000000000000001,-4.3820816208929081,-2.9008135571619906,1.4812680637309175,1999,1078,1078,0.046052302615130755,35,0.00175
heavy_tail,20000,kll,sequential,32,101,,,0.25,-1.7191168293470525,-1.583535778691336,0.13558105065571646,4999,4463,4463,0.026801340067003351,35,0.00175
heavy_tail,20000,kll,sequential,32,101,,,0.5,-1.0804794726530396,-1.0020776007814378,0.078401871871601747,9999,8897,8897,0.055102755137756886,35,0.00175
heavy_tail,20000,kll,sequential,32,101,,,0.75,1.4922615703960751,1.5738050763580405,0.081543505961965357,14999,14559,14559,0.022001100055002751,35,0.00175
heavy_tail,20000,kll,sequential,32,101,,,0.90000000000000002,2.7089491385001114,2.875138721444507,0.16618958294439556,17999,17785,17785,0.010700535026751338,35,0.00175
heavy_tail,20000,kll,sequential,32,101,,,0.98999999999999999,4.2943647139043915,13.813202967028108,9.5188382531237163,19799,18878,18878,0.046052302615130755,35,0.00175
heavy_tail,20000,kll,balanced_merge,32,101,257,20260913,0.01,-23.822878089867746,-13.164012854605495,10.658865235262251,199,83,83,0.0058002900145007249,68,0.0033999999999999998
heavy_tail,20000,kll,balanced_merge,32,101,257,20260913,0.10000000000000001,-2.8531153763508406,-2.9008135571619906,0.04769818081115007,1999,2063,2063,0.0032001600080003999,68,0.0033999999999999998
heavy_tail,20000,kll,balanced_merge,32,101,257,20260913,0.25,-1.6558694124922857,-1.583535778691336,0.072333633800949704,4999,4706,4706,0.014650732536626831,68,0.0033999999999999998
heavy_tail,20000,kll,balanced_merge,32,101,257,20260913,0.5,-1.0374461557693475,-1.0020776007814378,0.035368554987909695,9999,9513,9513,0.024301215060753039,68,0.0033999999999999998
heavy_tail,20000,kll,balanced_merge,32,101,257,20260913,0.75,1.5390944760491108,1.5738050763580405,0.034710600308929696,14999,14825,14825,0.0087004350217510882,68,0.0033999999999999998
heavy_tail,20000,kll,balanced_merge,32,101,257,20260913,0.90000000000000002,2.7757755954280108,2.875138721444507,0.099363126016496217,17999,17872,17872,0.0063503175158757938,68,0.0033999999999999998
heavy_tail,20000,kll,balanced_merge,32,101,257,20260913,0.98999999999999999,8.213922989782958,13.813202967028108,5.5992799772451498,19799,19562,19562,0.011850592529626482,68,0.0033999999999999998
heavy_tail,20000,kll,sequential,64,11,,,0.01,-12.309031535386708,-13.164012854605495,0.85498131921878695,199,222,222,0.0011500575028751438,125,0.0062500000000000003
heavy_tail,20000,kll,sequential,64,11,,,0.10000000000000001,-3.225692208865528,-2.9008135571619906,0.32487865170353736,1999,1712,1712,0.014350717535876793,125,0.0062500000000000003
heavy_tail,20000,kll,sequential,64,11,,,0.25,-1.6413403130263409,-1.583535778691336,0.057804534335004876,4999,4760,4760,0.011950597529876494,125,0.0062500000000000003
heavy_tail,20000,kll,sequential,64,11,,,0.5,-1.0084050185597562,-1.0020776007814378,0.0063274177783183561,9999,9897,9897,0.0051002550127506379,125,0.0062500000000000003
heavy_tail,20000,kll,sequential,64,11,,,0.75,1.5079674162933181,1.5738050763580405,0.065837660064722359,14999,14637,14637,0.018100905045252264,125,0.0062500000000000003
heavy_tail,20000,kll,sequential,64,11,,,0.90000000000000002,2.7960977067962087,2.875138721444507,0.079041014648298269,17999,17894,17894,0.005250262513125656,125,0.0062500000000000003
heavy_tail,20000,kll,sequential,64,11,,,0.98999999999999999,10.69084582003673,13.813202967028108,3.1223571469913782,19799,19702,19702,0.0048502425121256061,125,0.0062500000000000003
heavy_tail,20000,kll,balanced_merge,64,11,257,20260823,0.01,-10.412095288835351,-13.164012854605495,2.7519175657701442,199,301,301,0.0051002550127506379,105,0.0052500000000000003
heavy_tail,20000,kll,balanced_merge,64,11,257,20260823,0.10000000000000001,-2.8933321901920728,-2.9008135571619906,0.0074813669699178575,1999,2010,2010,0.00055002750137506877,105,0.0052500000000000003
heavy_tail,20000,kll,balanced_merge,64,11,257,20260823,0.25,-1.5794831552781279,-1.583535778691336,0.0040526234132081118,4999,5023,5023,0.00120006000300015,105,0.0052500000000000003
heavy_tail,20000,kll,balanced_merge,64,11,257,20260823,0.5,1.0112261481326388,-1.0020776007814378,2.0133037489140766,9999,10203,10203,0.010200510025501276,105,0.0052500000000000003
heavy_tail,20000,kll,balanced_merge,64,11,257,20260823,0.75,1.6230933394623508,1.5738050763580405,0.049288263104310337,14999,15248,15248,0.012450622531126556,105,0.0052500000000000003
heavy_tail,20000,kll,balanced_merge,64,11,257,20260823,0.90000000000000002,3.0655036698661724,2.875138721444507,0.1903649484216654,17999,18187,18187,0.0094004700235011743,105,0.0052500000000000003
heavy_tail,20000,kll,balanced_merge,64,11,257,20260823,0.98999999999999999,29.886096395867156,13.813202967028108,16.072893428839048,19799,19930,19930,0.0065503275163758187,105,0.0052500000000000003
heavy_tail,20000,kll,sequential,64,29,,,0.01,-10.50605878336278,-13.164012854605495,2.657954071242715,199,294,294,0.004750237511875594,125,0.0062500000000000003
heavy_tail,20000,kll,sequential,64,29,,,0.10000000000000001,-2.7719182716052546,-2.9008135571619906,0.12889528555673602,1999,2171,2171,0.0086004300215010744,125,0.0062500000000000003
heavy_tail,20000,kll,sequential,64,29,,,0.25,-1.5616562110539132,-1.583535778691336,0.021879567637422825,4999,5108,5108,0.005450272513625681,125,0.0062500000000000003
heavy_tail,20000,kll,sequential,64,29,,,0.5,1.0018662384685697,-1.0020776007814378,2.0039438392500077,9999,10062,10062,0.0031501575078753939,125,0.0062500000000000003
heavy_tail,20000,kll,sequential,64,29,,,0.75,1.5461474338636323,1.5738050763580405,0.027657642494408163,14999,14871,14871,0.0064003200160007998,125,0.0062500000000000003
heavy_tail,20000,kll,sequential,64,29,,,0.90000000000000002,3.0096694588774184,2.875138721444507,0.13453073743291144,17999,18128,18128,0.0064503225161258067,125,0.0062500000000000003
heavy_tail,20000,kll,sequential,64,29,,,0.98999999999999999,34.942071375163195,13.813202967028108,21.128868408135087,19799,19942,19942,0.0071503575178758936,125,0.0062500000000000003
heavy_tail,20000,kll,balanced_merge,64,29,257,20260841,0.01,-16.259976848285874,-13.164012854605495,3.0959639936803782,199,145,145,0.0027001350067503375,105,0.0052500000000000003
heavy_tail,20000,kll,balanced_merge,64,29,257,20260841,0.10000000000000001,-2.8126331232982977,-2.9008135571619906,0.088180433863692897,1999,2113,2113,0.0057002850142507128,105,0.0052500000000000003
heavy_tail,20000,kll,balanced_merge,64,29,257,20260841,0.25,-1.6219806142133133,-1.583535778691336,0.038444835521977305,4999,4840,4840,0.0079503975198759944,105,0.0052500000000000003
heavy_tail,20000,kll,balanced_merge,64,29,257,20260841,0.5,-1.0069209894293041,-1.0020776007814378,0.0048433886478662647,9999,9926,9926,0.0036501825091254563,105,0.0052500000000000003
heavy_tail,20000,kll,balanced_merge,64,29,257,20260841,0.75,1.5756678280210079,1.5738050763580405,0.0018627516629674545,14999,15012,15012,0.00065003250162508125,105,0.0052500000000000003
heavy_tail,20000,kll,balanced_merge,64,29,257,20260841,0.90000000000000002,2.898875265245155,2.875138721444507,0.023736543800648047,17999,18031,18031,0.0016000800040001999,105,0.0052500000000000003
heavy_tail,20000,kll,balanced_merge,64,29,257,20260841,0.98999999999999999,14.644562935539456,13.813202967028108,0.83135996851134841,19799,19827,19827,0.001400070003500175,105,0.0052500000000000003
heavy_tail,20000,kll,sequential,64,47,,,0.01,-31.244942219475387,-13.164012854605495,18.080929364869892,199,58,58,0.0070503525176258816,125,0.0062500000000000003
heavy_tail,20000,kll,sequential,64,47,,,0.10000000000000001,-2.6860817432680673,-2.9008135571619906,0.21473181389392337,1999,2287,2287,0.014400720036001799,125,0.0062500000000000003
heavy_tail,20000,kll,sequential,64,47,,,0.25,-1.5337357071238205,-1.583535778691336,0.049800071567515536,4999,5226,5226,0.01135056752837642,125,0.0062500000000000003
heavy_tail,20000,kll,sequential,64,47,,,0.5,-1.0074179547608044,-1.0020776007814378,0.0053403539793666077,9999,9918,9918,0.0040502025101255062,125,0.0062500000000000003
heavy_tail,20000,kll,sequential,64,47,,,0.75,1.6422484072892845,1.5738050763580405,0.068443330931243995,14999,15335,15335,0.016800840042002101,125,0.0062500000000000003
heavy_tail,20000,kll,sequential,64,47,,,0.90000000000000002,3.389704777912752,2.875138721444507,0.51456605646824505,17999,18428,18428,0.02145107255362768,125,0.0062500000000000003
heavy_tail,20000,kll,sequential,64,47,,,0.98999999999999999,24.0408231875575,13.813202967028108,10.227620220529392,19799,19909,19909,0.0055002750137506879,125,0.0062500000000000003
heavy_tail,20000,kll,balanced_merge,64,47,257,20260859,0.01,-12.155375110557811,-13.164012854605495,1.0086377440476841,199,228,228,0.0014500725036251812,105,0.0052500000000000003
heavy_tail,20000,kll,balanced_merge,64,47,257,20260859,0.10000000000000001,-3.0977963475507457,-2.9008135571619906,0.1969827903887551,1999,1828,1828,0.0085504275213760684,105,0.0052500000000000003
heavy_tail,20000,kll,balanced_merge,64,47,257,20260859,0.25,-1.622211557900205,-1.583535778691336,0.038675779208868999,4999,4838,4838,0.0080504025201260064,105,0.0052500000000000003
heavy_tail,20000,kll,balanced_merge,64,47,257,20260859,0.5,-1.0032569066712238,-1.0020776007814378,0.0011793058897859865,9999,9979,9979,0.001000050002500125,105,0.0052500000000000003
heavy_tail,20000,kll,balanced_merge,64,47,257,20260859,0.75,1.5909520646576343,1.5738050763580405,0.017146988299593824,14999,15092,15092,0.0046502325116255811,105,0.0052500000000000003
heavy_tail,20000,kll,balanced_merge,64,47,257,20260859,0.90000000000000002,2.978244752276467,2.875138721444507,0.10310603083196002,17999,18108,18108,0.005450272513625681,105,0.0052500000000000003
heavy_tail,20000,kll,balanced_merge,64,47,257,20260859,0.98999999999999999,12.531583269715741,13.813202967028108,1.281619697312367,19799,19758,19758,0.0020501025051252561,105,0.0052500000000000003
heavy_tail,20000,kll,sequential,64,83,,,0.01,-8.5008307601324997,-13.164012854605495,4.6631820944729956,199,400,400,0.010050502525126256,125,0.0062500000000000003
heavy_tail,20000,kll,sequential,64,83,,,0.10000000000000001,-2.8489700605002932,-2.9008135571619906,0.051843496661697408,1999,2072,2072,0.0036501825091254563,125,0.0062500000000000003
heavy_tail,20000,kll,sequential,64,83,,,0.25,-1.5311111959267598,-1.583535778691336,0.052424582764576177,4999,5237,5237,0.011900595029751488,125,0.0062500000000000003
heavy_tail,20000,kll,sequential,64,83,,,0.5,1.0016818839911923,-1.0020776007814378,2.0037594847726301,9999,10056,10056,0.0028501425071253564,125,0.0062500000000000003
heavy_tail,20000,kll,sequential,64,83,,,0.75,1.6404886047162581,1.5738050763580405,0.06668352835821767,14999,15328,15328,0.016450822541127057,125,0.0062500000000000003
heavy_tail,20000,kll,sequential,64,83,,,0.90000000000000002,3.3608360141683313,2.875138721444507,0.48569729272382434,17999,18408,18408,0.020451022551127556,125,0.0062500000000000003
heavy_tail,20000,kll,sequential,64,83,,,0.98999999999999999,35.092781542283646,13.813202967028108,21.279578575255538,19799,19943,19943,0.0072003600180008996,125,0.0062500000000000003
heavy_tail,20000,kll,balanced_merge,64,83,257,20260895,0.01,-57.186953447687415,-13.164012854605495,44.02294059308192,199,24,24,0.0087504375218760942,105,0.0052500000000000003
heavy_tail,20000,kll,balanced_merge,64,83,257,20260895,0.10000000000000001,-2.9347132667393097,-2.9008135571619906,0.033899709577319026,1999,1966,1966,0.0016500825041252062,105,0.0052500000000000003
heavy_tail,20000,kll,balanced_merge,64,83,257,20260895,0.25,-1.6497418898832195,-1.583535778691336,0.066206111191883465,4999,4728,4728,0.013550677533876693,105,0.0052500000000000003
heavy_tail,20000,kll,balanced_merge,64,83,257,20260895,0.5,-1.0074179547608044,-1.0020776007814378,0.0053403539793666077,9999,9918,9918,0.0040502025101255062,105,0.0052500000000000003
heavy_tail,20000,kll,balanced_merge,64,83,257,20260895,0.75,1.5715222610460953,1.5738050763580405,0.0022828153119451855,14999,14990,14990,0.00045002250112505623,105,0.0052500000000000003
heavy_tail,20000,kll,balanced_merge,64,83,257,20260895,0.90000000000000002,2.9124565215667513,2.875138721444507,0.037317800122244282,17999,18040,18040,0.0020501025051252561,105,0.0052500000000000003
heavy_tail,20000,kll,balanced_merge,64,83,257,20260895,0.98999999999999999,7.7139497698854314,13.813202967028108,6.0992531971426764,19799,19521,19521,0.013900695034751737,105,0.0052500000000000003
heavy_tail,20000,kll,sequential,64,101,,,0.01,-15.267334020090301,-13.164012854605495,2.1033211654848056,199,163,163,0.0018000900045002249,125,0.0062500000000000003
heavy_tail,20000,kll,sequential,64,101,,,0.10000000000000001,-2.7065776981601282,-2.9008135571619906,0.19423585900186247,1999,2259,2259,0.013000650032501625,125,0.0062500000000000003
heavy_tail,20000,kll,sequential,64,101,,,0.25,-1.5462406338856678,-1.583535778691336,0.037295144805668201,4999,5171,5171,0.0086004300215010744,125,0.0062500000000000003
heavy_tail,20000,kll,sequential,64,101,,,0.5,-1.0008107547939731,-1.0020776007814378,0.0012668459874647375,9999,10022,10022,0.0011500575028751438,125,0.0062500000000000003
heavy_tail,20000,kll,sequential,64,101,,,0.75,1.5814496779657252,1.5738050763580405,0.0076446016076847645,14999,15041,15041,0.0021001050052502626,125,0.0062500000000000003
heavy_tail,20000,kll,sequential,64,101,,,0.90000000000000002,3.1203955584647898,2.875138721444507,0.24525683702028278,17999,18229,18229,0.011500575028751438,125,0.0062500000000000003
heavy_tail,20000,kll,sequential,64,101,,,0.98999999999999999,7.279518393437777,13.813202967028108,6.5336845735903308,19799,19485,19485,0.015700785039251961,125,0.0062500000000000003
heavy_tail,20000,kll,balanced_merge,64,101,257,20260913,0.01,-19.901359020749553,-13.164012854605495,6.7373461661440572,199,104,104,0.004750237511875594,105,0.0052500000000000003
heavy_tail,20000,kll,balanced_merge,64,101,257,20260913,0.10000000000000001,-3.0758808758584828,-2.9008135571619906,0.17506731869649217,1999,1848,1848,0.0075503775188759436,105,0.0052500000000000003
heavy_tail,20000,kll,balanced_merge,64,101,257,20260913,0.25,-1.6296983093536097,-1.583535778691336,0.046162530662273715,4999,4811,4811,0.0094004700235011743,105,0.0052500000000000003
heavy_tail,20000,kll,balanced_merge,64,101,257,20260913,0.5,-1.0096151306677816,-1.0020776007814378,0.0075375298863438189,9999,9882,9882,0.0058502925146257309,105,0.0052500000000000003
heavy_tail,20000,kll,balanced_merge,64,101,257,20260913,0.75,1.5906611187311641,1.5738050763580405,0.016856042373123659,14999,15088,15088,0.0044502225111255561,105,0.0052500000000000003
heavy_tail,20000,kll,balanced_merge,64,101,257,20260913,0.90000000000000002,2.8382526929554359,2.875138721444507,0.036886028489071077,17999,17950,17950,0.0024501225061253061,105,0.0052500000000000003
heavy_tail,20000,kll,balanced_merge,64,101,257,20260913,0.98999999999999999,9.4686980514083601,13.813202967028108,4.3445049156197477,19799,19638,19638,0.0080504025201260064,105,0.0052500000000000003
heavy_tail,20000,kll,sequential,128,11,,,0.01,-15.221249353294562,-13.164012854605495,2.0572364986890666,199,165,165,0.0017000850042502124,163,0.0081499999999999993
heavy_tail,20000,kll,sequential,128,11,,,0.10000000000000001,-2.8033488431686,-2.9008135571619906,0.097464713993390628,1999,2131,2131,0.0066003300165008248,163,0.0081499999999999993
heavy_tail,20000,kll,sequential,128,11,,,0.25,-1.6026529307888744,-1.583535778691336,0.019117152097538392,4999,4926,4926,0.0036501825091254563,163,0.0081499999999999993
heavy_tail,20000,kll,sequential,128,11,,,0.5,-1.0078873516053077,-1.0020776007814378,0.0058097508238699191,9999,9906,9906,0.0046502325116255811,163,0.0081499999999999993
heavy_tail,20000,kll,sequential,128,11,,,0.75,1.6106851579607171,1.5738050763580405,0.03688008160267664,14999,15189,15189,0.0095004750237511881,163,0.0081499999999999993
heavy_tail,20000,kll,sequential,128,11,,,0.90000000000000002,2.7083245807237177,2.875138721444507,0.16681414072078926,17999,17783,17783,0.01080054002700135,163,0.0081499999999999993
heavy_tail,20000,kll,sequential,128,11,,,0.98999999999999999,12.046736365717287,13.813202967028108,1.766466601310821,19799,19748,19748,0.002550127506375319,163,0.0081499999999999993
heavy_tail,20000,kll,balanced_merge,128,11,257,20260823,0.01,-10.382764234855063,-13.164012854605495,2.781248619750432,199,303,303,0.00520026001300065,100,0.0050000000000000001
heavy_tail,20000,kll,balanced_merge,128,11,257,20260823,0.10000000000000001,-2.8115155765069524,-2.9008135571619906,0.089297980655038245,1999,2115,2115,0.0058002900145007249,100,0.0050000000000000001
heavy_tail,20000,kll,balanced_merge,128,11,257,20260823,0.25,-1.5828072245353488,-1.583535778691336,0.00072855415598716,4999,5002,5002,0.00015000750037501875,100,0.0050000000000000001
heavy_tail,20000,kll,balanced_merge,128,11,257,20260823,0.5,1.011189008904918,-1.0020776007814378,2.0132666096863558,9999,10202,10202,0.010150507525376268,100,0.0050000000000000001
heavy_tail,20000,kll,balanced_merge,128,11,257,20260823,0.75,1.6021924902915767,1.5738050763580405,0.028387413933536276,14999,15151,15151,0.0076003800190009504,100,0.0050000000000000001
heavy_tail,20000,kll,balanced_merge,128,11,257,20260823,0.90000000000000002,2.8461909506062155,2.875138721444507,0.028947770838291476,17999,17961,17961,0.0019000950047502376,100,0.0050000000000000001
heavy_tail,20000,kll,balanced_merge,128,11,257,20260823,0.98999999999999999,15.214490641264049,13.813202967028108,1.4012876742359417,19799,19832,19832,0.0016500825041252062,100,0.0050000000000000001
heavy_tail,20000,kll,sequential,128,29,,,0.01,-8.3394147739936013,-13.164012854605495,4.824598080611894,199,408,408,0.010450522526126306,163,0.0081499999999999993
heavy_tail,20000,kll,sequential,128,29,,,0.10000000000000001,-2.7381238798798835,-2.9008135571619906,0.16268967728210715,1999,2214,2214,0.010750537526876344,163,0.0081499999999999993
heavy_tail,20000,kll,sequential,128,29,,,0.25,-1.5366535015431249,-1.583535778691336,0.046882277148211138,4999,5214,5214,0.010750537526876344,163,0.0081499999999999993
heavy_tail,20000,kll,sequential,128,29,,,0.5,-1.0098073326110844,-1.0020776007814378,0.0077297318296465356,9999,9878,9878,0.0060503025151257559,163,0.0081499999999999993
heavy_tail,20000,kll,sequential,128,29,,,0.75,1.5839064361221253,1.5738050763580405,0.010101359764084883,14999,15058,15058,0.0029501475073753689,163,0.0081499999999999993
heavy_tail,20000,kll,sequential,128,29,,,0.90000000000000002,2.7933245167179814,2.875138721444507,0.081814204726525563,17999,17889,17889,0.0055002750137506879,163,0.0081499999999999993
heavy_tail,20000,kll,sequential,128,29,,,0.98999999999999999,12.09470724152,13.813202967028108,1.7184957255081077,19799,19749,19749,0.0025001250062503125,163,0.0081499999999999993
heavy_tail,20000,kll,balanced_merge,128,29,257,20260841,0.01,-14.566373830815238,-13.164012854605495,1.4023609762097422,199,172,172,0.0013500675033751687,100,0.0050000000000000001
heavy_tail,20000,kll,balanced_merge,128,29,257,20260841,0.10000000000000001,-2.9326719036780204,-2.9008135571619906,0.031858346516029812,1999,1969,1969,0.0015000750037501875,100,0.0050000000000000001
heavy_tail,20000,kll,balanced_merge,128,29,257,20260841,0.25,-1.6194505589244408,-1.583535778691336,0.035914780233104793,4999,4849,4849,0.0075003750187509375,100,0.0050000000000000001
heavy_tail,20000,kll,balanced_merge,128,29,257,20260841,0.5,1.0063655588866713,-1.0020776007814378,2.0084431596681092,9999,10126,10126,0.0063503175158757938,100,0.0050000000000000001
heavy_tail,20000,kll,balanced_merge,128,29,257,20260841,0.75,1.5814496779657252,1.5738050763580405,0.0076446016076847645,14999,15041,15041,0.0021001050052502626,100,0.0050000000000000001
heavy_tail,20000,kll,balanced_merge,128,29,257,20260841,0.90000000000000002,2.8224983064228342,2.875138721444507,0.052640415021672826,17999,17924,17924,0.0037501875093754688,100,0.0050000000000000001
heavy_tail,20000,kll,balanced_merge,128,29,257,20260841,0.98999999999999999,10.95760681685614,13.813202967028108,2.8555961501719676,19799,19711,19711,0.0044002200110005501,100,0.0050000000000000001
heavy_tail,20000,kll,sequential,128,47,,,0.01,-48.041823292876252,-13.164012854605495,34.877810438270757,199,33,33,0.0083004150207510383,163,0.0081499999999999993
heavy_tail,20000,kll,sequential,128,47,,,0.10000000000000001,-2.8709306790589988,-2.9008135571619906,0.029882878102991839,1999,2037,2037,0.0019000950047502376,163,0.0081499999999999993
heavy_tail,20000,kll,sequential,128,47,,,0.25,-1.5676952908086998,-1.583535778691336,0.015840487882636145,4999,5083,5083,0.0042002100105005252,163,0.0081499999999999993
heavy_tail,20000,kll,sequential,128,47,,,0.5,1.015428584010474,-1.0020776007814378,2.0175061847919116,9999,10259,10259,0.013000650032501625,163,0.0081499999999999993
heavy_tail,20000,kll,sequential,128,47,,,0.75,1.6248435892510811,1.5738050763580405,0.051038512893040622,14999,15253,15253,0.012700635031751588,163,0.0081499999999999993
heavy_tail,20000,kll,sequential,128,47,,,0.90000000000000002,2.859594942881138,2.875138721444507,0.015543778563368971,17999,17980,17980,0.00095004750237511881,163,0.0081499999999999993
heavy_tail,20000,kll,sequential,128,47,,,0.98999999999999999,10.401174878193423,13.813202967028108,3.4120280888346848,19799,19689,19689,0.0055002750137506879,163,0.0081499999999999993
heavy_tail,20000,kll,balanced_merge,128,47,257,20260859,0.01,-22.544796189451528,-13.164012854605495,9.3807833348460328,199,86,86,0.0056502825141257059,100,0.0050000000000000001
heavy_tail,20000,kll,balanced_merge,128,47,257,20260859,0.10000000000000001,-3.144956856693355,-2.9008135571619906,0.24414329953136438,1999,1785,1785,0.010700535026751338,100,0.0050000000000000001
heavy_tail,20000,kll,balanced_merge,128,47,257,20260859,0.25,-1.5802472999791779,-1.583535778691336,0.0032884787121580938,4999,5020,5020,0.0010500525026251313,100,0.0050000000000000001
heavy_tail,20000,kll,balanced_merge,128,47,257,20260859,0.5,1.0003328641491223,-1.0020776007814378,2.0024104649305601,9999,10035,10035,0.0018000900045002249,100,0.0050000000000000001
heavy_tail,20000,kll,balanced_merge,128,47,257,20260859,0.75,1.5463257212282626,1.5738050763580405,0.027479355129777838,14999,14872,14872,0.0063503175158757938,100,0.0050000000000000001
heavy_tail,20000,kll,balanced_merge,128,47,257,20260859,0.90000000000000002,2.8666636858093733,2.875138721444507,0.008475035635133743,17999,17987,17987,0.00060003000150007501,100,0.0050000000000000001
heavy_tail,20000,kll,balanced_merge,128,47,257,20260859,0.98999999999999999,20.568959421842489,13.813202967028108,6.7557564548143816,19799,19888,19888,0.0044502225111255561,100,0.0050000000000000001
heavy_tail,20000,kll,sequential,128,83,,,0.01,-16.889628008145067,-13.164012854605495,3.7256151535395716,199,135,135,0.0032001600080003999,163,0.0081499999999999993
heavy_tail,20000,kll,sequential,128,83,,,0.10000000000000001,-3.0716700795646648,-2.9008135571619906,0.17085652240267413,1999,1851,1851,0.0074003700185009246,163,0.0081499999999999993
heavy_tail,20000,kll,sequential,128,83,,,0.25,-1.6296983093536097,-1.583535778691336,0.046162530662273715,4999,4811,4811,0.0094004700235011743,163,0.0081499999999999993
heavy_tail,20000,kll,sequential,128,83,,,0.5,-1.00730400079315,-1.0020776007814378,0.0052264000117121512,9999,9920,9920,0.0039501975098754942,163,0.0081499999999999993
heavy_tail,20000,kll,sequential,128,83,,,0.75,1.5650131035462711,1.5738050763580405,0.0087919728117693552,14999,14956,14956,0.0021501075053752686,163,0.0081499999999999993
heavy_tail,20000,kll,sequential,128,83,,,0.90000000000000002,2.7366686492918739,2.875138721444507,0.13847007215263307,17999,17823,17823,0.0088004400220011002,163,0.0081499999999999993
heavy_tail,20000,kll,sequential,128,83,,,0.98999999999999999,10.356121143606162,13.813202967028108,3.4570818234219463,19799,19685,19685,0.0057002850142507128,163,0.0081499999999999993
heavy_tail,20000,kll,balanced_merge,128,83,257,20260895,0.01,-18.375197807469213,-13.164012854605495,5.211184952863718,199,116,116,0.0041502075103755191,100,0.0050000000000000001
heavy_tail,20000,kll,balanced_merge,128,83,257,20260895,0.10000000000000001,-2.9925877265083276,-2.9008135571619906,0.091774169346336976,1999,1917,1917,0.0041002050102505122,100,0.0050000000000000001
heavy_tail,20000,kll,balanced_merge,128,83,257,20260895,0.25,-1.6090977066789218,-1.583535778691336,0.025561927987585831,4999,4897,4897,0.0051002550127506379,100,0.0050000000000000001
heavy_tail,20000,kll,balanced_merge,128,83,257,20260895,0.5,1.0020575455182807,-1.0020776007814378,2.0041351462997188,9999,10066,10066,0.0033501675083754188,100,0.0050000000000000001
heavy_tail,20000,kll,balanced_merge,128,83,257,20260895,0.75,1.58439524819628,1.5738050763580405,0.010590171838239515,14999,15064,15064,0.0032501625081254064,100,0.0050000000000000001
heavy_tail,20000,kll,balanced_merge,128,83,257,20260895,0.90000000000000002,2.7132102686006734,2.875138721444507,0.16192845284383361,17999,17794,17794,0.010250512525626282,100,0.0050000000000000001
heavy_tail,20000,kll,balanced_merge,128,83,257,20260895,0.98999999999999999,9.6985350021098249,13.813202967028108,4.1146679649182829,19799,19652,19652,0.0073503675183759186,100,0.0050000000000000001
heavy_tail,20000,kll,sequential,128,101,,,0.01,-42.974539929746641,-13.164012854605495,29.810527075141145,199,41,41,0.0079003950197509883,163,0.0081499999999999993
heavy_tail,20000,kll,sequential,128,101,,,0.10000000000000001,-2.9969015537660475,-2.9008135571619906,0.096087996604056869,1999,1911,1911,0.0044002200110005501,163,0.0081499999999999993
heavy_tail,20000,kll,sequential,128,101,,,0.25,-1.6315246772794505,-1.583535778691336,0.047988898588114504,4999,4799,4799,0.01000050002500125,163,0.0081499999999999993
heavy_tail,20000,kll,sequential,128,101,,,0.5,-1.0090711533408934,-1.0020776007814378,0.0069935525594555514,9999,9887,9887,0.0056002800140006999,163,0.0081499999999999993
heavy_tail,20000,kll,sequential,128,101,,,0.75,1.5440840264708697,1.5738050763580405,0.029721049887170725,14999,14859,14859,0.0070003500175008747,163,0.0081499999999999993
heavy_tail,20000,kll,sequential,128,101,,,0.90000000000000002,2.8584663629366651,2.875138721444507,0.016672358507841878,17999,17977,17977,0.0011000550027501375,163,0.0081499999999999993
heavy_tail,20000,kll,sequential,128,101,,,0.98999999999999999,10.084305872218957,13.813202967028108,3.7288970948091507,19799,19675,19675,0.0062003100155007748,163,0.0081499999999999993
heavy_tail,20000,kll,balanced_merge,128,101,257,20260913,0.01,-11.281591133466685,-13.164012854605495,1.8824217211388099,199,260,260,0.0030501525076253814,100,0.0050000000000000001
heavy_tail,20000,kll,balanced_merge,128,101,257,20260913,0.10000000000000001,-2.9008135571619906,-2.9008135571619906,0,1999,1999,1999,0,100,0.0050000000000000001
heavy_tail,20000,kll,balanced_merge,128,101,257,20260913,0.25,-1.5958609925221388,-1.583535778691336,0.012325213830802761,4999,4952,4952,0.0023501175058752936,100,0.0050000000000000001
heavy_tail,20000,kll,balanced_merge,128,101,257,20260913,0.5,1.01067579638772,-1.0020776007814378,2.012753397169158,9999,10197,10197,0.009900495024751238,100,0.0050000000000000001
heavy_tail,20000,kll,balanced_merge,128,101,257,20260913,0.75,1.5959280524837658,1.5738050763580405,0.022122976125725335,14999,15116,15116,0.0058502925146257309,100,0.0050000000000000001
heavy_tail,20000,kll,balanced_merge,128,101,257,20260913,0.90000000000000002,2.7981561180523888,2.875138721444507,0.076982603392118154,17999,17898,17898,0.005050252512625631,100,0.0050000000000000001
heavy_tail,20000,kll,balanced_merge,128,101,257,20260913,0.98999999999999999,15.432456638292868,13.813202967028108,1.6192536712647598,19799,19836,19836,0.0018500925046252312,100,0.0050000000000000001
regime_change,20000,exact_median,exact,,,,,,-0.51869675014341843,-0.51869675014341843,0,,,,,20000,1
regime_change,20000,kll,sequential,32,11,,,0.01,-2.9526199008657832,-2.9964655330532235,0.043845632187440309,199,263,263,0.0032001600080003999,35,0.00175
regime_change,20000,kll,sequential,32,11,,,0.10000000000000001,-2.563898521560978,-2.4165325302487011,0.1473659913122769,1999,1257,1257,0.03710185509275464,35,0.00175
regime_change,20000,kll,sequential,32,11,,,0.25,-2.0991722499289973,-2.0001219066508846,0.099050343278112685,4999,4258,4258,0.037051852592629629,35,0.00175
regime_change,20000,kll,sequential,32,11,,,0.5,-1.2782454340160641,-0.51909894632882314,0.75914648768724091,9999,9237,9237,0.038101905095254761,35,0.00175
regime_change,20000,kll,sequential,32,11,,,0.75,2.6437759211169998,2.9891420656643359,0.34536614454733616,14999,13848,13848,0.057552877643882193,35,0.00175
regime_change,20000,kll,sequential,32,11,,,0.90000000000000002,3.7778083545035361,4.0113231646777718,0.2335148101742357,17999,17404,17404,0.029751487574378718,35,0.00175
regime_change,20000,kll,sequential,32,11,,,0.98999999999999999,4.3164195836508314,5.5203054736623329,1.2038858900115015,19799,18612,18612,0.059352967648382417,35,0.00175
regime_change,20000,kll,balanced_merge,32,11,257,20260823,0.01,-2.8705821819139201,-2.9964655330532235,0.12588335113930338,199,377,377,0.0089004450222511123,68,0.0033999999999999998
regime_change,20000,kll,balanced_merge,32,11,257,20260823,0.10000000000000001,-2.4112897421941177,-2.4165325302487011,0.0052427880545833361,1999,2035,2035,0.0018000900045002249,68,0.0033999999999999998
regime_change,20000,kll,balanced_merge,32,11,257,20260823,0.25,-1.9876373087888326,-2.0001219066508846,0.012484597862052027,4999,5091,5091,0.0046002300115005751,68,0.0033999999999999998
regime_change,20000,kll,balanced_merge,32,11,257,20260823,0.5,-0.53595122803401685,-0.51909894632882314,0.016852281705193706,9999,9998,9998,5.0002500125006248e-05,68,0.0033999999999999998
regime_change,20000,kll,balanced_merge,32,11,257,20260823,0.75,2.9756413648539217,2.9891420656643359,0.013500700810414212,14999,14948,14948,0.002550127506375319,68,0.0033999999999999998
regime_change,20000,kll,balanced_merge,32,11,257,20260823,0.90000000000000002,3.9924875448316794,4.0113231646777718,0.018835619846092388,17999,17942,17942,0.0028501425071253564,68,0.0033999999999999998
regime_change,20000,kll,balanced_merge,32,11,257,20260823,0.98999999999999999,5.3580523963453688,5.5203054736623329,0.16225307731696414,19799,19728,19728,0.0035501775088754438,68,0.0033999999999999998
regime_change,20000,kll,sequential,32,29,,,0.01,-2.6261824386699972,-2.9964655330532235,0.37028309438322626,199,1005,1005,0.04030201510075504,35,0.00175
regime_change,20000,kll,sequential,32,29,,,0.10000000000000001,-2.3897889896688067,-2.4165325302487011,0.026743540579894365,1999,2161,2161,0.0081004050202510124,35,0.00175
regime_change,20000,kll,sequential,32,29,,,0.25,-2.0179685405333534,-2.0001219066508846,0.017846633882468765,4999,4885,4885,0.0057002850142507128,35,0.00175
regime_change,20000,kll,sequential,32,29,,,0.5,0.88418309392544225,-0.51909894632882314,1.4032820402542654,9999,10405,10405,0.020301015050752536,35,0.00175
regime_change,20000,kll,sequential,32,29,,,0.75,3.0419344070691103,2.9891420656643359,0.052792341404774401,14999,15183,15183,0.0092004600230011502,35,0.00175
regime_change,20000,kll,sequential,32,29,,,0.90000000000000002,4.3035247357524762,4.0113231646777718,0.29220157107470435,17999,18588,18588,0.029451472573628682,35,0.00175
regime_change,20000,kll,sequential,32,29,,,0.98999999999999999,5.512240681781317,5.5203054736623329,0.0080647918810159425,19799,19798,19798,5.0002500125006248e-05,35,0.00175
regime_change,20000,kll,balanced_merge,32,29,257,20260841,0.01,-2.9931311975091388,-2.9964655330532235,0.0033343355440846878,199,204,204,0.00025001250062503126,68,0.0033999999999999998
regime_change,20000,kll,balanced_merge,32,29,257,20260841,0.10000000000000001,-2.4357578556995167,-2.4165325302487011,0.019225325450815678,1999,1905,1905,0.0047002350117505871,68,0.0033999999999999998
regime_change,20000,kll,balanced_merge,32,29,257,20260841,0.25,-2.0424272170175795,-2.0001219066508846,0.042305310366694826,4999,4690,4690,0.015450772538626931,68,0.0033999999999999998
regime_change,20000,kll,balanced_merge,32,29,257,20260841,0.5,-0.73192121825853018,-0.51909894632882314,0.21282227192970704,9999,9947,9947,0.002600130006500325,68,0.0033999999999999998
regime_change,20000,kll,balanced_merge,32,29,257,20260841,0.75,2.9963934078532337,2.9891420656643359,0.0072513421888977803,14999,15012,15012,0.00065003250162508125,68,0.0033999999999999998
regime_change,20000,kll,balanced_merge,32,29,257,20260841,0.90000000000000002,4.0477778268582201,4.0113231646777718,0.036454662180448238,17999,18082,18082,0.0041502075103755191,68,0.0033999999999999998
regime_change,20000,kll,balanced_merge,32,29,257,20260841,0.98999999999999999,5.4712828250880143,5.5203054736623329,0.049022648574318595,19799,19780,19780,0.00095004750237511881,68,0.0033999999999999998
regime_change,20000,kll,sequential,32,47,,,0.01,-2.8067095625471472,-2.9964655330532235,0.18975597050607629,199,490,490,0.014550727536376819,35,0.00175
regime_change,20000,kll,sequential,32,47,,,0.10000000000000001,-2.4989055367497928,-2.4165325302487011,0.082373006501091695,1999,1577,1577,0.021101055052752636,35,0.00175
regime_change,20000,kll,sequential,32,47,,,0.25,-2.0594464707012743,-2.0001219066508846,0.059324564050389661,4999,4539,4539,0.023001150057502875,35,0.00175
regime_change,20000,kll,sequential,32,47,,,0.5,-0.92580510297049035,-0.51909894632882314,0.4067061566416672,9999,9834,9834,0.0082504125206260305,35,0.00175
regime_change,20000,kll,sequential,32,47,,,0.75,3.0453142530017225,2.9891420656643359,0.056172187337386603,14999,15198,15198,0.009950497524876244,35,0.00175
regime_change,20000,kll,sequential,32,47,,,0.90000000000000002,4.2735421013616666,4.0113231646777718,0.26221893668389473,17999,18546,18546,0.027351367568378419,35,0.00175
regime_change,20000,kll,sequential,32,47,,,0.98999999999999999,5.8529095578470614,5.5203054736623329,0.33260408418472842,19799,19909,19909,0.0055002750137506879,35,0.00175
regime_change,20000,kll,balanced_merge,32,47,257,20260859,0.01,-2.9207664065606647,-2.9964655330532235,0.075699126492558833,199,299,299,0.005000250012500625,68,0.0033999999999999998
regime_change,20000,kll,balanced_merge,32,47,257,20260859,0.10000000000000001,-2.4400478441788107,-2.4165325302487011,0.023515313930109638,1999,1879,1879,0.0060003000150007499,68,0.0033999999999999998
regime_change,20000,kll,balanced_merge,32,47,257,20260859,0.25,-2.0047452530966479,-2.0001219066508846,0.0046233464457632323,4999,4972,4972,0.0013500675033751687,68,0.0033999999999999998
regime_change,20000,kll,balanced_merge,32,47,257,20260859,0.5,-0.88403170970819156,-0.51909894632882314,0.36493276337936842,9999,9861,9861,0.0069003450172508626,68,0.0033999999999999998
regime_change,20000,kll,balanced_merge,32,47,257,20260859,0.75,2.8691461102809632,2.9891420656643359,0.11999595538337271,14999,14588,14588,0.020551027551377568,68,0.0033999999999999998
regime_change,20000,kll,balanced_merge,32,47,257,20260859,0.90000000000000002,3.9162319576918856,4.0113231646777718,0.095091206985886245,17999,17764,17764,0.01175058752937647,68,0.0033999999999999998
regime_change,20000,kll,balanced_merge,32,47,257,20260859,0.98999999999999999,4.7329766301244733,5.5203054736623329,0.78732884353785959,19799,19216,19216,0.029151457572878643,68,0.0033999999999999998
regime_change,20000,kll,sequential,32,83,,,0.01,-2.68352902948872,-2.9964655330532235,0.31293650356450353,199,808,808,0.030451522576128806,35,0.00175
regime_change,20000,kll,sequential,32,83,,,0.10000000000000001,-2.4147233931903496,-2.4165325302487011,0.0018091370583515065,1999,2014,2014,0.00075003750187509373,35,0.00175
regime_change,20000,kll,sequential,32,83,,,0.25,-1.9669764589923171,-2.0001219066508846,0.033145447658567528,4999,5272,5272,0.013650682534126707,35,0.00175
regime_change,20000,kll,sequential,32,83,,,0.5,-0.64793526106159782,-0.51909894632882314,0.12883631473277468,9999,9975,9975,0.00120006000300015,35,0.00175
regime_change,20000,kll,sequential,32,83,,,0.75,2.9799544257355182,2.9891420656643359,0.0091876399288177701,14999,14966,14966,0.0016500825041252062,35,0.00175
regime_change,20000,kll,sequential,32,83,,,0.90000000000000002,4.3119105149638539,4.0113231646777718,0.30058735028608208,17999,18603,18603,0.030201510075503774,35,0.00175
regime_change,20000,kll,sequential,32,83,,,0.98999999999999999,5.0200139873737619,5.5203054736623329,0.50029148628857101,19799,19509,19509,0.014500725036251813,35,0.00175
regime_change,20000,kll,balanced_merge,32,83,257,20260895,0.01,-3.0542045276198779,-2.9964655330532235,0.057738994566654434,199,154,154,0.0022501125056252811,68,0.0033999999999999998
regime_change,20000,kll,balanced_merge,32,83,257,20260895,0.10000000000000001,-2.4735523219950912,-2.4165325302487011,0.057019791746390158,1999,1705,1705,0.014700735036751837,68,0.0033999999999999998
regime_change,20000,kll,balanced_merge,32,83,257,20260895,0.25,-2.0094588557901658,-2.0001219066508846,0.009336949139281181,4999,4944,4944,0.0027501375068753439,68,0.0033999999999999998
regime_change,20000,kll,balanced_merge,32,83,257,20260895,0.5,-0.89284250229217532,-0.51909894632882314,0.37374355596335218,9999,9856,9856,0.0071503575178758936,68,0.0033999999999999998
regime_change,20000,kll,balanced_merge,32,83,257,20260895,0.75,2.9771961665104101,2.9891420656643359,0.011945899153925854,14999,14951,14951,0.0024001200060003,68,0.0033999999999999998
regime_change,20000,kll,balanced_merge,32,83,257,20260895,0.90000000000000002,3.8389454366130482,4.0113231646777718,0.17237772806472362,17999,17559,17559,0.022001100055002751,68,0.0033999999999999998
regime_change,20000,kll,balanced_merge,32,83,257,20260895,0.98999999999999999,4.7728326199050439,5.5203054736623329,0.747472853757289,19799,19269,19269,0.026501325066253311,68,0.0033999999999999998
regime_change,20000,kll,sequential,32,101,,,0.01,-3.1713123548971178,-2.9964655330532235,0.17484682184389433,199,81,81,0.0059002950147507378,35,0.00175
regime_change,20000,kll,sequential,32,101,,,0.10000000000000001,-2.5362399504035316,-2.4165325302487011,0.11970742015483049,1999,1399,1399,0.03000150007500375,35,0.00175
regime_change,20000,kll,sequential,32,101,,,0.25,-2.0939420089334395,-2.0001219066508846,0.093820102282554885,4999,4287,4287,0.035601780089004449,35,0.00175
regime_change,20000,kll,sequential,32,101,,,0.5,-1.1520877024177225,-0.51909894632882314,0.63298875608889937,9999,9519,9519,0.024001200060002999,35,0.00175
regime_change,20000,kll,sequential,32,101,,,0.75,2.7636873361476688,2.9891420656643359,0.22545472951666712,14999,14253,14253,0.037301865093254664,35,0.00175
regime_change,20000,kll,sequential,32,101,,,0.90000000000000002,3.987288260195764,4.0113231646777718,0.024034904482007846,17999,17928,17928,0.0035501775088754438,35,0.00175
regime_change,20000,kll,sequential,32,101,,,0.98999999999999999,4.4072371078746553,5.5203054736623329,1.1130683657876776,19799,18770,18770,0.051452572628631434,35,0.00175
regime_change,20000,kll,balanced_merge,32,101,257,20260913,0.01,-3.2727040161504553,-2.9964655330532235,0.27623848309723176,199,53,53,0.0073003650182509126,68,0.0033999999999999998
regime_change,20000,kll,balanced_merge,32,101,257,20260913,0.10000000000000001,-2.4802206290883317,-2.4165325302487011,0.063688098839630669,1999,1670,1670,0.016450822541127057,68,0.0033999999999999998
regime_change,20000,kll,balanced_merge,32,101,257,20260913,0.25,-2.0470295918696775,-2.0001219066508846,0.046907685218792849,4999,4647,4647,0.0176008800440022,68,0.0033999999999999998
regime_change,20000,kll,balanced_merge,32,101,257,20260913,0.5,-0.73742460819454547,-0.51909894632882314,0.21832566186572233,9999,9946,9946,0.0026501325066253315,68,0.0033999999999999998
regime_change,20000,kll,balanced_merge,32,101,257,20260913,0.75,2.9726253976238577,2.9891420656643359,0.016516668040478244,14999,14937,14937,0.0031001550077503874,68,0.0033999999999999998
regime_change,20000,kll,balanced_merge,32,101,257,20260913,0.90000000000000002,4.1029429807786766,4.0113231646777718,0.09161981610090475,17999,18206,18206,0.010350517525876294,68,0.0033999999999999998
regime_change,20000,kll,balanced_merge,32,101,257,20260913,0.98999999999999999,5.233894151410496,5.5203054736623329,0.28641132225183696,19799,19661,19661,0.0069003450172508626,68,0.0033999999999999998
regime_change,20000,kll,sequential,64,11,,,0.01,-3.1640408619431017,-2.9964655330532235,0.16757532888987825,199,86,86,0.0056502825141257059,125,0.0062500000000000003
regime_change,20000,kll,sequential,64,11,,,0.10000000000000001,-2.5028918152194959,-2.4165325302487011,0.086359284970794814,1999,1559,1559,0.022001100055002751,125,0.0062500000000000003
regime_change,20000,kll,sequential,64,11,,,0.25,-2.0531405639860503,-2.0001219066508846,0.053018657335165642,4999,4597,4597,0.020101005050252512,125,0.0062500000000000003
regime_change,20000,kll,sequential,64,11,,,0.5,-0.93657709383336152,-0.51909894632882314,0.41747814750453838,9999,9824,9824,0.0087504375218760942,125,0.0062500000000000003
regime_change,20000,kll,sequential,64,11,,,0.75,2.9986246312600002,2.9891420656643359,0.009482565595664294,14999,15016,15016,0.00085004250212510621,125,0.0062500000000000003
regime_change,20000,kll,sequential,64,11,,,0.90000000000000002,3.9502128328176802,4.0113231646777718,0.061110331860091627,17999,17846,17846,0.0076503825191259565,125,0.0062500000000000003
regime_change,20000,kll,sequential,64,11,,,0.98999999999999999,5.2308405309213466,5.5203054736623329,0.28946494274098633,19799,19659,19659,0.0070003500175008747,125,0.0062500000000000003
regime_change,20000,kll,balanced_merge,64,11,257,20260823,0.01,-3.089206109703011,-2.9964655330532235,0.092740576649787521,199,131,131,0.0034001700085004249,105,0.0052500000000000003
regime_change,20000,kll,balanced_merge,64,11,257,20260823,0.10000000000000001,-2.4014603571255568,-2.4165325302487011,0.015072173123144239,1999,2092,2092,0.0046502325116255811,105,0.0052500000000000003
regime_change,20000,kll,balanced_merge,64,11,257,20260823,0.25,-1.9847424574596875,-2.0001219066508846,0.015379449191197159,4999,5105,5105,0.0053002650132506629,105,0.0052500000000000003
regime_change,20000,kll,balanced_merge,64,11,257,20260823,0.5,-0.39864044143394173,-0.51909894632882314,0.12045850489488141,9999,10015,10015,0.00080004000200009997,105,0.0052500000000000003
regime_change,20000,kll,balanced_merge,64,11,257,20260823,0.75,2.9646346318036607,2.9891420656643359,0.024507433860675221,14999,14910,14910,0.0044502225111255561,105,0.0052500000000000003
regime_change,20000,kll,balanced_merge,64,11,257,20260823,0.90000000000000002,4.0254538299292104,4.0113231646777718,0.014130665251438579,17999,18021,18021,0.0011000550027501375,105,0.0052500000000000003
regime_change,20000,kll,balanced_merge,64,11,257,20260823,0.98999999999999999,5.4157927270051225,5.5203054736623329,0.10451274665721044,19799,19756,19756,0.0021501075053752686,105,0.0052500000000000003
regime_change,20000,kll,sequential,64,29,,,0.01,-2.9024312057505655,-2.9964655330532235,0.094034327302658038,199,323,323,0.0062003100155007748,125,0.0062500000000000003
regime_change,20000,kll,sequential,64,29,,,0.10000000000000001,-2.3587387471496681,-2.4165325302487011,0.057793783099032936,1999,2344,2344,0.017250862543127157,125,0.0062500000000000003
regime_change,20000,kll,sequential,64,29,,,0.25,-1.9632558464789076,-2.0001219066508846,0.036866060171977022,4999,5307,5307,0.015400770038501925,125,0.0062500000000000003
regime_change,20000,kll,sequential,64,29,,,0.5,0.44015376573051013,-0.51909894632882314,0.95925271205933327,9999,10171,10171,0.0086004300215010744,125,0.0062500000000000003
regime_change,20000,kll,sequential,64,29,,,0.75,2.9973139124583623,2.9891420656643359,0.0081718467940263828,14999,15014,15014,0.00075003750187509373,125,0.0062500000000000003
regime_change,20000,kll,sequential,64,29,,,0.90000000000000002,3.9390150286637855,4.0113231646777718,0.072308136013986335,17999,17817,17817,0.0091004550227511381,125,0.0062500000000000003
regime_change,20000,kll,sequential,64,29,,,0.98999999999999999,5.9791253283850496,5.5203054736623329,0.45881985472271669,19799,19930,19930,0.0065503275163758187,125,0.0062500000000000003
regime_change,20000,kll,balanced_merge,64,29,257,20260841,0.01,-3.1029414630845737,-2.9964655330532235,0.10647593003135025,199,121,121,0.0039001950097504877,105,0.0052500000000000003
regime_change,20000,kll,balanced_merge,64,29,257,20260841,0.10000000000000001,-2.4307350911096268,-2.4165325302487011,0.01420256086092575,1999,1934,1934,0.0032501625081254064,105,0.0052500000000000003
regime_change,20000,kll,balanced_merge,64,29,257,20260841,0.25,-2.0127710624314572,-2.0001219066508846,0.012649155780572574,4999,4928,4928,0.0035501775088754438,105,0.0052500000000000003
regime_change,20000,kll,balanced_merge,64,29,257,20260841,0.5,-0.8395027268156825,-0.51909894632882314,0.32040378048685936,9999,9892,9892,0.0053502675133756689,105,0.0052500000000000003
regime_change,20000,kll,balanced_merge,64,29,257,20260841,0.75,2.9632956330061817,2.9891420656643359,0.025846432658154228,14999,14905,14905,0.0047002350117505871,105,0.0052500000000000003
regime_change,20000,kll,balanced_merge,64,29,257,20260841,0.90000000000000002,3.9495176220046084,4.0113231646777718,0.061805542673163405,17999,17844,17844,0.0077503875193759685,105,0.0052500000000000003
regime_change,20000,kll,balanced_merge,64,29,257,20260841,0.98999999999999999,5.2030836488837746,5.5203054736623329,0.31722182477855831,19799,19648,19648,0.0075503775188759436,105,0.0052500000000000003
regime_change,20000,kll,sequential,64,47,,,0.01,-3.4267108069526513,-2.9964655330532235,0.43024527389942779,199,21,21,0.0089004450222511123,125,0.0062500000000000003
regime_change,20000,kll,sequential,64,47,,,0.10000000000000001,-2.4021263724810766,-2.4165325302487011,0.014406157767624439,1999,2086,2086,0.0043502175108755441,125,0.0062500000000000003
regime_change,20000,kll,sequential,64,47,,,0.25,-1.9731552071845153,-2.0001219066508846,0.026966699466369315,4999,5235,5235,0.011800590029501476,125,0.0062500000000000003
regime_change,20000,kll,sequential,64,47,,,0.5,-0.45185221092756578,-0.51909894632882314,0.067246735401257363,9999,10010,10010,0.00055002750137506877,125,0.0062500000000000003
regime_change,20000,kll,sequential,64,47,,,0.75,3.0199275678182023,2.9891420656643359,0.030785502153866329,14999,15083,15083,0.0042002100105005252,125,0.0062500000000000003
regime_change,20000,kll,sequential,64,47,,,0.90000000000000002,4.0980140486634218,4.0113231646777718,0.086690883985649947,17999,18192,18192,0.0096504825241262061,125,0.0062500000000000003
regime_change,20000,kll,sequential,64,47,,,0.98999999999999999,5.6276490396015593,5.5203054736623329,0.10734356593922634,19799,19840,19840,0.0020501025051252561,125,0.0062500000000000003
regime_change,20000,kll,balanced_merge,64,47,257,20260859,0.01,-3.0695608039812656,-2.9964655330532235,0.073095270928042133,199,144,144,0.0027501375068753439,105,0.0052500000000000003
regime_change,20000,kll,balanced_merge,64,47,257,20260859,0.10000000000000001,-2.4365200236739954,-2.4165325302487011,0.019987493425294378,1999,1902,1902,0.0048502425121256061,105,0.0052500000000000003
regime_change,20000,kll,balanced_merge,64,47,257,20260859,0.25,-2.0189431761279621,-2.0001219066508846,0.018821269477077518,4999,4876,4876,0.0061503075153757688,105,0.0052500000000000003
regime_change,20000,kll,balanced_merge,64,47,257,20260859,0.5,-0.84666713341038324,-0.51909894632882314,0.3275681870815601,9999,9885,9885,0.0057002850142507128,105,0.0052500000000000003
regime_change,20000,kll,balanced_merge,64,47,257,20260859,0.75,2.9656117985736592,2.9891420656643359,0.023530267090676737,14999,14914,14914,0.0042502125106255312,105,0.0052500000000000003
regime_change,20000,kll,balanced_merge,64,47,257,20260859,0.90000000000000002,3.9816430666013471,4.0113231646777718,0.029680098076424688,17999,17916,17916,0.0041502075103755191,105,0.0052500000000000003
regime_change,20000,kll,balanced_merge,64,47,257,20260859,0.98999999999999999,5.233894151410496,5.5203054736623329,0.28641132225183696,19799,19661,19661,0.0069003450172508626,105,0.0052500000000000003
regime_change,20000,kll,sequential,64,83,,,0.01,-2.9827519054028242,-2.9964655330532235,0.013713627650399296,199,221,221,0.0011000550027501375,125,0.0062500000000000003
regime_change,20000,kll,sequential,64,83,,,0.10000000000000001,-2.3978391875828375,-2.4165325302487011,0.018693342665863533,1999,2119,2119,0.0060003000150007499,125,0.0062500000000000003
regime_change,20000,kll,sequential,64,83,,,0.25,-1.9993495336852289,-2.0001219066508846,0.00077237296565568769,4999,5010,5010,0.00055002750137506877,125,0.0062500000000000003
regime_change,20000,kll,sequential,64,83,,,0.5,0.41757925113498162,-0.51909894632882314,0.93667819746380476,9999,10160,10160,0.0080504025201260064,125,0.0062500000000000003
regime_change,20000,kll,sequential,64,83,,,0.75,2.9682887654119288,2.9891420656643359,0.02085330025240717,14999,14921,14921,0.0039001950097504877,125,0.0062500000000000003
regime_change,20000,kll,sequential,64,83,,,0.90000000000000002,4.0839791926688722,4.0113231646777718,0.07265602799110038,17999,18154,18154,0.0077503875193759685,125,0.0062500000000000003
regime_change,20000,kll,sequential,64,83,,,0.98999999999999999,5.3342070517385638,5.5203054736623329,0.18609842192376913,19799,19715,19715,0.0042002100105005252,125,0.0062500000000000003
regime_change,20000,kll,balanced_merge,64,83,257,20260895,0.01,-3.3051714645038999,-2.9964655330532235,0.30870593145067637,199,41,41,0.0079003950197509883,105,0.0052500000000000003
regime_change,20000,kll,balanced_merge,64,83,257,20260895,0.10000000000000001,-2.4057645917867689,-2.4165325302487011,0.010767938461932136,1999,2067,2067,0.0034001700085004249,105,0.0052500000000000003
regime_change,20000,kll,balanced_merge,64,83,257,20260895,0.25,-1.9999749224293268,-2.0001219066508846,0.00014698422155778879,4999,5002,5002,0.00015000750037501875,105,0.0052500000000000003
regime_change,20000,kll,balanced_merge,64,83,257,20260895,0.5,-0.70473037189753263,-0.51909894632882314,0.18563142556870948,9999,9955,9955,0.0022001100055002751,105,0.0052500000000000003
regime_change,20000,kll,balanced_merge,64,83,257,20260895,0.75,2.9490306058922267,2.9891420656643359,0.040111459772109281,14999,14849,14849,0.0075003750187509375,105,0.0052500000000000003
regime_change,20000,kll,balanced_merge,64,83,257,20260895,0.90000000000000002,3.9167484068297709,4.0113231646777718,0.094574757848000957,17999,17766,17766,0.011650582529126456,105,0.0052500000000000003
regime_change,20000,kll,balanced_merge,64,83,257,20260895,0.98999999999999999,5.0816694407632248,5.5203054736623329,0.43863603289910813,19799,19564,19564,0.01175058752937647,105,0.0052500000000000003
regime_change,20000,kll,sequential,64,101,,,0.01,-3.2081036510221104,-2.9964655330532235,0.21163811796888687,199,68,68,0.0065503275163758187,125,0.0062500000000000003
regime_change,20000,kll,sequential,64,101,,,0.10000000000000001,-2.4307350911096268,-2.4165325302487011,0.01420256086092575,1999,1934,1934,0.0032501625081254064,125,0.0062500000000000003
regime_change,20000,kll,sequential,64,101,,,0.25,-1.9925000727580673,-2.0001219066508846,0.0076218338928173424,4999,5052,5052,0.0026501325066253315,125,0.0062500000000000003
regime_change,20000,kll,sequential,64,101,,,0.5,-0.089671314920718892,-0.51909894632882314,0.42942763140810425,9999,10050,10050,0.002550127506375319,125,0.0062500000000000003
regime_change,20000,kll,sequential,64,101,,,0.75,2.9669419127307992,2.9891420656643359,0.022200152933536721,14999,14917,14917,0.0041002050102505122,125,0.0062500000000000003
regime_change,20000,kll,sequential,64,101,,,0.90000000000000002,4.05107876653347,4.0113231646777718,0.039755601855698153,17999,18087,18087,0.0044002200110005501,125,0.0062500000000000003
regime_change,20000,kll,sequential,64,101,,,0.98999999999999999,5.244986571986626,5.5203054736623329,0.27531890167570694,19799,19666,19666,0.0066503325166258316,125,0.0062500000000000003
regime_change,20000,kll,balanced_merge,64,101,257,20260913,0.01,-3.208462517784441,-2.9964655330532235,0.21199698473121753,199,67,67,0.0066003300165008248,105,0.0052500000000000003
regime_change,20000,kll,balanced_merge,64,101,257,20260913,0.10000000000000001,-2.4469759312725348,-2.4165325302487011,0.030443401023833694,1999,1844,1844,0.0077503875193759685,105,0.0052500000000000003
regime_change,20000,kll,balanced_merge,64,101,257,20260913,0.25,-2.0137933711209031,-2.0001219066508846,0.013671464470018435,4999,4921,4921,0.0039001950097504877,105,0.0052500000000000003
regime_change,20000,kll,balanced_merge,64,101,257,20260913,0.5,-0.91475584782521091,-0.51909894632882314,0.39565690149638777,9999,9842,9842,0.0078503925196259806,105,0.0052500000000000003
regime_change,20000,kll,balanced_merge,64,101,257,20260913,0.75,2.9290519092943108,2.9891420656643359,0.060090156370025127,14999,14786,14786,0.010650532526626332,105,0.0052500000000000003
regime_change,20000,kll,balanced_merge,64,101,257,20260913,0.90000000000000002,3.9650254218692242,4.0113231646777718,0.046297742808547593,17999,17878,17878,0.0060503025151257559,105,0.0052500000000000003
regime_change,20000,kll,balanced_merge,64,101,257,20260913,0.98999999999999999,5.1017136561773722,5.5203054736623329,0.41859181748496077,19799,19575,19575,0.0112005600280014,105,0.0052500000000000003
regime_change,20000,kll,sequential,128,11,,,0.01,-3.0389720647288758,-2.9964655330532235,0.042506531675652326,199,166,166,0.0016500825041252062,163,0.0081499999999999993
regime_change,20000,kll,sequential,128,11,,,0.10000000000000001,-2.4166882578507387,-2.4165325302487011,0.00015572760203763636,1999,1998,1998,5.0002500125006248e-05,163,0.0081499999999999993
regime_change,20000,kll,sequential,128,11,,,0.25,-1.9975220483399025,-2.0001219066508846,0.0025998583109820839,4999,5021,5021,0.0011000550027501375,163,0.0081499999999999993
regime_change,20000,kll,sequential,128,11,,,0.5,-0.78438310357452412,-0.51909894632882314,0.26528415724570098,9999,9924,9924,0.0037501875093754688,163,0.0081499999999999993
regime_change,20000,kll,sequential,128,11,,,0.75,3.044626487604468,2.9891420656643359,0.055484421940132034,14999,15195,15195,0.0098004900245012242,163,0.0081499999999999993
regime_change,20000,kll,sequential,128,11,,,0.90000000000000002,4.0463137390039474,4.0113231646777718,0.034990574326175583,17999,18076,18076,0.0038501925096254812,163,0.0081499999999999993
regime_change,20000,kll,sequential,128,11,,,0.98999999999999999,5.5088292588883991,5.5203054736623329,0.011476214773933791,19799,19794,19794,0.00025001250062503126,163,0.0081499999999999993
regime_change,20000,kll,balanced_merge,128,11,257,20260823,0.01,-2.9952125023007086,-2.9964655330532235,0.0012530307525149276,199,201,201,0.0001000050002500125,100,0.0050000000000000001
regime_change,20000,kll,balanced_merge,128,11,257,20260823,0.10000000000000001,-2.4000810989239292,-2.4165325302487011,0.016451431324771892,1999,2103,2103,0.00520026001300065,100,0.0050000000000000001
regime_change,20000,kll,balanced_merge,128,11,257,20260823,0.25,-1.9903491203275434,-2.0001219066508846,0.0097727863233412204,4999,5073,5073,0.0037001850092504623,100,0.0050000000000000001
regime_change,20000,kll,balanced_merge,128,11,257,20260823,0.5,-0.51909894632882314,-0.51909894632882314,0,9999,9999,9999,0,100,0.0050000000000000001
regime_change,20000,kll,balanced_merge,128,11,257,20260823,0.75,2.9825916759618485,2.9891420656643359,0.0065503897024874469,14999,14972,14972,0.0013500675033751687,100,0.0050000000000000001
regime_change,20000,kll,balanced_merge,128,11,257,20260823,0.90000000000000002,3.9556565916498392,4.0113231646777718,0.055666573027932653,17999,17860,17860,0.0069503475173758687,100,0.0050000000000000001
regime_change,20000,kll,balanced_merge,128,11,257,20260823,0.98999999999999999,5.3528762227406315,5.5203054736623329,0.16742925092170147,19799,19727,19727,0.0036001800090004498,100,0.0050000000000000001
regime_change,20000,kll,sequential,128,29,,,0.01,-2.9827519054028242,-2.9964655330532235,0.013713627650399296,199,221,221,0.0011000550027501375,163,0.0081499999999999993
regime_change,20000,kll,sequential,128,29,,,0.10000000000000001,-2.4203311594654497,-2.4165325302487011,0.0037986292167486724,1999,1977,1977,0.0011000550027501375,163,0.0081499999999999993
regime_change,20000,kll,sequential,128,29,,,0.25,-1.9835324720548855,-2.0001219066508846,0.016589434595999153,4999,5114,5114,0.0057502875143757189,163,0.0081499999999999993
regime_change,20000,kll,sequential,128,29,,,0.5,0.14798639855127105,-0.51909894632882314,0.66708534488009419,9999,10097,10097,0.0049002450122506121,163,0.0081499999999999993
regime_change,20000,kll,sequential,128,29,,,0.75,2.9803724108498502,2.9891420656643359,0.0087696548144857722,14999,14968,14968,0.0015500775038751937,163,0.0081499999999999993
regime_change,20000,kll,sequential,128,29,,,0.90000000000000002,4.0720419865829571,4.0113231646777718,0.060718821905185294,17999,18131,18131,0.0066003300165008248,163,0.0081499999999999993
regime_change,20000,kll,sequential,128,29,,,0.98999999999999999,5.3955118137931217,5.5203054736623329,0.1247936598692112,19799,19745,19745,0.0027001350067503375,163,0.0081499999999999993
regime_change,20000,kll,balanced_merge,128,29,257,20260841,0.01,-3.2125097061383903,-2.9964655330532235,0.21604417308516677,199,64,64,0.0067503375168758437,100,0.0050000000000000001
regime_change,20000,kll,balanced_merge,128,29,257,20260841,0.10000000000000001,-2.429582606204804,-2.4165325302487011,0.013050075956102969,1999,1938,1938,0.0030501525076253814,100,0.0050000000000000001
regime_change,20000,kll,balanced_merge,128,29,257,20260841,0.25,-2.0120189645179081,-2.0001219066508846,0.011897057867023442,4999,4934,4934,0.0032501625081254064,100,0.0050000000000000001
regime_change,20000,kll,balanced_merge,128,29,257,20260841,0.5,-0.89725196461597334,-0.51909894632882314,0.3781530182871502,9999,9853,9853,0.0073003650182509126,100,0.0050000000000000001
regime_change,20000,kll,balanced_merge,128,29,257,20260841,0.75,2.9801957771419318,2.9891420656643359,0.0089462885224040889,14999,14967,14967,0.0016000800040001999,100,0.0050000000000000001
regime_change,20000,kll,balanced_merge,128,29,257,20260841,0.90000000000000002,3.944811515299993,4.0113231646777718,0.06651164937777887,17999,17832,17832,0.0083504175208760443,100,0.0050000000000000001
regime_change,20000,kll,balanced_merge,128,29,257,20260841,0.98999999999999999,5.1992465760470123,5.5203054736623329,0.32105889761532058,19799,19645,19645,0.0077003850192509625,100,0.0050000000000000001
regime_change,20000,kll,sequential,128,47,,,0.01,-3.4091283850337599,-2.9964655330532235,0.41266285198053643,199,26,26,0.0086504325216260804,163,0.0081499999999999993
regime_change,20000,kll,sequential,128,47,,,0.10000000000000001,-2.4644884934475786,-2.4165325302487011,0.047955963198877516,1999,1747,1747,0.012600630031501575,163,0.0081499999999999993
regime_change,20000,kll,sequential,128,47,,,0.25,-2.0220409997316948,-2.0001219066508846,0.021919093080810192,4999,4850,4850,0.0074503725186259315,163,0.0081499999999999993
regime_change,20000,kll,sequential,128,47,,,0.5,0.50955405802200593,-0.51909894632882314,1.0286530043508291,9999,10195,10195,0.0098004900245012242,163,0.0081499999999999993
regime_change,20000,kll,sequential,128,47,,,0.75,2.9682887654119288,2.9891420656643359,0.02085330025240717,14999,14921,14921,0.0039001950097504877,163,0.0081499999999999993
regime_change,20000,kll,sequential,128,47,,,0.90000000000000002,3.9881067150302623,4.0113231646777718,0.023216449647509574,17999,17931,17931,0.0034001700085004249,163,0.0081499999999999993
regime_change,20000,kll,sequential,128,47,,,0.98999999999999999,5.512240681781317,5.5203054736623329,0.0080647918810159425,19799,19798,19798,5.0002500125006248e-05,163,0.0081499999999999993
regime_change,20000,kll,balanced_merge,128,47,257,20260859,0.01,-2.9833438271437376,-2.9964655330532235,0.013121705909485915,199,219,219,0.001000050002500125,100,0.0050000000000000001
regime_change,20000,kll,balanced_merge,128,47,257,20260859,0.10000000000000001,-2.4008905800619575,-2.4165325302487011,0.015641950186743525,1999,2097,2097,0.0049002450122506121,100,0.0050000000000000001
regime_change,20000,kll,balanced_merge,128,47,257,20260859,0.25,-2.0213436365463999,-2.0001219066508846,0.021221729895515296,4999,4858,4858,0.0070503525176258816,100,0.0050000000000000001
regime_change,20000,kll,balanced_merge,128,47,257,20260859,0.5,0.071938406663614174,-0.51909894632882314,0.59103735299243731,9999,10079,10079,0.0040002000100005002,100,0.0050000000000000001
regime_change,20000,kll,balanced_merge,128,47,257,20260859,0.75,3.023122505633197,2.9891420656643359,0.03398043996886102,14999,15099,15099,0.005000250012500625,100,0.0050000000000000001
regime_change,20000,kll,balanced_merge,128,47,257,20260859,0.90000000000000002,4.0348542540836281,4.0113231646777718,0.023531089405856243,17999,18043,18043,0.0022001100055002751,100,0.0050000000000000001
regime_change,20000,kll,balanced_merge,128,47,257,20260859,0.98999999999999999,5.8832953970411079,5.5203054736623329,0.362989923378775,19799,19914,19914,0.0057502875143757189,100,0.0050000000000000001
regime_change,20000,kll,sequential,128,83,,,0.01,-2.9583323119575655,-2.9964655330532235,0.038133221095657976,199,255,255,0.00280014000700035,163,0.0081499999999999993
regime_change,20000,kll,sequential,128,83,,,0.10000000000000001,-2.4201810611955397,-2.4165325302487011,0.0036485309468385907,1999,1978,1978,0.0010500525026251313,163,0.0081499999999999993
regime_change,20000,kll,sequential,128,83,,,0.25,-2.0274316485550297,-2.0001219066508846,0.027309741904145035,4999,4810,4810,0.009450472523626182,163,0.0081499999999999993
regime_change,20000,kll,sequential,128,83,,,0.5,-0.8403093781979345,-0.51909894632882314,0.32121043186911136,9999,9891,9891,0.005400270013500675,163,0.0081499999999999993
regime_change,20000,kll,sequential,128,83,,,0.75,2.9031454992734971,2.9891420656643359,0.085996566390838858,14999,14708,14708,0.014550727536376819,163,0.0081499999999999993
regime_change,20000,kll,sequential,128,83,,,0.90000000000000002,3.9752570288152205,4.0113231646777718,0.036066135862551363,17999,17903,17903,0.0048002400120006001,163,0.0081499999999999993
regime_change,20000,kll,sequential,128,83,,,0.98999999999999999,5.3422392482342538,5.5203054736623329,0.17806622542807915,19799,19722,19722,0.0038501925096254812,163,0.0081499999999999993
regime_change,20000,kll,balanced_merge,128,83,257,20260895,0.01,-2.9827519054028242,-2.9964655330532235,0.013713627650399296,199,221,221,0.0011000550027501375,100,0.0050000000000000001
regime_change,20000,kll,balanced_merge,128,83,257,20260895,0.10000000000000001,-2.4205693122864096,-2.4165325302487011,0.0040367820377085195,1999,1975,1975,0.00120006000300015,100,0.0050000000000000001
regime_change,20000,kll,balanced_merge,128,83,257,20260895,0.25,-1.9934853499314933,-2.0001219066508846,0.00663655671939134,4999,5045,5045,0.0023001150057502875,100,0.0050000000000000001
regime_change,20000,kll,balanced_merge,128,83,257,20260895,0.5,-0.89936712722265821,-0.51909894632882314,0.38026818089383507,9999,9852,9852,0.0073503675183759186,100,0.0050000000000000001
regime_change,20000,kll,balanced_merge,128,83,257,20260895,0.75,2.9803724108498502,2.9891420656643359,0.0087696548144857722,14999,14968,14968,0.0015500775038751937,100,0.0050000000000000001
regime_change,20000,kll,balanced_merge,128,83,257,20260895,0.90000000000000002,3.9770723314165362,4.0113231646777718,0.03425083326123568,17999,17906,17906,0.0046502325116255811,100,0.0050000000000000001
regime_change,20000,kll,balanced_merge,128,83,257,20260895,0.98999999999999999,5.2641863137774418,5.5203054736623329,0.25611915988489109,19799,19674,19674,0.0062503125156257817,100,0.0050000000000000001
regime_change,20000,kll,sequential,128,101,,,0.01,-3.7301923424241838,-2.9964655330532235,0.73372680937096035,199,4,4,0.0097504875243762182,163,0.0081499999999999993
regime_change,20000,kll,sequential,128,101,,,0.10000000000000001,-2.447604192796164,-2.4165325302487011,0.031071662547462964,1999,1838,1838,0.0080504025201260064,163,0.0081499999999999993
regime_change,20000,kll,sequential,128,101,,,0.25,-2.023354682100428,-2.0001219066508846,0.023232775449543386,4999,4837,4837,0.0081004050202510124,163,0.0081499999999999993
regime_change,20000,kll,sequential,128,101,,,0.5,-0.21440686813795784,-0.51909894632882314,0.3046920781908653,9999,10034,10034,0.0017500875043752187,163,0.0081499999999999993
regime_change,20000,kll,sequential,128,101,,,0.75,2.9365031811843725,2.9891420656643359,0.052638884479963455,14999,14809,14809,0.0095004750237511881,163,0.0081499999999999993
regime_change,20000,kll,sequential,128,101,,,0.90000000000000002,3.9687659454437383,4.0113231646777718,0.04255721923403355,17999,17888,17888,0.0055502775138756939,163,0.0081499999999999993
regime_change,20000,kll,sequential,128,101,,,0.98999999999999999,5.3173535847391955,5.5203054736623329,0.20295188892313742,19799,19705,19705,0.0047002350117505871,163,0.0081499999999999993
regime_change,20000,kll,balanced_merge,128,101,257,20260913,0.01,-2.9321647248183265,-2.9964655330532235,0.064300808234897033,199,283,283,0.0042002100105005252,100,0.0050000000000000001
regime_change,20000,kll,balanced_merge,128,101,257,20260913,0.10000000000000001,-2.4283702986268065,-2.4165325302487011,0.011837768378105462,1999,1943,1943,0.00280014000700035,100,0.0050000000000000001
regime_change,20000,kll,balanced_merge,128,101,257,20260913,0.25,-1.9877160373070399,-2.0001219066508846,0.012405869343844689,4999,5090,5090,0.0045502275113755691,100,0.0050000000000000001
regime_change,20000,kll,balanced_merge,128,101,257,20260913,0.5,-0.78438310357452412,-0.51909894632882314,0.26528415724570098,9999,9924,9924,0.0037501875093754688,100,0.0050000000000000001
regime_change,20000,kll,balanced_merge,128,101,257,20260913,0.75,2.9869860507360215,2.9891420656643359,0.0021560149283144092,14999,14988,14988,0.00055002750137506877,100,0.0050000000000000001
regime_change,20000,kll,balanced_merge,128,101,257,20260913,0.90000000000000002,3.9734498144047774,4.0113231646777718,0.037873350272994433,17999,17898,17898,0.005050252512625631,100,0.0050000000000000001
regime_change,20000,kll,balanced_merge,128,101,257,20260913,0.98999999999999999,5.3173535847391955,5.5203054736623329,0.20295188892313742,19799,19705,19705,0.0047002350117505871,100,0.0050000000000000001
many_ties,20000,exact_median,exact,,,,,,0,0,0,,,,,20000,1
many_ties,20000,kll,sequential,32,11,,,0.01,-3,-3,0,199,0,1007,0,35,0.00175
many_ties,20000,kll,sequential,32,11,,,0.10000000000000001,-3,-1,2,1999,0,1007,0.049602480124006199,35,0.00175
many_ties,20000,kll,sequential,32,11,,,0.25,0,0,0,4999,3940,13975,0,35,0.00175
many_ties,20000,kll,sequential,32,11,,,0.5,0,0,0,9999,3940,13975,0,35,0.00175
many_ties,20000,kll,sequential,32,11,,,0.75,1,1,0,14999,13976,17935,0,35,0.00175
many_ties,20000,kll,sequential,32,11,,,0.90000000000000002,1,5,4,17999,13976,17935,0.0032001600080003999,35,0.00175
many_ties,20000,kll,sequential,32,11,,,0.98999999999999999,5,5,0,19799,17936,19999,0,35,0.00175
many_ties,20000,kll,balanced_merge,32,11,257,20260823,0.01,-3,-3,0,199,0,1007,0,68,0.0033999999999999998
many_ties,20000,kll,balanced_merge,32,11,257,20260823,0.10000000000000001,-1,-1,0,1999,1008,3939,0,68,0.0033999999999999998
many_ties,20000,kll,balanced_merge,32,11,257,20260823,0.25,0,0,0,4999,3940,13975,0,68,0.0033999999999999998
many_ties,20000,kll,balanced_merge,32,11,257,20260823,0.5,0,0,0,9999,3940,13975,0,68,0.0033999999999999998
many_ties,20000,kll,balanced_merge,32,11,257,20260823,0.75,1,1,0,14999,13976,17935,0,68,0.0033999999999999998
many_ties,20000,kll,balanced_merge,32,11,257,20260823,0.90000000000000002,5,5,0,17999,17936,19999,0,68,0.0033999999999999998
many_ties,20000,kll,balanced_merge,32,11,257,20260823,0.98999999999999999,5,5,0,19799,17936,19999,0,68,0.0033999999999999998
many_ties,20000,kll,sequential,32,29,,,0.01,-3,-3,0,199,0,1007,0,35,0.00175
many_ties,20000,kll,sequential,32,29,,,0.10000000000000001,-1,-1,0,1999,1008,3939,0,35,0.00175
many_ties,20000,kll,sequential,32,29,,,0.25,0,0,0,4999,3940,13975,0,35,0.00175
many_ties,20000,kll,sequential,32,29,,,0.5,0,0,0,9999,3940,13975,0,35,0.00175
many_ties,20000,kll,sequential,32,29,,,0.75,1,1,0,14999,13976,17935,0,35,0.00175
many_ties,20000,kll,sequential,32,29,,,0.90000000000000002,5,5,0,17999,17936,19999,0,35,0.00175
many_ties,20000,kll,sequential,32,29,,,0.98999999999999999,5,5,0,19799,17936,19999,0,35,0.00175
many_ties,20000,kll,balanced_merge,32,29,257,20260841,0.01,-3,-3,0,199,0,1007,0,68,0.0033999999999999998
many_ties,20000,kll,balanced_merge,32,29,257,20260841,0.10000000000000001,-1,-1,0,1999,1008,3939,0,68,0.0033999999999999998
many_ties,20000,kll,balanced_merge,32,29,257,20260841,0.25,0,0,0,4999,3940,13975,0,68,0.0033999999999999998
many_ties,20000,kll,balanced_merge,32,29,257,20260841,0.5,0,0,0,9999,3940,13975,0,68,0.0033999999999999998
many_ties,20000,kll,balanced_merge,32,29,257,20260841,0.75,1,1,0,14999,13976,17935,0,68,0.0033999999999999998
many_ties,20000,kll,balanced_merge,32,29,257,20260841,0.90000000000000002,5,5,0,17999,17936,19999,0,68,0.0033999999999999998
many_ties,20000,kll,balanced_merge,32,29,257,20260841,0.98999999999999999,5,5,0,19799,17936,19999,0,68,0.0033999999999999998
many_ties,20000,kll,sequential,32,47,,,0.01,-3,-3,0,199,0,1007,0,35,0.00175
many_ties,20000,kll,sequential,32,47,,,0.10000000000000001,-1,-1,0,1999,1008,3939,0,35,0.00175
many_ties,20000,kll,sequential,32,47,,,0.25,0,0,0,4999,3940,13975,0,35,0.00175
many_ties,20000,kll,sequential,32,47,,,0.5,0,0,0,9999,3940,13975,0,35,0.00175
many_ties,20000,kll,sequential,32,47,,,0.75,1,1,0,14999,13976,17935,0,35,0.00175
many_ties,20000,kll,sequential,32,47,,,0.90000000000000002,5,5,0,17999,17936,19999,0,35,0.00175
many_ties,20000,kll,sequential,32,47,,,0.98999999999999999,5,5,0,19799,17936,19999,0,35,0.00175
many_ties,20000,kll,balanced_merge,32,47,257,20260859,0.01,-3,-3,0,199,0,1007,0,68,0.0033999999999999998
many_ties,20000,kll,balanced_merge,32,47,257,20260859,0.10000000000000001,-1,-1,0,1999,1008,3939,0,68,0.0033999999999999998
many_ties,20000,kll,balanced_merge,32,47,257,20260859,0.25,0,0,0,4999,3940,13975,0,68,0.0033999999999999998
many_ties,20000,kll,balanced_merge,32,47,257,20260859,0.5,0,0,0,9999,3940,13975,0,68,0.0033999999999999998
many_ties,20000,kll,balanced_merge,32,47,257,20260859,0.75,1,1,0,14999,13976,17935,0,68,0.0033999999999999998
many_ties,20000,kll,balanced_merge,32,47,257,20260859,0.90000000000000002,1,5,4,17999,13976,17935,0.0032001600080003999,68,0.0033999999999999998
many_ties,20000,kll,balanced_merge,32,47,257,20260859,0.98999999999999999,5,5,0,19799,17936,19999,0,68,0.0033999999999999998
many_ties,20000,kll,sequential,32,83,,,0.01,-1,-3,2,199,1008,3939,0.04045202260113006,35,0.00175
many_ties,20000,kll,sequential,32,83,,,0.10000000000000001,-1,-1,0,1999,1008,3939,0,35,0.00175
many_ties,20000,kll,sequential,32,83,,,0.25,0,0,0,4999,3940,13975,0,35,0.00175
many_ties,20000,kll,sequential,32,83,,,0.5,0,0,0,9999,3940,13975,0,35,0.00175
many_ties,20000,kll,sequential,32,83,,,0.75,1,1,0,14999,13976,17935,0,35,0.00175
many_ties,20000,kll,sequential,32,83,,,0.90000000000000002,5,5,0,17999,17936,19999,0,35,0.00175
many_ties,20000,kll,sequential,32,83,,,0.98999999999999999,5,5,0,19799,17936,19999,0,35,0.00175
many_ties,20000,kll,balanced_merge,32,83,257,20260895,0.01,-3,-3,0,199,0,1007,0,68,0.0033999999999999998
many_ties,20000,kll,balanced_merge,32,83,257,20260895,0.10000000000000001,-1,-1,0,1999,1008,3939,0,68,0.0033999999999999998
many_ties,20000,kll,balanced_merge,32,83,257,20260895,0.25,0,0,0,4999,3940,13975,0,68,0.0033999999999999998
many_ties,20000,kll,balanced_merge,32,83,257,20260895,0.5,0,0,0,9999,3940,13975,0,68,0.0033999999999999998
many_ties,20000,kll,balanced_merge,32,83,257,20260895,0.75,1,1,0,14999,13976,17935,0,68,0.0033999999999999998
many_ties,20000,kll,balanced_merge,32,83,257,20260895,0.90000000000000002,5,5,0,17999,17936,19999,0,68,0.0033999999999999998
many_ties,20000,kll,balanced_merge,32,83,257,20260895,0.98999999999999999,5,5,0,19799,17936,19999,0,68,0.0033999999999999998
many_ties,20000,kll,sequential,32,101,,,0.01,-3,-3,0,199,0,1007,0,35,0.00175
many_ties,20000,kll,sequential,32,101,,,0.10000000000000001,-1,-1,0,1999,1008,3939,0,35,0.00175
many_ties,20000,kll,sequential,32,101,,,0.25,0,0,0,4999,3940,13975,0,35,0.00175
many_ties,20000,kll,sequential,32,101,,,0.5,0,0,0,9999,3940,13975,0,35,0.00175
many_ties,20000,kll,sequential,32,101,,,0.75,1,1,0,14999,13976,17935,0,35,0.00175
many_ties,20000,kll,sequential,32,101,,,0.90000000000000002,1,5,4,17999,13976,17935,0.0032001600080003999,35,0.00175
many_ties,20000,kll,sequential,32,101,,,0.98999999999999999,5,5,0,19799,17936,19999,0,35,0.00175
many_ties,20000,kll,balanced_merge,32,101,257,20260913,0.01,-3,-3,0,199,0,1007,0,68,0.0033999999999999998
many_ties,20000,kll,balanced_merge,32,101,257,20260913,0.10000000000000001,-1,-1,0,1999,1008,3939,0,68,0.0033999999999999998
many_ties,20000,kll,balanced_merge,32,101,257,20260913,0.25,0,0,0,4999,3940,13975,0,68,0.0033999999999999998
many_ties,20000,kll,balanced_merge,32,101,257,20260913,0.5,0,0,0,9999,3940,13975,0,68,0.0033999999999999998
many_ties,20000,kll,balanced_merge,32,101,257,20260913,0.75,1,1,0,14999,13976,17935,0,68,0.0033999999999999998
many_ties,20000,kll,balanced_merge,32,101,257,20260913,0.90000000000000002,1,5,4,17999,13976,17935,0.0032001600080003999,68,0.0033999999999999998
many_ties,20000,kll,balanced_merge,32,101,257,20260913,0.98999999999999999,5,5,0,19799,17936,19999,0,68,0.0033999999999999998
many_ties,20000,kll,sequential,64,11,,,0.01,-3,-3,0,199,0,1007,0,125,0.0062500000000000003
many_ties,20000,kll,sequential,64,11,,,0.10000000000000001,-1,-1,0,1999,1008,3939,0,125,0.0062500000000000003
many_ties,20000,kll,sequential,64,11,,,0.25,0,0,0,4999,3940,13975,0,125,0.0062500000000000003
many_ties,20000,kll,sequential,64,11,,,0.5,0,0,0,9999,3940,13975,0,125,0.0062500000000000003
many_ties,20000,kll,sequential,64,11,,,0.75,1,1,0,14999,13976,17935,0,125,0.0062500000000000003
many_ties,20000,kll,sequential,64,11,,,0.90000000000000002,1,5,4,17999,13976,17935,0.0032001600080003999,125,0.0062500000000000003
many_ties,20000,kll,sequential,64,11,,,0.98999999999999999,5,5,0,19799,17936,19999,0,125,0.0062500000000000003
many_ties,20000,kll,balanced_merge,64,11,257,20260823,0.01,-3,-3,0,199,0,1007,0,105,0.0052500000000000003
many_ties,20000,kll,balanced_merge,64,11,257,20260823,0.10000000000000001,-1,-1,0,1999,1008,3939,0,105,0.0052500000000000003
many_ties,20000,kll,balanced_merge,64,11,257,20260823,0.25,0,0,0,4999,3940,13975,0,105,0.0052500000000000003
many_ties,20000,kll,balanced_merge,64,11,257,20260823,0.5,0,0,0,9999,3940,13975,0,105,0.0052500000000000003
many_ties,20000,kll,balanced_merge,64,11,257,20260823,0.75,1,1,0,14999,13976,17935,0,105,0.0052500000000000003
many_ties,20000,kll,balanced_merge,64,11,257,20260823,0.90000000000000002,5,5,0,17999,17936,19999,0,105,0.0052500000000000003
many_ties,20000,kll,balanced_merge,64,11,257,20260823,0.98999999999999999,5,5,0,19799,17936,19999,0,105,0.0052500000000000003
many_ties,20000,kll,sequential,64,29,,,0.01,-3,-3,0,199,0,1007,0,125,0.0062500000000000003
many_ties,20000,kll,sequential,64,29,,,0.10000000000000001,-1,-1,0,1999,1008,3939,0,125,0.0062500000000000003
many_ties,20000,kll,sequential,64,29,,,0.25,0,0,0,4999,3940,13975,0,125,0.0062500000000000003
many_ties,20000,kll,sequential,64,29,,,0.5,0,0,0,9999,3940,13975,0,125,0.0062500000000000003
many_ties,20000,kll,sequential,64,29,,,0.75,1,1,0,14999,13976,17935,0,125,0.0062500000000000003
many_ties,20000,kll,sequential,64,29,,,0.90000000000000002,5,5,0,17999,17936,19999,0,125,0.0062500000000000003
many_ties,20000,kll,sequential,64,29,,,0.98999999999999999,5,5,0,19799,17936,19999,0,125,0.0062500000000000003
many_ties,20000,kll,balanced_merge,64,29,257,20260841,0.01,-3,-3,0,199,0,1007,0,105,0.0052500000000000003
many_ties,20000,kll,balanced_merge,64,29,257,20260841,0.10000000000000001,-1,-1,0,1999,1008,3939,0,105,0.0052500000000000003
many_ties,20000,kll,balanced_merge,64,29,257,20260841,0.25,0,0,0,4999,3940,13975,0,105,0.0052500000000000003
many_ties,20000,kll,balanced_merge,64,29,257,20260841,0.5,0,0,0,9999,3940,13975,0,105,0.0052500000000000003
many_ties,20000,kll,balanced_merge,64,29,257,20260841,0.75,1,1,0,14999,13976,17935,0,105,0.0052500000000000003
many_ties,20000,kll,balanced_merge,64,29,257,20260841,0.90000000000000002,5,5,0,17999,17936,19999,0,105,0.0052500000000000003
many_ties,20000,kll,balanced_merge,64,29,257,20260841,0.98999999999999999,5,5,0,19799,17936,19999,0,105,0.0052500000000000003
many_ties,20000,kll,sequential,64,47,,,0.01,-3,-3,0,199,0,1007,0,125,0.0062500000000000003
many_ties,20000,kll,sequential,64,47,,,0.10000000000000001,-1,-1,0,1999,1008,3939,0,125,0.0062500000000000003
many_ties,20000,kll,sequential,64,47,,,0.25,0,0,0,4999,3940,13975,0,125,0.0062500000000000003
many_ties,20000,kll,sequential,64,47,,,0.5,0,0,0,9999,3940,13975,0,125,0.0062500000000000003
many_ties,20000,kll,sequential,64,47,,,0.75,1,1,0,14999,13976,17935,0,125,0.0062500000000000003
many_ties,20000,kll,sequential,64,47,,,0.90000000000000002,5,5,0,17999,17936,19999,0,125,0.0062500000000000003
many_ties,20000,kll,sequential,64,47,,,0.98999999999999999,5,5,0,19799,17936,19999,0,125,0.0062500000000000003
many_ties,20000,kll,balanced_merge,64,47,257,20260859,0.01,-3,-3,0,199,0,1007,0,105,0.0052500000000000003
many_ties,20000,kll,balanced_merge,64,47,257,20260859,0.10000000000000001,-1,-1,0,1999,1008,3939,0,105,0.0052500000000000003
many_ties,20000,kll,balanced_merge,64,47,257,20260859,0.25,0,0,0,4999,3940,13975,0,105,0.0052500000000000003
many_ties,20000,kll,balanced_merge,64,47,257,20260859,0.5,0,0,0,9999,3940,13975,0,105,0.0052500000000000003
many_ties,20000,kll,balanced_merge,64,47,257,20260859,0.75,1,1,0,14999,13976,17935,0,105,0.0052500000000000003
many_ties,20000,kll,balanced_merge,64,47,257,20260859,0.90000000000000002,1,5,4,17999,13976,17935,0.0032001600080003999,105,0.0052500000000000003
many_ties,20000,kll,balanced_merge,64,47,257,20260859,0.98999999999999999,5,5,0,19799,17936,19999,0,105,0.0052500000000000003
many_ties,20000,kll,sequential,64,83,,,0.01,-3,-3,0,199,0,1007,0,125,0.0062500000000000003
many_ties,20000,kll,sequential,64,83,,,0.10000000000000001,-1,-1,0,1999,1008,3939,0,125,0.0062500000000000003
many_ties,20000,kll,sequential,64,83,,,0.25,0,0,0,4999,3940,13975,0,125,0.0062500000000000003
many_ties,20000,kll,sequential,64,83,,,0.5,0,0,0,9999,3940,13975,0,125,0.0062500000000000003
many_ties,20000,kll,sequential,64,83,,,0.75,1,1,0,14999,13976,17935,0,125,0.0062500000000000003
many_ties,20000,kll,sequential,64,83,,,0.90000000000000002,5,5,0,17999,17936,19999,0,125,0.0062500000000000003
many_ties,20000,kll,sequential,64,83,,,0.98999999999999999,5,5,0,19799,17936,19999,0,125,0.0062500000000000003
many_ties,20000,kll,balanced_merge,64,83,257,20260895,0.01,-3,-3,0,199,0,1007,0,105,0.0052500000000000003
many_ties,20000,kll,balanced_merge,64,83,257,20260895,0.10000000000000001,-1,-1,0,1999,1008,3939,0,105,0.0052500000000000003
many_ties,20000,kll,balanced_merge,64,83,257,20260895,0.25,0,0,0,4999,3940,13975,0,105,0.0052500000000000003
many_ties,20000,kll,balanced_merge,64,83,257,20260895,0.5,0,0,0,9999,3940,13975,0,105,0.0052500000000000003
many_ties,20000,kll,balanced_merge,64,83,257,20260895,0.75,1,1,0,14999,13976,17935,0,105,0.0052500000000000003
many_ties,20000,kll,balanced_merge,64,83,257,20260895,0.90000000000000002,5,5,0,17999,17936,19999,0,105,0.0052500000000000003
many_ties,20000,kll,balanced_merge,64,83,257,20260895,0.98999999999999999,5,5,0,19799,17936,19999,0,105,0.0052500000000000003
many_ties,20000,kll,sequential,64,101,,,0.01,-3,-3,0,199,0,1007,0,125,0.0062500000000000003
many_ties,20000,kll,sequential,64,101,,,0.10000000000000001,-1,-1,0,1999,1008,3939,0,125,0.0062500000000000003
many_ties,20000,kll,sequential,64,101,,,0.25,0,0,0,4999,3940,13975,0,125,0.0062500000000000003
many_ties,20000,kll,sequential,64,101,,,0.5,0,0,0,9999,3940,13975,0,125,0.0062500000000000003
many_ties,20000,kll,sequential,64,101,,,0.75,1,1,0,14999,13976,17935,0,125,0.0062500000000000003
many_ties,20000,kll,sequential,64,101,,,0.90000000000000002,5,5,0,17999,17936,19999,0,125,0.0062500000000000003
many_ties,20000,kll,sequential,64,101,,,0.98999999999999999,5,5,0,19799,17936,19999,0,125,0.0062500000000000003
many_ties,20000,kll,balanced_merge,64,101,257,20260913,0.01,-3,-3,0,199,0,1007,0,105,0.0052500000000000003
many_ties,20000,kll,balanced_merge,64,101,257,20260913,0.10000000000000001,-1,-1,0,1999,1008,3939,0,105,0.0052500000000000003
many_ties,20000,kll,balanced_merge,64,101,257,20260913,0.25,0,0,0,4999,3940,13975,0,105,0.0052500000000000003
many_ties,20000,kll,balanced_merge,64,101,257,20260913,0.5,0,0,0,9999,3940,13975,0,105,0.0052500000000000003
many_ties,20000,kll,balanced_merge,64,101,257,20260913,0.75,1,1,0,14999,13976,17935,0,105,0.0052500000000000003
many_ties,20000,kll,balanced_merge,64,101,257,20260913,0.90000000000000002,5,5,0,17999,17936,19999,0,105,0.0052500000000000003
many_ties,20000,kll,balanced_merge,64,101,257,20260913,0.98999999999999999,5,5,0,19799,17936,19999,0,105,0.0052500000000000003
many_ties,20000,kll,sequential,128,11,,,0.01,-3,-3,0,199,0,1007,0,163,0.0081499999999999993
many_ties,20000,kll,sequential,128,11,,,0.10000000000000001,-1,-1,0,1999,1008,3939,0,163,0.0081499999999999993
many_ties,20000,kll,sequential,128,11,,,0.25,0,0,0,4999,3940,13975,0,163,0.0081499999999999993
many_ties,20000,kll,sequential,128,11,,,0.5,0,0,0,9999,3940,13975,0,163,0.0081499999999999993
many_ties,20000,kll,sequential,128,11,,,0.75,1,1,0,14999,13976,17935,0,163,0.0081499999999999993
many_ties,20000,kll,sequential,128,11,,,0.90000000000000002,1,5,4,17999,13976,17935,0.0032001600080003999,163,0.0081499999999999993
many_ties,20000,kll,sequential,128,11,,,0.98999999999999999,5,5,0,19799,17936,19999,0,163,0.0081499999999999993
many_ties,20000,kll,balanced_merge,128,11,257,20260823,0.01,-3,-3,0,199,0,1007,0,100,0.0050000000000000001
many_ties,20000,kll,balanced_merge,128,11,257,20260823,0.10000000000000001,-1,-1,0,1999,1008,3939,0,100,0.0050000000000000001
many_ties,20000,kll,balanced_merge,128,11,257,20260823,0.25,0,0,0,4999,3940,13975,0,100,0.0050000000000000001
many_ties,20000,kll,balanced_merge,128,11,257,20260823,0.5,0,0,0,9999,3940,13975,0,100,0.0050000000000000001
many_ties,20000,kll,balanced_merge,128,11,257,20260823,0.75,1,1,0,14999,13976,17935,0,100,0.0050000000000000001
many_ties,20000,kll,balanced_merge,128,11,257,20260823,0.90000000000000002,5,5,0,17999,17936,19999,0,100,0.0050000000000000001
many_ties,20000,kll,balanced_merge,128,11,257,20260823,0.98999999999999999,5,5,0,19799,17936,19999,0,100,0.0050000000000000001
many_ties,20000,kll,sequential,128,29,,,0.01,-3,-3,0,199,0,1007,0,163,0.0081499999999999993
many_ties,20000,kll,sequential,128,29,,,0.10000000000000001,-1,-1,0,1999,1008,3939,0,163,0.0081499999999999993
many_ties,20000,kll,sequential,128,29,,,0.25,0,0,0,4999,3940,13975,0,163,0.0081499999999999993
many_ties,20000,kll,sequential,128,29,,,0.5,0,0,0,9999,3940,13975,0,163,0.0081499999999999993
many_ties,20000,kll,sequential,128,29,,,0.75,1,1,0,14999,13976,17935,0,163,0.0081499999999999993
many_ties,20000,kll,sequential,128,29,,,0.90000000000000002,5,5,0,17999,17936,19999,0,163,0.0081499999999999993
many_ties,20000,kll,sequential,128,29,,,0.98999999999999999,5,5,0,19799,17936,19999,0,163,0.0081499999999999993
many_ties,20000,kll,balanced_merge,128,29,257,20260841,0.01,-3,-3,0,199,0,1007,0,100,0.0050000000000000001
many_ties,20000,kll,balanced_merge,128,29,257,20260841,0.10000000000000001,-1,-1,0,1999,1008,3939,0,100,0.0050000000000000001
many_ties,20000,kll,balanced_merge,128,29,257,20260841,0.25,0,0,0,4999,3940,13975,0,100,0.0050000000000000001
many_ties,20000,kll,balanced_merge,128,29,257,20260841,0.5,0,0,0,9999,3940,13975,0,100,0.0050000000000000001
many_ties,20000,kll,balanced_merge,128,29,257,20260841,0.75,1,1,0,14999,13976,17935,0,100,0.0050000000000000001
many_ties,20000,kll,balanced_merge,128,29,257,20260841,0.90000000000000002,5,5,0,17999,17936,19999,0,100,0.0050000000000000001
many_ties,20000,kll,balanced_merge,128,29,257,20260841,0.98999999999999999,5,5,0,19799,17936,19999,0,100,0.0050000000000000001
many_ties,20000,kll,sequential,128,47,,,0.01,-3,-3,0,199,0,1007,0,163,0.0081499999999999993
many_ties,20000,kll,sequential,128,47,,,0.10000000000000001,-1,-1,0,1999,1008,3939,0,163,0.0081499999999999993
many_ties,20000,kll,sequential,128,47,,,0.25,0,0,0,4999,3940,13975,0,163,0.0081499999999999993
many_ties,20000,kll,sequential,128,47,,,0.5,0,0,0,9999,3940,13975,0,163,0.0081499999999999993
many_ties,20000,kll,sequential,128,47,,,0.75,1,1,0,14999,13976,17935,0,163,0.0081499999999999993
many_ties,20000,kll,sequential,128,47,,,0.90000000000000002,5,5,0,17999,17936,19999,0,163,0.0081499999999999993
many_ties,20000,kll,sequential,128,47,,,0.98999999999999999,5,5,0,19799,17936,19999,0,163,0.0081499999999999993
many_ties,20000,kll,balanced_merge,128,47,257,20260859,0.01,-3,-3,0,199,0,1007,0,100,0.0050000000000000001
many_ties,20000,kll,balanced_merge,128,47,257,20260859,0.10000000000000001,-1,-1,0,1999,1008,3939,0,100,0.0050000000000000001
many_ties,20000,kll,balanced_merge,128,47,257,20260859,0.25,0,0,0,4999,3940,13975,0,100,0.0050000000000000001
many_ties,20000,kll,balanced_merge,128,47,257,20260859,0.5,0,0,0,9999,3940,13975,0,100,0.0050000000000000001
many_ties,20000,kll,balanced_merge,128,47,257,20260859,0.75,1,1,0,14999,13976,17935,0,100,0.0050000000000000001
many_ties,20000,kll,balanced_merge,128,47,257,20260859,0.90000000000000002,5,5,0,17999,17936,19999,0,100,0.0050000000000000001
many_ties,20000,kll,balanced_merge,128,47,257,20260859,0.98999999999999999,5,5,0,19799,17936,19999,0,100,0.0050000000000000001
many_ties,20000,kll,sequential,128,83,,,0.01,-3,-3,0,199,0,1007,0,163,0.0081499999999999993
many_ties,20000,kll,sequential,128,83,,,0.10000000000000001,-1,-1,0,1999,1008,3939,0,163,0.0081499999999999993
many_ties,20000,kll,sequential,128,83,,,0.25,0,0,0,4999,3940,13975,0,163,0.0081499999999999993
many_ties,20000,kll,sequential,128,83,,,0.5,0,0,0,9999,3940,13975,0,163,0.0081499999999999993
many_ties,20000,kll,sequential,128,83,,,0.75,1,1,0,14999,13976,17935,0,163,0.0081499999999999993
many_ties,20000,kll,sequential,128,83,,,0.90000000000000002,1,5,4,17999,13976,17935,0.0032001600080003999,163,0.0081499999999999993
many_ties,20000,kll,sequential,128,83,,,0.98999999999999999,5,5,0,19799,17936,19999,0,163,0.0081499999999999993
many_ties,20000,kll,balanced_merge,128,83,257,20260895,0.01,-3,-3,0,199,0,1007,0,100,0.0050000000000000001
many_ties,20000,kll,balanced_merge,128,83,257,20260895,0.10000000000000001,-1,-1,0,1999,1008,3939,0,100,0.0050000000000000001
many_ties,20000,kll,balanced_merge,128,83,257,20260895,0.25,0,0,0,4999,3940,13975,0,100,0.0050000000000000001
many_ties,20000,kll,balanced_merge,128,83,257,20260895,0.5,0,0,0,9999,3940,13975,0,100,0.0050000000000000001
many_ties,20000,kll,balanced_merge,128,83,257,20260895,0.75,1,1,0,14999,13976,17935,0,100,0.0050000000000000001
many_ties,20000,kll,balanced_merge,128,83,257,20260895,0.90000000000000002,1,5,4,17999,13976,17935,0.0032001600080003999,100,0.0050000000000000001
many_ties,20000,kll,balanced_merge,128,83,257,20260895,0.98999999999999999,5,5,0,19799,17936,19999,0,100,0.0050000000000000001
many_ties,20000,kll,sequential,128,101,,,0.01,-3,-3,0,199,0,1007,0,163,0.0081499999999999993
many_ties,20000,kll,sequential,128,101,,,0.10000000000000001,-1,-1,0,1999,1008,3939,0,163,0.0081499999999999993
many_ties,20000,kll,sequential,128,101,,,0.25,0,0,0,4999,3940,13975,0,163,0.0081499999999999993
many_ties,20000,kll,sequential,128,101,,,0.5,0,0,0,9999,3940,13975,0,163,0.0081499999999999993
many_ties,20000,kll,sequential,128,101,,,0.75,1,1,0,14999,13976,17935,0,163,0.0081499999999999993
many_ties,20000,kll,sequential,128,101,,,0.90000000000000002,1,5,4,17999,13976,17935,0.0032001600080003999,163,0.0081499999999999993
many_ties,20000,kll,sequential,128,101,,,0.98999999999999999,5,5,0,19799,17936,19999,0,163,0.0081499999999999993
many_ties,20000,kll,balanced_merge,128,101,257,20260913,0.01,-3,-3,0,199,0,1007,0,100,0.0050000000000000001
many_ties,20000,kll,balanced_merge,128,101,257,20260913,0.10000000000000001,-1,-1,0,1999,1008,3939,0,100,0.0050000000000000001
many_ties,20000,kll,balanced_merge,128,101,257,20260913,0.25,0,0,0,4999,3940,13975,0,100,0.0050000000000000001
many_ties,20000,kll,balanced_merge,128,101,257,20260913,0.5,0,0,0,9999,3940,13975,0,100,0.0050000000000000001
many_ties,20000,kll,balanced_merge,128,101,257,20260913,0.75,1,1,0,14999,13976,17935,0,100,0.0050000000000000001
many_ties,20000,kll,balanced_merge,128,101,257,20260913,0.90000000000000002,5,5,0,17999,17936,19999,0,100,0.0050000000000000001
many_ties,20000,kll,balanced_merge,128,101,257,20260913,0.98999999999999999,5,5,0,19799,17936,19999,0,100,0.0050000000000000001
